ISO-10303-21;
HEADER;
FILE_DESCRIPTION (( 'STEP AP214' ),
    '1' );
FILE_NAME ('FH34SRJ-10S-0.5SH(99).STEP',
    '2024-10-04T15:30:29',
    ( '' ),
    ( '' ),
    'SwSTEP 2.0',
    'SolidWorks 2023',
    '' );
FILE_SCHEMA (( 'AUTOMOTIVE_DESIGN' ));
ENDSEC;

DATA;
#1 = DIRECTION ( 'NONE',  ( 2.289834988289389802E-16, -0.000000000000000000, 1.000000000000000000 ) ) ;
#2 = DIRECTION ( 'NONE',  ( 0.2163711612039582177, 0.9520331092974136933, 0.2163711612039584120 ) ) ;
#3 = DIRECTION ( 'NONE',  ( 2.804146475863970139E-32, 1.000000000000000000, -1.065228634467009955E-16 ) ) ;
#4 = DIRECTION ( 'NONE',  ( 5.243344273594270410E-32, -1.000000000000000000, 2.289834988289389802E-16 ) ) ;
#5 = CARTESIAN_POINT ( 'NONE',  ( 1.675000000000000044, 0.9999999999999988898, 0.07866077735406347415 ) ) ;
#6 = VECTOR ( 'NONE', #6722, 1000.000000000000000 ) ;
#7 = VERTEX_POINT ( 'NONE', #7817 ) ;
#8 = LINE ( 'NONE', #2615, #1125 ) ;
#9 = DIRECTION ( 'NONE',  ( 0.000000000000000000, -2.289834988289389802E-16, -1.000000000000000000 ) ) ;
#10 = FACE_OUTER_BOUND ( 'NONE', #5404, .T. ) ;
#11 = PLANE ( 'NONE',  #1695 ) ;
#12 = ORIENTED_EDGE ( 'NONE', *, *, #1206, .T. ) ;
#13 = EDGE_CURVE ( 'NONE', #3374, #1701, #764, .T. ) ;
#14 = CARTESIAN_POINT ( 'NONE',  ( -0.1749999999999979905, 1.249999999999988676, 3.895574545812828652E-16 ) ) ;
#15 = CARTESIAN_POINT ( 'NONE',  ( 0.3250000000000020095, 1.350000000000000089, 0.1599999999999988376 ) ) ;
#16 = CARTESIAN_POINT ( 'NONE',  ( -2.952500000000000124, -1.899999999999999911, 1.050000000000000044 ) ) ;
#17 = ORIENTED_EDGE ( 'NONE', *, *, #79, .F. ) ;
#18 = CARTESIAN_POINT ( 'NONE',  ( -2.174999999999999822, 0.9999999999999988898, 0.1705002310154649925 ) ) ;
#19 = CARTESIAN_POINT ( 'NONE',  ( 3.245000000000000107, 1.899999999999999911, 0.9149999999999980371 ) ) ;
#20 = ADVANCED_FACE ( 'NONE', ( #3367 ), #7859, .T. ) ;
#21 = ORIENTED_EDGE ( 'NONE', *, *, #6606, .T. ) ;
#22 = EDGE_CURVE ( 'NONE', #1201, #4105, #5825, .T. ) ;
#23 = ORIENTED_EDGE ( 'NONE', *, *, #3914, .T. ) ;
#24 = VECTOR ( 'NONE', #3007, 1000.000000000000000 ) ;
#25 = ORIENTED_EDGE ( 'NONE', *, *, #5890, .T. ) ;
#26 = CARTESIAN_POINT ( 'NONE',  ( -1.074999999999999956, 0.8499999999999999778, 0.05499999999999920230 ) ) ;
#27 = EDGE_CURVE ( 'NONE', #6632, #196, #4705, .T. ) ;
#28 = DIRECTION ( 'NONE',  ( 0.000000000000000000, 0.000000000000000000, 1.000000000000000000 ) ) ;
#29 = PLANE ( 'NONE',  #7642 ) ;
#30 = VERTEX_POINT ( 'NONE', #177 ) ;
#31 = EDGE_CURVE ( 'NONE', #2986, #5339, #7189, .T. ) ;
#32 = VERTEX_POINT ( 'NONE', #4577 ) ;
#33 = ORIENTED_EDGE ( 'NONE', *, *, #4529, .F. ) ;
#34 = DIRECTION ( 'NONE',  ( -0.2163711612039610210, 0.9520331092974131382, 0.2163711612039582455 ) ) ;
#35 = DIRECTION ( 'NONE',  ( -0.000000000000000000, -1.065228634467009955E-16, -1.000000000000000000 ) ) ;
#36 = VECTOR ( 'NONE', #4557, 1000.000000000000000 ) ;
#37 = ORIENTED_EDGE ( 'NONE', *, *, #6718, .T. ) ;
#38 = DIRECTION ( 'NONE',  ( -0.000000000000000000, -1.065228634467009955E-16, -1.000000000000000000 ) ) ;
#39 = DIRECTION ( 'NONE',  ( 2.749265917143365229E-63, 1.000000000000000000, 1.200639317332289951E-47 ) ) ;
#40 = DIRECTION ( 'NONE',  ( 0.000000000000000000, 0.7071067811865980879, 0.7071067811864969466 ) ) ;
#41 = DIRECTION ( 'NONE',  ( -1.000000000000000000, 5.243344273594249610E-32, 2.289834988289389802E-16 ) ) ;
#42 = LINE ( 'NONE', #7751, #7637 ) ;
#43 = ORIENTED_EDGE ( 'NONE', *, *, #7984, .T. ) ;
#44 = AXIS2_PLACEMENT_3D ( 'NONE', #1775, #4989, #5533 ) ;
#45 = CARTESIAN_POINT ( 'NONE',  ( 0.4500000000000016764, 0.6999999999999990674, 0.02999999999999847580 ) ) ;
#46 = DIRECTION ( 'NONE',  ( 5.326143172335039299E-17, -1.000000000000000000, 5.326143172335107092E-17 ) ) ;
#47 = DIRECTION ( 'NONE',  ( -1.000000000000000000, 2.804146475863970139E-32, -2.987057121330055487E-48 ) ) ;
#48 = CARTESIAN_POINT ( 'NONE',  ( 1.824999999999999956, 0.9999999999999988898, 0.1705002310154639933 ) ) ;
#49 = VECTOR ( 'NONE', #6637, 1000.000000000000000 ) ;
#50 = VERTEX_POINT ( 'NONE', #4043 ) ;
#51 = DIRECTION ( 'NONE',  ( 1.000000000000000000, -5.243344273594249610E-32, -2.289834988289389802E-16 ) ) ;
#52 = CARTESIAN_POINT ( 'NONE',  ( -0.8249999999999979572, 1.350000000000000089, 0.1599999999999993650 ) ) ;
#53 = CARTESIAN_POINT ( 'NONE',  ( -47.10249999999999915, 0.6999999999999990674, 0.03000000000000963007 ) ) ;
#54 = VECTOR ( 'NONE', #8041, 1000.000000000000000 ) ;
#55 = LINE ( 'NONE', #1392, #7828 ) ;
#56 = DIRECTION ( 'NONE',  ( 0.000000000000000000, 0.7071067811865980879, 0.7071067811864969466 ) ) ;
#57 = CARTESIAN_POINT ( 'NONE',  ( 3.115000000000000213, -1.899999999999999911, 0.3752009999999990075 ) ) ;
#58 = AXIS2_PLACEMENT_3D ( 'NONE', #4517, #5839, #2643 ) ;
#59 = VERTEX_POINT ( 'NONE', #6611 ) ;
#60 = EDGE_LOOP ( 'NONE', ( #2551, #5008, #3188, #1230 ) ) ;
#61 = EDGE_LOOP ( 'NONE', ( #4897, #2212, #4625, #6627 ) ) ;
#62 = ADVANCED_FACE ( 'NONE', ( #6565 ), #7150, .T. ) ;
#63 = LINE ( 'NONE', #4009, #878 ) ;
#64 = CIRCLE ( 'NONE', #7532, 0.05000000000000430489 ) ;
#65 = AXIS2_PLACEMENT_3D ( 'NONE', #4867, #7273, #7311 ) ;
#66 = EDGE_CURVE ( 'NONE', #6506, #7840, #64, .T. ) ;
#67 = DIRECTION ( 'NONE',  ( 0.000000000000000000, 0.7071067811865980879, 0.7071067811864969466 ) ) ;
#68 = AXIS2_PLACEMENT_3D ( 'NONE', #2157, #2025, #4664 ) ;
#69 = CARTESIAN_POINT ( 'NONE',  ( -3.500000000000000000, 0.6948629999999990092, 0.8416139999999999732 ) ) ;
#70 = ORIENTED_EDGE ( 'NONE', *, *, #8236, .F. ) ;
#71 = ORIENTED_EDGE ( 'NONE', *, *, #5012, .F. ) ;
#72 = VECTOR ( 'NONE', #575, 1000.000000000000000 ) ;
#73 = ORIENTED_EDGE ( 'NONE', *, *, #6211, .T. ) ;
#74 = ADVANCED_FACE ( 'NONE', ( #2666 ), #7232, .T. ) ;
#75 = CARTESIAN_POINT ( 'NONE',  ( -0.3374999999999980238, 0.9999999999999988898, 0.07999999999999900246 ) ) ;
#76 = EDGE_CURVE ( 'NONE', #2402, #2761, #7102, .T. ) ;
#77 = FACE_OUTER_BOUND ( 'NONE', #5576, .T. ) ;
#78 = VECTOR ( 'NONE', #5157, 1000.000000000000000 ) ;
#79 = EDGE_CURVE ( 'NONE', #1485, #4946, #7690, .T. ) ;
#80 = AXIS2_PLACEMENT_3D ( 'NONE', #7146, #3364, #1241 ) ;
#81 = ORIENTED_EDGE ( 'NONE', *, *, #8038, .F. ) ;
#82 = CARTESIAN_POINT ( 'NONE',  ( -3.265000000000000124, -1.000000000000000000, 0.8199999999999999512 ) ) ;
#83 = CARTESIAN_POINT ( 'NONE',  ( 2.325000000000000178, 1.349999999999999867, 0.3099999999999978328 ) ) ;
#84 = FACE_OUTER_BOUND ( 'NONE', #7335, .T. ) ;
#85 = EDGE_CURVE ( 'NONE', #2973, #1362, #337, .T. ) ;
#86 = CARTESIAN_POINT ( 'NONE',  ( 1.675000000000000044, 0.9431866336109966387, 0.06541154699933775241 ) ) ;
#87 = AXIS2_PLACEMENT_3D ( 'NONE', #2016, #7096, #3838 ) ;
#88 = ORIENTED_EDGE ( 'NONE', *, *, #6589, .F. ) ;
#89 = CARTESIAN_POINT ( 'NONE',  ( -3.265000000000000124, -1.749999999999992895, 0.4200000000000000400 ) ) ;
#90 = DIRECTION ( 'NONE',  ( 0.000000000000000000, 2.289834988289389802E-16, 1.000000000000000000 ) ) ;
#91 = CARTESIAN_POINT ( 'NONE',  ( -2.174999999999999822, 0.9999999999999988898, 0.3099999999999979994 ) ) ;
#92 = CARTESIAN_POINT ( 'NONE',  ( 1.350000000000000089, 1.350000000000000089, 0.3099999999999980549 ) ) ;
#93 = ORIENTED_EDGE ( 'NONE', *, *, #7995, .T. ) ;
#94 =( NAMED_UNIT ( * ) SI_UNIT ( $, .STERADIAN. ) SOLID_ANGLE_UNIT ( ) );
#95 = LINE ( 'NONE', #7687, #1273 ) ;
#96 = DIRECTION ( 'NONE',  ( -1.000000000000000000, -5.064598682745559595E-17, 2.171725397418661469E-16 ) ) ;
#97 = DIRECTION ( 'NONE',  ( -2.289834988289389802E-16, 0.000000000000000000, -1.000000000000000000 ) ) ;
#98 = CARTESIAN_POINT ( 'NONE',  ( 2.450000000000000622, 0.6999999999999998446, 0.02999999999999816702 ) ) ;
#99 = PLANE ( 'NONE',  #1389 ) ;
#100 = DIRECTION ( 'NONE',  ( -1.000000000000000000, 5.243344273594249610E-32, 0.000000000000000000 ) ) ;
#101 = ORIENTED_EDGE ( 'NONE', *, *, #477, .F. ) ;
#102 = FACE_OUTER_BOUND ( 'NONE', #641, .T. ) ;
#103 = ORIENTED_EDGE ( 'NONE', *, *, #7377, .F. ) ;
#104 = VERTEX_POINT ( 'NONE', #98 ) ;
#105 = LINE ( 'NONE', #5124, #2088 ) ;
#106 = VECTOR ( 'NONE', #7486, 1000.000000000000000 ) ;
#107 = VERTEX_POINT ( 'NONE', #2063 ) ;
#108 = LINE ( 'NONE', #5375, #2728 ) ;
#109 = ORIENTED_EDGE ( 'NONE', *, *, #7261, .F. ) ;
#110 = ORIENTED_EDGE ( 'NONE', *, *, #4719, .F. ) ;
#111 = VERTEX_POINT ( 'NONE', #5945 ) ;
#112 = ADVANCED_FACE ( 'NONE', ( #2785 ), #4619, .F. ) ;
#113 = DIRECTION ( 'NONE',  ( 1.000000000000000000, -0.000000000000000000, -2.289834988289389802E-16 ) ) ;
#114 = CARTESIAN_POINT ( 'NONE',  ( 3.115000000000000213, -1.099999999999997868, 0.06782713613135607500 ) ) ;
#115 = EDGE_CURVE ( 'NONE', #4153, #1751, #3841, .T. ) ;
#116 = EDGE_CURVE ( 'NONE', #5996, #6989, #3049, .T. ) ;
#117 = ORIENTED_EDGE ( 'NONE', *, *, #4948, .F. ) ;
#118 = FACE_OUTER_BOUND ( 'NONE', #1570, .T. ) ;
#119 = CARTESIAN_POINT ( 'NONE',  ( 3.265000000000000124, -1.550000000000000266, -1.998401444325280195E-15 ) ) ;
#120 = EDGE_CURVE ( 'NONE', #6328, #2661, #5413, .T. ) ;
#121 = DIRECTION ( 'NONE',  ( -2.289834988289389802E-16, 0.000000000000000000, -1.000000000000000000 ) ) ;
#122 = DIRECTION ( 'NONE',  ( 5.243344273594249610E-32, 1.000000000000000000, -1.200639317332292868E-47 ) ) ;
#123 = ORIENTED_EDGE ( 'NONE', *, *, #7105, .T. ) ;
#124 = CARTESIAN_POINT ( 'NONE',  ( 1.324999999999999956, 0.9199999999999866063, 0.03619548911246059375 ) ) ;
#125 = ADVANCED_FACE ( 'NONE', ( #7949 ), #2962, .T. ) ;
#126 = CARTESIAN_POINT ( 'NONE',  ( -3.265000000000000124, -1.147779969318960092, 0.01787644580804709921 ) ) ;
#127 = CARTESIAN_POINT ( 'NONE',  ( -1.824999999999999956, 0.9999999999999988898, 0.3099999999999988320 ) ) ;
#128 = DIRECTION ( 'NONE',  ( -2.804146475863970139E-32, -1.000000000000000000, 1.065228634467009955E-16 ) ) ;
#129 = VERTEX_POINT ( 'NONE', #6028 ) ;
#130 = LINE ( 'NONE', #3952, #5762 ) ;
#131 = LINE ( 'NONE', #801, #7533 ) ;
#132 = CARTESIAN_POINT ( 'NONE',  ( 1.324999999999999956, 0.9999999999999988898, 0.07866077735406362681 ) ) ;
#133 = DIRECTION ( 'NONE',  ( -2.439197797730288502E-32, 1.000000000000000000, -1.065228634467009955E-16 ) ) ;
#134 = LINE ( 'NONE', #176, #1715 ) ;
#135 = CARTESIAN_POINT ( 'NONE',  ( -3.115000000000000213, -1.464196000000000053, 0.5200000000000000178 ) ) ;
#136 = DIRECTION ( 'NONE',  ( 5.326143172335032520E-17, -1.000000000000000000, 5.326143172335032520E-17 ) ) ;
#137 = CARTESIAN_POINT ( 'NONE',  ( 1.175000000000000044, 1.673724317761259961, 0.3099999999999980549 ) ) ;
#138 = VERTEX_POINT ( 'NONE', #2330 ) ;
#139 = DIRECTION ( 'NONE',  ( 1.000000000000000000, 0.000000000000000000, -2.289834988289389802E-16 ) ) ;
#140 = VERTEX_POINT ( 'NONE', #2249 ) ;
#141 = VERTEX_POINT ( 'NONE', #7358 ) ;
#142 = DIRECTION ( 'NONE',  ( -1.831867990631509672E-16, -0.5999999999999999778, -0.8000000000000000444 ) ) ;
#143 = CIRCLE ( 'NONE', #1625, 0.02999999999999989828 ) ;
#144 = ORIENTED_EDGE ( 'NONE', *, *, #1725, .F. ) ;
#145 = CARTESIAN_POINT ( 'NONE',  ( -0.3249999999999980127, 1.673724317761259961, 0.3099999999999983880 ) ) ;
#146 = VERTEX_POINT ( 'NONE', #5537 ) ;
#147 = EDGE_LOOP ( 'NONE', ( #1759, #3200, #8251, #3977 ) ) ;
#148 = ORIENTED_EDGE ( 'NONE', *, *, #5890, .F. ) ;
#149 = LINE ( 'NONE', #6962, #5269 ) ;
#150 = LINE ( 'NONE', #2720, #5283 ) ;
#151 = VECTOR ( 'NONE', #4079, 1000.000000000000114 ) ;
#152 = ORIENTED_EDGE ( 'NONE', *, *, #5144, .F. ) ;
#153 = CARTESIAN_POINT ( 'NONE',  ( 3.265000000000000124, -1.599999999999999645, 0.04999999999999913541 ) ) ;
#154 = DIRECTION ( 'NONE',  ( 1.000000000000000000, -5.243344273594249610E-32, 0.000000000000000000 ) ) ;
#155 = DIRECTION ( 'NONE',  ( -2.289834988289389802E-16, 0.000000000000000000, -1.000000000000000000 ) ) ;
#156 = EDGE_CURVE ( 'NONE', #5720, #4922, #397, .T. ) ;
#157 = DIRECTION ( 'NONE',  ( -1.000000000000000000, 5.243344273594249610E-32, 2.289834988289389802E-16 ) ) ;
#158 = VERTEX_POINT ( 'NONE', #6121 ) ;
#159 = VECTOR ( 'NONE', #6900, 1000.000000000000000 ) ;
#160 = EDGE_CURVE ( 'NONE', #5438, #2033, #4750, .T. ) ;
#161 = LINE ( 'NONE', #5271, #1134 ) ;
#162 = DIRECTION ( 'NONE',  ( 0.000000000000000000, 0.000000000000000000, -1.000000000000000000 ) ) ;
#163 = DIRECTION ( 'NONE',  ( -5.326143172335051625E-17, -1.000000000000000000, 5.326143172335119418E-17 ) ) ;
#164 = LINE ( 'NONE', #1383, #2087 ) ;
#165 = ORIENTED_EDGE ( 'NONE', *, *, #3679, .T. ) ;
#166 = CARTESIAN_POINT ( 'NONE',  ( 2.174999999999999822, 0.9199999999999868283, -1.669202970289162728E-15 ) ) ;
#167 = AXIS2_PLACEMENT_3D ( 'NONE', #3521, #6513, #6055 ) ;
#168 = FACE_OUTER_BOUND ( 'NONE', #626, .T. ) ;
#169 = ADVANCED_FACE ( 'NONE', ( #4794 ), #3588, .T. ) ;
#170 = CARTESIAN_POINT ( 'NONE',  ( 6.765000000000000568, -1.629999999999999893, 0.2999999999999969913 ) ) ;
#171 = LINE ( 'NONE', #7186, #5684 ) ;
#172 = ADVANCED_FACE ( 'NONE', ( #304 ), #4303, .F. ) ;
#173 = EDGE_CURVE ( 'NONE', #937, #4360, #1607, .T. ) ;
#174 = ADVANCED_FACE ( 'NONE', ( #5497 ), #264, .T. ) ;
#175 = AXIS2_PLACEMENT_3D ( 'NONE', #966, #7463, #4694 ) ;
#176 = CARTESIAN_POINT ( 'NONE',  ( 3.500000000000000000, 0.9999999999999988898, 0.07999999999999760081 ) ) ;
#177 = CARTESIAN_POINT ( 'NONE',  ( -1.050000000000000266, 0.6999999999999988454, 0.02999999999999905520 ) ) ;
#178 = LINE ( 'NONE', #4706, #1945 ) ;
#179 = VERTEX_POINT ( 'NONE', #1567 ) ;
#180 = DIRECTION ( 'NONE',  ( -5.243344273594249610E-32, -1.000000000000000000, 1.200639317332289951E-47 ) ) ;
#181 = ORIENTED_EDGE ( 'NONE', *, *, #3390, .T. ) ;
#182 = EDGE_LOOP ( 'NONE', ( #4087, #7653, #464, #3091 ) ) ;
#183 = LINE ( 'NONE', #5247, #7137 ) ;
#184 = EDGE_CURVE ( 'NONE', #6174, #5528, #3492, .T. ) ;
#185 = VECTOR ( 'NONE', #6214, 1000.000000000000000 ) ;
#186 = ORIENTED_EDGE ( 'NONE', *, *, #8247, .T. ) ;
#187 = CARTESIAN_POINT ( 'NONE',  ( 3.115000000000000213, -1.799999999999990274, 0.3699999999999989964 ) ) ;
#188 = ORIENTED_EDGE ( 'NONE', *, *, #5151, .F. ) ;
#189 = ORIENTED_EDGE ( 'NONE', *, *, #4891, .F. ) ;
#190 = AXIS2_PLACEMENT_3D ( 'NONE', #2869, #891, #5412 ) ;
#191 = ORIENTED_EDGE ( 'NONE', *, *, #2131, .F. ) ;
#192 = CARTESIAN_POINT ( 'NONE',  ( -2.952500000000000124, -1.899999999999999911, 0.02999999999999970399 ) ) ;
#193 = AXIS2_PLACEMENT_3D ( 'NONE', #7085, #2652, #2044 ) ;
#194 = CARTESIAN_POINT ( 'NONE',  ( -3.265000000000000124, -1.600000000000000089, 0.05000000000000040523 ) ) ;
#195 = AXIS2_PLACEMENT_3D ( 'NONE', #2842, #2216, #2887 ) ;
#196 = VERTEX_POINT ( 'NONE', #357 ) ;
#197 = DIRECTION ( 'NONE',  ( -0.000000000000000000, -1.065228634467009955E-16, -1.000000000000000000 ) ) ;
#198 = VERTEX_POINT ( 'NONE', #2920 ) ;
#199 = LINE ( 'NONE', #1543, #6659 ) ;
#200 = PLANE ( 'NONE',  #7452 ) ;
#201 = DIRECTION ( 'NONE',  ( -2.289834988289389802E-16, -2.289834988289389802E-16, -1.000000000000000000 ) ) ;
#202 = VECTOR ( 'NONE', #6173, 1000.000000000000000 ) ;
#203 = CARTESIAN_POINT ( 'NONE',  ( 3.265000000000000124, -1.050000000000000044, 0.4599999999999980216 ) ) ;
#204 = ORIENTED_EDGE ( 'NONE', *, *, #833, .F. ) ;
#205 = CIRCLE ( 'NONE', #7133, 0.04999999999999980849 ) ;
#206 = VECTOR ( 'NONE', #2748, 1000.000000000000000 ) ;
#207 = ADVANCED_FACE ( 'NONE', ( #4871 ), #7402, .F. ) ;
#208 = LINE ( 'NONE', #2905, #8050 ) ;
#209 = VECTOR ( 'NONE', #1326, 1000.000000000000000 ) ;
#210 = LINE ( 'NONE', #7138, #6966 ) ;
#211 = CARTESIAN_POINT ( 'NONE',  ( -0.05000000000000143219, 0.9999999999999988898, 0.02999999999999882622 ) ) ;
#212 = DIRECTION ( 'NONE',  ( 1.000000000000000000, -2.804146475863970139E-32, 2.987057121330055487E-48 ) ) ;
#213 = ORIENTED_EDGE ( 'NONE', *, *, #4641, .T. ) ;
#214 = CIRCLE ( 'NONE', #6618, 0.05000000000000070360 ) ;
#215 = CARTESIAN_POINT ( 'NONE',  ( -2.952500000000000124, -1.899999999999999911, 0.1300000000000000044 ) ) ;
#216 = DIRECTION ( 'NONE',  ( 2.289834988289389802E-16, -0.000000000000000000, 1.000000000000000000 ) ) ;
#217 = DIRECTION ( 'NONE',  ( 1.000000000000000000, -1.099120794378905705E-16, -1.465494392505207935E-16 ) ) ;
#218 = EDGE_CURVE ( 'NONE', #3796, #3040, #4215, .T. ) ;
#219 = CARTESIAN_POINT ( 'NONE',  ( -0.6749999999999980460, 0.9999999999999988898, 0.07999999999999905798 ) ) ;
#220 = EDGE_CURVE ( 'NONE', #2425, #8137, #1068, .T. ) ;
#221 = CYLINDRICAL_SURFACE ( 'NONE', #8092, 0.02999999999999989828 ) ;
#222 = EDGE_LOOP ( 'NONE', ( #4095, #7500, #37, #4052 ) ) ;
#223 = LINE ( 'NONE', #7103, #2059 ) ;
#224 = DIRECTION ( 'NONE',  ( 0.000000000000000000, 1.000000000000000000, -2.289834988289389802E-16 ) ) ;
#225 = ADVANCED_FACE ( 'NONE', ( #5986 ), #2826, .F. ) ;
#226 = ORIENTED_EDGE ( 'NONE', *, *, #5642, .T. ) ;
#227 = CARTESIAN_POINT ( 'NONE',  ( 2.174999999999999822, 0.9199999999999860512, -1.665334536937730077E-15 ) ) ;
#228 = ORIENTED_EDGE ( 'NONE', *, *, #5606, .T. ) ;
#229 = PLANE ( 'NONE',  #1954 ) ;
#230 = EDGE_CURVE ( 'NONE', #4295, #2619, #3250, .T. ) ;
#231 = EDGE_CURVE ( 'NONE', #7526, #3012, #1227, .T. ) ;
#232 = VECTOR ( 'NONE', #4254, 1000.000000000000000 ) ;
#233 = ORIENTED_EDGE ( 'NONE', *, *, #7017, .F. ) ;
#234 = LINE ( 'NONE', #2796, #7539 ) ;
#235 = ORIENTED_EDGE ( 'NONE', *, *, #2945, .T. ) ;
#236 = EDGE_LOOP ( 'NONE', ( #650, #5763, #5978, #4381 ) ) ;
#237 = ORIENTED_EDGE ( 'NONE', *, *, #5181, .T. ) ;
#238 = DIRECTION ( 'NONE',  ( 1.000000000000000000, -5.243344273594249610E-32, -2.289834988289389802E-16 ) ) ;
#239 = LINE ( 'NONE', #5343, #6476 ) ;
#240 = AXIS2_PLACEMENT_3D ( 'NONE', #934, #893, #1608 ) ;
#241 = EDGE_LOOP ( 'NONE', ( #2930, #1405, #6145, #1533 ) ) ;
#242 = DIRECTION ( 'NONE',  ( -2.232893331421829163E-16, 0.2216211035889688874, -0.9751328557914595851 ) ) ;
#243 = ORIENTED_EDGE ( 'NONE', *, *, #7728, .T. ) ;
#244 = FACE_OUTER_BOUND ( 'NONE', #7654, .T. ) ;
#245 = SHAPE_DEFINITION_REPRESENTATION ( #4801, #3388 ) ;
#246 = VERTEX_POINT ( 'NONE', #595 ) ;
#247 = PLANE ( 'NONE',  #3546 ) ;
#248 = AXIS2_PLACEMENT_3D ( 'NONE', #3781, #2447, #8110 ) ;
#249 = CARTESIAN_POINT ( 'NONE',  ( -1.837499999999999911, 0.9999999999999988898, 0.07999999999999930778 ) ) ;
#250 = ORIENTED_EDGE ( 'NONE', *, *, #4061, .T. ) ;
#251 = ORIENTED_EDGE ( 'NONE', *, *, #1678, .T. ) ;
#252 = DIRECTION ( 'NONE',  ( 1.000000000000000000, -0.000000000000000000, -2.289834988289389802E-16 ) ) ;
#253 = DIRECTION ( 'NONE',  ( -2.232893331421829163E-16, 0.2216211035889688874, -0.9751328557914595851 ) ) ;
#254 = DIRECTION ( 'NONE',  ( 2.804146475863970139E-32, 1.000000000000000000, -1.065228634467009955E-16 ) ) ;
#255 = LINE ( 'NONE', #1557, #497 ) ;
#256 = ORIENTED_EDGE ( 'NONE', *, *, #7224, .F. ) ;
#257 = DIRECTION ( 'NONE',  ( 0.000000000000000000, -0.9738685962292472631, -0.2271122129663562805 ) ) ;
#258 = DIRECTION ( 'NONE',  ( 1.000000000000000000, -5.243344273594249610E-32, -2.289834988289389802E-16 ) ) ;
#259 = CARTESIAN_POINT ( 'NONE',  ( 2.952500000000000124, -1.899999999999999911, 0.02999999999999800049 ) ) ;
#260 = DIRECTION ( 'NONE',  ( 0.000000000000000000, 0.7071067811865460184, 0.7071067811865490160 ) ) ;
#261 = VECTOR ( 'NONE', #2042, 1000.000000000000000 ) ;
#262 = DIRECTION ( 'NONE',  ( 0.000000000000000000, 0.000000000000000000, 1.000000000000000000 ) ) ;
#263 = ADVANCED_FACE ( 'NONE', ( #5734 ), #5699, .F. ) ;
#264 = PLANE ( 'NONE',  #2143 ) ;
#265 = CARTESIAN_POINT ( 'NONE',  ( -41.67662438884190834, -1.899999999999999911, 1.000000000000009992 ) ) ;
#266 = LINE ( 'NONE', #4832, #4245 ) ;
#267 = ORIENTED_EDGE ( 'NONE', *, *, #7588, .F. ) ;
#268 = DIRECTION ( 'NONE',  ( 1.000000000000000000, -5.243344273594249610E-32, 0.000000000000000000 ) ) ;
#269 = CARTESIAN_POINT ( 'NONE',  ( 6.584999999999999964, -0.6000000000000009770, 0.3299999999999970179 ) ) ;
#270 = LINE ( 'NONE', #7996, #5712 ) ;
#271 = ADVANCED_FACE ( 'NONE', ( #4378 ), #8233, .T. ) ;
#272 = ADVANCED_FACE ( 'NONE', ( #7601 ), #7522, .T. ) ;
#273 = EDGE_CURVE ( 'NONE', #5219, #7007, #6244, .T. ) ;
#274 = ORIENTED_EDGE ( 'NONE', *, *, #7006, .T. ) ;
#275 = CARTESIAN_POINT ( 'NONE',  ( 2.174999999999999822, 0.9999999999999988898, 0.07999999999999810041 ) ) ;
#277 = ORIENTED_EDGE ( 'NONE', *, *, #1501, .T. ) ;
#276 = EDGE_LOOP ( 'NONE', ( #2473, #2068, #7380, #6041, #3657, #6031, #3256, #5215, #2316, #5959, #7615, #6750, #7296, #4843, #7343, #2991, #6577, #2167 ) ) ;
#278 = ORIENTED_EDGE ( 'NONE', *, *, #4880, .F. ) ;
#279 = ORIENTED_EDGE ( 'NONE', *, *, #2690, .F. ) ;
#280 = CARTESIAN_POINT ( 'NONE',  ( -2.325000000000000178, 1.249999999999987788, 8.414637620949672403E-16 ) ) ;
#281 = FACE_OUTER_BOUND ( 'NONE', #3283, .T. ) ;
#282 = EDGE_CURVE ( 'NONE', #4049, #374, #3164, .T. ) ;
#283 = VECTOR ( 'NONE', #7954, 1000.000000000000000 ) ;
#284 = EDGE_CURVE ( 'NONE', #7931, #5353, #2535, .T. ) ;
#285 = ORIENTED_EDGE ( 'NONE', *, *, #4137, .T. ) ;
#286 = EDGE_LOOP ( 'NONE', ( #5724, #7980, #817, #4462, #6795, #267, #4816, #3579, #3809, #1323, #204 ) ) ;
#287 = CARTESIAN_POINT ( 'NONE',  ( 0.5500000000000018208, 0.9999999999999988898, 0.02999999999999868744 ) ) ;
#288 = ORIENTED_EDGE ( 'NONE', *, *, #2396, .T. ) ;
#289 = FACE_OUTER_BOUND ( 'NONE', #7218, .T. ) ;
#290 = CIRCLE ( 'NONE', #6295, 0.04999999999999720640 ) ;
#291 = CARTESIAN_POINT ( 'NONE',  ( -0.3249999999999980127, 0.9999999999999988898, 0.3099999999999979994 ) ) ;
#292 = ORIENTED_EDGE ( 'NONE', *, *, #8199, .F. ) ;
#293 = ORIENTED_EDGE ( 'NONE', *, *, #3961, .T. ) ;
#294 = CARTESIAN_POINT ( 'NONE',  ( 3.265000000000000124, -1.824999999999989964, 0.1699999999999980138 ) ) ;
#295 = PLANE ( 'NONE',  #3631 ) ;
#296 = CARTESIAN_POINT ( 'NONE',  ( 3.115000000000000213, -1.149999999999999911, 0.06782713613135604724 ) ) ;
#297 = LINE ( 'NONE', #1057, #4925 ) ;
#298 = ORIENTED_EDGE ( 'NONE', *, *, #6718, .F. ) ;
#299 = DIRECTION ( 'NONE',  ( 1.000000000000000000, -5.243344273594249610E-32, -2.289834988289389802E-16 ) ) ;
#300 = CARTESIAN_POINT ( 'NONE',  ( -3.002499999999999503, -1.850000000000000311, 0.1799999999999994660 ) ) ;
#301 = CARTESIAN_POINT ( 'NONE',  ( 3.299999999999999822, -1.000000000000000444, 0.3299999999999976286 ) ) ;
#302 = LINE ( 'NONE', #6732, #6751 ) ;
#303 = CARTESIAN_POINT ( 'NONE',  ( -1.324999999999999956, 1.249999999999988232, 6.990845258005494433E-16 ) ) ;
#304 = FACE_OUTER_BOUND ( 'NONE', #6268, .T. ) ;
#305 = AXIS2_PLACEMENT_3D ( 'NONE', #6426, #1969, #6352 ) ;
#306 = FACE_OUTER_BOUND ( 'NONE', #1378, .T. ) ;
#307 = DIRECTION ( 'NONE',  ( 2.229998385641999896E-16, -0.2271122129663560585, 0.9738685962292472631 ) ) ;
#308 = EDGE_LOOP ( 'NONE', ( #5131, #6480, #1659, #1757 ) ) ;
#309 = DIRECTION ( 'NONE',  ( 0.000000000000000000, 0.000000000000000000, 1.000000000000000000 ) ) ;
#310 = LINE ( 'NONE', #4875, #4971 ) ;
#311 = DIRECTION ( 'NONE',  ( 1.000000000000000000, 0.000000000000000000, -2.289834988289389802E-16 ) ) ;
#312 = AXIS2_PLACEMENT_3D ( 'NONE', #4958, #1853, #1101 ) ;
#313 = EDGE_LOOP ( 'NONE', ( #7161, #7540, #1154, #4508 ) ) ;
#314 = DIRECTION ( 'NONE',  ( -0.7071067811865344721, 0.000000000000000000, 0.7071067811865605623 ) ) ;
#315 = EDGE_CURVE ( 'NONE', #6623, #856, #3204, .T. ) ;
#317 = VERTEX_POINT ( 'NONE', #7563 ) ;
#316 = ORIENTED_EDGE ( 'NONE', *, *, #1924, .T. ) ;
#318 = VERTEX_POINT ( 'NONE', #2496 ) ;
#319 = ORIENTED_EDGE ( 'NONE', *, *, #6403, .T. ) ;
#320 = CARTESIAN_POINT ( 'NONE',  ( -1.824999999999999956, 1.249999999999988232, 8.357391746242432642E-16 ) ) ;
#321 = LINE ( 'NONE', #5432, #8083 ) ;
#322 = EDGE_CURVE ( 'NONE', #4774, #6623, #3751, .T. ) ;
#323 = VECTOR ( 'NONE', #1199, 1000.000000000000000 ) ;
#324 = AXIS2_PLACEMENT_3D ( 'NONE', #4086, #3587, #262 ) ;
#325 = EDGE_CURVE ( 'NONE', #2861, #2800, #4338, .T. ) ;
#326 = ORIENTED_EDGE ( 'NONE', *, *, #4126, .F. ) ;
#327 = EDGE_LOOP ( 'NONE', ( #292, #4581, #3180, #2462, #7589 ) ) ;
#328 = DIRECTION ( 'NONE',  ( 0.000000000000000000, 0.000000000000000000, 1.000000000000000000 ) ) ;
#329 = CARTESIAN_POINT ( 'NONE',  ( 3.265000000000000124, 0.7999999999999990452, 0.8199999999999979527 ) ) ;
#330 = VECTOR ( 'NONE', #7002, 1000.000000000000000 ) ;
#331 = EDGE_CURVE ( 'NONE', #460, #4389, #7231, .T. ) ;
#332 = ORIENTED_EDGE ( 'NONE', *, *, #1042, .T. ) ;
#333 = DIRECTION ( 'NONE',  ( -1.000000000000000000, 0.000000000000000000, 2.289834988289389802E-16 ) ) ;
#334 = FACE_OUTER_BOUND ( 'NONE', #5340, .T. ) ;
#335 = EDGE_LOOP ( 'NONE', ( #7636, #5290, #4555, #7923 ) ) ;
#336 = EDGE_CURVE ( 'NONE', #2165, #7554, #8155, .T. ) ;
#337 = CIRCLE ( 'NONE', #4748, 0.02999999999999989828 ) ;
#338 = AXIS2_PLACEMENT_3D ( 'NONE', #7441, #1600, #2915 ) ;
#339 = ADVANCED_FACE ( 'NONE', ( #556 ), #5038, .T. ) ;
#340 = ORIENTED_EDGE ( 'NONE', *, *, #3101, .F. ) ;
#341 = DIRECTION ( 'NONE',  ( -1.000000000000000000, 0.000000000000000000, -0.000000000000000000 ) ) ;
#342 = DIRECTION ( 'NONE',  ( -1.000000000000000000, 0.000000000000000000, 2.289834988289389802E-16 ) ) ;
#343 = DIRECTION ( 'NONE',  ( -1.000000000000000000, 2.804146475863970139E-32, -2.987057121330055487E-48 ) ) ;
#344 = CIRCLE ( 'NONE', #3957, 0.05000000000000002359 ) ;
#345 = DIRECTION ( 'NONE',  ( 1.000000000000000000, -5.243344273594249610E-32, -2.289834988289389802E-16 ) ) ;
#346 = EDGE_CURVE ( 'NONE', #2458, #6174, #8191, .T. ) ;
#347 = ORIENTED_EDGE ( 'NONE', *, *, #7468, .T. ) ;
#348 = VERTEX_POINT ( 'NONE', #4413 ) ;
#349 = DIRECTION ( 'NONE',  ( -2.289834988289389802E-16, 0.000000000000000000, -1.000000000000000000 ) ) ;
#350 = VECTOR ( 'NONE', #7915, 1000.000000000000000 ) ;
#351 = DIRECTION ( 'NONE',  ( 1.000000000000000000, -5.243344273594249610E-32, -2.289834988289389802E-16 ) ) ;
#352 = DIRECTION ( 'NONE',  ( -1.840013376412420326E-16, 0.5952275506257370674, -0.8035571933447460680 ) ) ;
#353 = CARTESIAN_POINT ( 'NONE',  ( 3.265000000000000124, -1.824999999999989964, 0.1699999999999979861 ) ) ;
#354 = AXIS2_PLACEMENT_3D ( 'NONE', #8033, #307, #5988 ) ;
#355 = AXIS2_PLACEMENT_3D ( 'NONE', #1563, #1644, #6025 ) ;
#356 = DIRECTION ( 'NONE',  ( 2.289834988289389802E-16, -0.000000000000000000, 1.000000000000000000 ) ) ;
#357 = CARTESIAN_POINT ( 'NONE',  ( -0.5999999999999990896, 0.9999999999999988898, 0.07999999999999918288 ) ) ;
#358 = CARTESIAN_POINT ( 'NONE',  ( -1.824999999999999956, 0.9999999999999988898, 0.07866077735406439009 ) ) ;
#359 = DIRECTION ( 'NONE',  ( 2.289834988289389802E-16, -0.000000000000000000, 1.000000000000000000 ) ) ;
#360 = ORIENTED_EDGE ( 'NONE', *, *, #4669, .T. ) ;
#361 = CARTESIAN_POINT ( 'NONE',  ( 2.325000000000000178, 1.249999999999988676, -4.631223789880466523E-16 ) ) ;
#362 = DIRECTION ( 'NONE',  ( -0.7071067811865460184, -0.7071067811865489050, 0.000000000000000000 ) ) ;
#363 = VECTOR ( 'NONE', #2581, 1000.000000000000000 ) ;
#364 = ORIENTED_EDGE ( 'NONE', *, *, #1166, .T. ) ;
#365 = DIRECTION ( 'NONE',  ( 1.000000000000000000, -5.243344273594249610E-32, -2.289834988289389802E-16 ) ) ;
#367 = ORIENTED_EDGE ( 'NONE', *, *, #2945, .F. ) ;
#366 = EDGE_LOOP ( 'NONE', ( #4686, #7504, #496, #5878 ) ) ;
#368 = VERTEX_POINT ( 'NONE', #5108 ) ;
#369 = ORIENTED_EDGE ( 'NONE', *, *, #7324, .F. ) ;
#370 = DIRECTION ( 'NONE',  ( -1.000000000000000000, -0.000000000000000000, 2.289834988289389802E-16 ) ) ;
#371 = DIRECTION ( 'NONE',  ( -1.000000000000000000, 5.243344273594249610E-32, 2.289834988289389802E-16 ) ) ;
#372 = ORIENTED_EDGE ( 'NONE', *, *, #3105, .F. ) ;
#373 = EDGE_CURVE ( 'NONE', #30, #5299, #3672, .T. ) ;
#374 = VERTEX_POINT ( 'NONE', #3045 ) ;
#375 = CARTESIAN_POINT ( 'NONE',  ( 0.1750000000000009881, 1.350000000000000089, 0.1599999999999988376 ) ) ;
#376 = ORIENTED_EDGE ( 'NONE', *, *, #3008, .T. ) ;
#377 = CARTESIAN_POINT ( 'NONE',  ( 6.785000000000000142, -1.649999999999999911, 0.7199999999999969758 ) ) ;
#378 = CARTESIAN_POINT ( 'NONE',  ( 0.6750000000000010436, 1.249999999999990008, -1.110223024625160090E-15 ) ) ;
#379 = ORIENTED_EDGE ( 'NONE', *, *, #5495, .F. ) ;
#380 = AXIS2_PLACEMENT_3D ( 'NONE', #4203, #254, #6019 ) ;
#381 = EDGE_CURVE ( 'NONE', #7871, #6001, #5580, .T. ) ;
#382 = ORIENTED_EDGE ( 'NONE', *, *, #691, .F. ) ;
#383 = ADVANCED_FACE ( 'NONE', ( #1150 ), #3320, .T. ) ;
#384 = CARTESIAN_POINT ( 'NONE',  ( -2.425000000000000266, 0.9999999999999988898, 0.05499999999999949374 ) ) ;
#385 = DIRECTION ( 'NONE',  ( 1.000000000000000000, 0.000000000000000000, -2.289834988289389802E-16 ) ) ;
#386 = DIRECTION ( 'NONE',  ( -5.243344273594249610E-32, -1.000000000000000000, 1.200639317332292868E-47 ) ) ;
#387 = ORIENTED_EDGE ( 'NONE', *, *, #829, .F. ) ;
#388 = EDGE_LOOP ( 'NONE', ( #5636, #5591, #7070, #5574 ) ) ;
#389 = CARTESIAN_POINT ( 'NONE',  ( -1.824999999999999956, 0.9199999999999860512, 0.03619548911246130152 ) ) ;
#390 = EDGE_LOOP ( 'NONE', ( #429, #5680, #1903, #2747 ) ) ;
#391 = CARTESIAN_POINT ( 'NONE',  ( 3.325000000000000178, 0.9999999999999988898, 0.07999999999999901634 ) ) ;
#392 = DIRECTION ( 'NONE',  ( 0.000000000000000000, -0.9738685962292471521, -0.2271122129663564748 ) ) ;
#393 = LINE ( 'NONE', #7986, #6089 ) ;
#394 = EDGE_CURVE ( 'NONE', #3295, #2124, #4568, .T. ) ;
#395 = EDGE_CURVE ( 'NONE', #2225, #1910, #4607, .T. ) ;
#396 = CARTESIAN_POINT ( 'NONE',  ( -3.115000000000000213, -1.100000000000000089, 0.4600000000000000200 ) ) ;
#397 = LINE ( 'NONE', #1646, #499 ) ;
#398 = DIRECTION ( 'NONE',  ( 1.000000000000000000, -5.243344273594249610E-32, -2.289834988289389802E-16 ) ) ;
#399 = DIRECTION ( 'NONE',  ( 2.439197797730288502E-32, -1.000000000000000000, 1.065228634467009955E-16 ) ) ;
#400 = ORIENTED_EDGE ( 'NONE', *, *, #2552, .T. ) ;
#401 = CARTESIAN_POINT ( 'NONE',  ( -1.050000000000001821, 0.9999999999999988898, 0.02999999999999925990 ) ) ;
#402 = CARTESIAN_POINT ( 'NONE',  ( -0.3249999999999980127, 0.9999999999999988898, 0.3099999999999986655 ) ) ;
#403 = VECTOR ( 'NONE', #4978, 1000.000000000000114 ) ;
#404 = VERTEX_POINT ( 'NONE', #5771 ) ;
#405 = CARTESIAN_POINT ( 'NONE',  ( 0.07500000000000001110, 0.9999999999999988898, 0.05499999999999889005 ) ) ;
#406 = LINE ( 'NONE', #6792, #2755 ) ;
#407 = ORIENTED_EDGE ( 'NONE', *, *, #8188, .F. ) ;
#408 = ORIENTED_EDGE ( 'NONE', *, *, #7576, .T. ) ;
#409 = ORIENTED_EDGE ( 'NONE', *, *, #3857, .F. ) ;
#410 = VECTOR ( 'NONE', #512, 999.9999999999998863 ) ;
#411 = CARTESIAN_POINT ( 'NONE',  ( 2.825000000000000178, 0.9999999999999988898, 0.07999999999999929390 ) ) ;
#412 = DIRECTION ( 'NONE',  ( -1.000000000000000000, 0.000000000000000000, -0.000000000000000000 ) ) ;
#413 = ORIENTED_EDGE ( 'NONE', *, *, #4029, .F. ) ;
#414 = ORIENTED_EDGE ( 'NONE', *, *, #8144, .T. ) ;
#415 = DIRECTION ( 'NONE',  ( 0.000000000000000000, 0.000000000000000000, 1.000000000000000000 ) ) ;
#416 = ORIENTED_EDGE ( 'NONE', *, *, #4025, .F. ) ;
#417 = DIRECTION ( 'NONE',  ( 1.000000000000000000, 1.015698121961848388E-17, -2.285320774414003636E-16 ) ) ;
#418 = CARTESIAN_POINT ( 'NONE',  ( -0.5749999999999979572, 0.8499999999999989786, 0.05499999999999909822 ) ) ;
#419 = VERTEX_POINT ( 'NONE', #5816 ) ;
#420 = EDGE_LOOP ( 'NONE', ( #1289, #1115, #797, #3324 ) ) ;
#421 = VECTOR ( 'NONE', #3723, 1000.000000000000000 ) ;
#422 = DIRECTION ( 'NONE',  ( 0.7071067811865520136, -0.000000000000000000, 0.7071067811865431318 ) ) ;
#423 = LINE ( 'NONE', #6640, #7444 ) ;
#424 = CARTESIAN_POINT ( 'NONE',  ( 0.3250000000000019540, 0.9199999999999868283, -9.879192371572050562E-16 ) ) ;
#425 = ADVANCED_FACE ( 'NONE', ( #4494 ), #6429, .F. ) ;
#426 = ORIENTED_EDGE ( 'NONE', *, *, #346, .T. ) ;
#427 = ORIENTED_EDGE ( 'NONE', *, *, #2393, .F. ) ;
#428 = FACE_OUTER_BOUND ( 'NONE', #3106, .T. ) ;
#429 = ORIENTED_EDGE ( 'NONE', *, *, #8027, .F. ) ;
#430 = DIRECTION ( 'NONE',  ( 2.804146475863970139E-32, 1.000000000000000000, -1.065228634467009955E-16 ) ) ;
#431 = DIRECTION ( 'NONE',  ( 1.000000000000000000, -5.243344273594249610E-32, -2.289834988289389802E-16 ) ) ;
#432 = EDGE_LOOP ( 'NONE', ( #228, #5797, #3065, #5275 ) ) ;
#433 = DIRECTION ( 'NONE',  ( 0.000000000000000000, 0.000000000000000000, -1.000000000000000000 ) ) ;
#434 = EDGE_CURVE ( 'NONE', #1633, #4634, #2731, .T. ) ;
#435 = DIRECTION ( 'NONE',  ( 1.000000000000000000, -5.243344273594249610E-32, -2.289834988289389802E-16 ) ) ;
#436 = CARTESIAN_POINT ( 'NONE',  ( 1.675000000000000044, 1.350000000000000089, 0.1099999999999980022 ) ) ;
#437 = PLANE ( 'NONE',  #1315 ) ;
#438 = LINE ( 'NONE', #2923, #4626 ) ;
#439 = ADVANCED_FACE ( 'NONE', ( #3948 ), #3870, .F. ) ;
#440 = EDGE_LOOP ( 'NONE', ( #2559, #3095, #657, #7092 ) ) ;
#441 = LINE ( 'NONE', #6078, #1353 ) ;
#442 = EDGE_CURVE ( 'NONE', #140, #6255, #210, .T. ) ;
#443 = CARTESIAN_POINT ( 'NONE',  ( 1.662500000000000089, 0.9199999999999990408, 0.07999999999999850286 ) ) ;
#444 = EDGE_CURVE ( 'NONE', #5757, #1498, #5155, .T. ) ;
#445 = AXIS2_PLACEMENT_3D ( 'NONE', #3120, #1857, #9 ) ;
#446 = ORIENTED_EDGE ( 'NONE', *, *, #5994, .T. ) ;
#447 = LINE ( 'NONE', #4271, #5397 ) ;
#448 = FACE_OUTER_BOUND ( 'NONE', #7741, .T. ) ;
#449 = ORIENTED_EDGE ( 'NONE', *, *, #6119, .T. ) ;
#450 = VERTEX_POINT ( 'NONE', #2693 ) ;
#451 = ORIENTED_EDGE ( 'NONE', *, *, #1294, .F. ) ;
#452 = ADVANCED_FACE ( 'NONE', ( #7089 ), #6477, .T. ) ;
#453 = CARTESIAN_POINT ( 'NONE',  ( 2.174999999999999822, 0.9999999999999988898, 0.3099999999999979994 ) ) ;
#454 = VECTOR ( 'NONE', #2571, 1000.000000000000000 ) ;
#455 = FACE_OUTER_BOUND ( 'NONE', #5972, .T. ) ;
#456 = VECTOR ( 'NONE', #3185, 1000.000000000000000 ) ;
#457 = ORIENTED_EDGE ( 'NONE', *, *, #5647, .F. ) ;
#458 = VERTEX_POINT ( 'NONE', #2010 ) ;
#459 = CARTESIAN_POINT ( 'NONE',  ( 3.269999999999999574, 1.603724317761259899, 0.8899999999999986811 ) ) ;
#460 = VERTEX_POINT ( 'NONE', #6516 ) ;
#461 = LINE ( 'NONE', #6233, #1529 ) ;
#462 = VECTOR ( 'NONE', #7210, 1000.000000000000000 ) ;
#463 = DIRECTION ( 'NONE',  ( -0.000000000000000000, -1.065228634467009955E-16, -1.000000000000000000 ) ) ;
#464 = ORIENTED_EDGE ( 'NONE', *, *, #2942, .F. ) ;
#465 = UNCERTAINTY_MEASURE_WITH_UNIT (LENGTH_MEASURE( 1.000000000000000082E-05 ), #5613, 'distance_accuracy_value', 'NONE');
#466 = VECTOR ( 'NONE', #7926, 999.9999999999998863 ) ;
#467 = ORIENTED_EDGE ( 'NONE', *, *, #954, .F. ) ;
#468 = CARTESIAN_POINT ( 'NONE',  ( 2.977500000000000036, -0.8000000000000010436, 0.1549999999999979727 ) ) ;
#469 = CARTESIAN_POINT ( 'NONE',  ( 2.765000000000000124, -1.800000000000000266, 1.050000000000000044 ) ) ;
#470 = LINE ( 'NONE', #1096, #4905 ) ;
#471 = VERTEX_POINT ( 'NONE', #7720 ) ;
#472 = FACE_OUTER_BOUND ( 'NONE', #4851, .T. ) ;
#473 = EDGE_LOOP ( 'NONE', ( #1237, #3713, #5676, #5958 ) ) ;
#474 = DIRECTION ( 'NONE',  ( -2.232893331421829163E-16, 0.2216211035889688874, -0.9751328557914595851 ) ) ;
#475 = DIRECTION ( 'NONE',  ( -2.289834988289389802E-16, 0.000000000000000000, -1.000000000000000000 ) ) ;
#476 = VECTOR ( 'NONE', #761, 1000.000000000000000 ) ;
#477 = EDGE_CURVE ( 'NONE', #5379, #3179, #5229, .T. ) ;
#478 = DIRECTION ( 'NONE',  ( 0.000000000000000000, 0.000000000000000000, -1.000000000000000000 ) ) ;
#479 = CARTESIAN_POINT ( 'NONE',  ( -1.050000000000002265, 0.9999999999999988898, 0.02999999999999905520 ) ) ;
#480 = CARTESIAN_POINT ( 'NONE',  ( 1.324999999999999956, 1.249999999999990008, -1.328147661294742932E-15 ) ) ;
#481 = LINE ( 'NONE', #3047, #1022 ) ;
#482 = VECTOR ( 'NONE', #8185, 1000.000000000000000 ) ;
#483 = ORIENTED_EDGE ( 'NONE', *, *, #5541, .F. ) ;
#484 = EDGE_CURVE ( 'NONE', #4007, #3226, #3240, .T. ) ;
#485 = LINE ( 'NONE', #6828, #1765 ) ;
#486 = DIRECTION ( 'NONE',  ( -1.000000000000000000, 5.243344273594249610E-32, 2.289834988289389802E-16 ) ) ;
#487 = VECTOR ( 'NONE', #3292, 1000.000000000000000 ) ;
#488 = CIRCLE ( 'NONE', #3163, 0.05000000000000070360 ) ;
#489 = EDGE_CURVE ( 'NONE', #8058, #2986, #2100, .T. ) ;
#490 = ORIENTED_EDGE ( 'NONE', *, *, #7462, .T. ) ;
#491 = CARTESIAN_POINT ( 'NONE',  ( 3.270000000000000462, 1.900000000000000355, 0.5999999999999984235 ) ) ;
#492 = LINE ( 'NONE', #5425, #4366 ) ;
#493 = ORIENTED_EDGE ( 'NONE', *, *, #4289, .T. ) ;
#494 = EDGE_CURVE ( 'NONE', #4218, #4426, #2050, .T. ) ;
#495 = ORIENTED_EDGE ( 'NONE', *, *, #2443, .T. ) ;
#496 = ORIENTED_EDGE ( 'NONE', *, *, #2007, .F. ) ;
#497 = VECTOR ( 'NONE', #4162, 1000.000000000000000 ) ;
#498 = DIRECTION ( 'NONE',  ( 2.289834988289389802E-16, -0.000000000000000000, 1.000000000000000000 ) ) ;
#499 = VECTOR ( 'NONE', #7317, 1000.000000000000000 ) ;
#500 = DIRECTION ( 'NONE',  ( 0.000000000000000000, 0.000000000000000000, -1.000000000000000000 ) ) ;
#501 = ADVANCED_FACE ( 'NONE', ( #793 ), #7179, .T. ) ;
#502 = EDGE_CURVE ( 'NONE', #6576, #7831, #4031, .T. ) ;
#503 = PLANE ( 'NONE',  #2338 ) ;
#504 = VERTEX_POINT ( 'NONE', #7019 ) ;
#505 = ORIENTED_EDGE ( 'NONE', *, *, #494, .T. ) ;
#506 = DIRECTION ( 'NONE',  ( 0.000000000000000000, 2.289834988289389802E-16, 1.000000000000000000 ) ) ;
#507 = ORIENTED_EDGE ( 'NONE', *, *, #796, .T. ) ;
#508 = CARTESIAN_POINT ( 'NONE',  ( -3.265000000000000124, -1.649999999999999911, 0.1700000000000000122 ) ) ;
#509 = CARTESIAN_POINT ( 'NONE',  ( -2.337500000000000355, 0.9199999999999990408, 0.07999999999999950206 ) ) ;
#510 = EDGE_CURVE ( 'NONE', #6682, #1083, #1878, .T. ) ;
#511 = ORIENTED_EDGE ( 'NONE', *, *, #7042, .F. ) ;
#512 = DIRECTION ( 'NONE',  ( 0.000000000000000000, -0.9738685962292472631, -0.2271122129663562805 ) ) ;
#513 = LINE ( 'NONE', #8183, #7706 ) ;
#514 = DIRECTION ( 'NONE',  ( 0.000000000000000000, 0.000000000000000000, 1.000000000000000000 ) ) ;
#515 = VECTOR ( 'NONE', #1107, 1000.000000000000000 ) ;
#516 = VERTEX_POINT ( 'NONE', #1009 ) ;
#517 = PLANE ( 'NONE',  #717 ) ;
#518 = FACE_OUTER_BOUND ( 'NONE', #4759, .T. ) ;
#519 = PRESENTATION_LAYER_ASSIGNMENT (  '', '', ( #1584 ) ) ;
#520 = CARTESIAN_POINT ( 'NONE',  ( 1.950000000000000400, 0.6999999999999985123, 0.02999999999999816008 ) ) ;
#521 = CARTESIAN_POINT ( 'NONE',  ( 3.265000000000000124, -1.599999999999998757, 0.05000000000000019706 ) ) ;
#522 = FACE_OUTER_BOUND ( 'NONE', #2849, .T. ) ;
#523 = CARTESIAN_POINT ( 'NONE',  ( 2.174999999999999822, 1.350000000000000089, 0.1599999999999983658 ) ) ;
#524 = ORIENTED_EDGE ( 'NONE', *, *, #6216, .T. ) ;
#525 = LINE ( 'NONE', #560, #6017 ) ;
#526 = CARTESIAN_POINT ( 'NONE',  ( -2.174999999999999822, 1.299999999999990274, 0.05000000000000027339 ) ) ;
#527 = ORIENTED_EDGE ( 'NONE', *, *, #1716, .F. ) ;
#528 = FACE_OUTER_BOUND ( 'NONE', #6893, .T. ) ;
#529 = DIRECTION ( 'NONE',  ( -0.2163711612039600496, 0.9520331092974134712, 0.2163711612039573573 ) ) ;
#530 = VERTEX_POINT ( 'NONE', #922 ) ;
#531 = VERTEX_POINT ( 'NONE', #6597 ) ;
#532 = VERTEX_POINT ( 'NONE', #3527 ) ;
#533 = ADVANCED_FACE ( 'NONE', ( #4160 ), #4116, .T. ) ;
#534 = CARTESIAN_POINT ( 'NONE',  ( 2.952500000000000568, -0.8000000000000010436, 0.1299999999999991163 ) ) ;
#535 = ADVANCED_FACE ( 'NONE', ( #967 ), #6679, .F. ) ;
#536 = EDGE_CURVE ( 'NONE', #2938, #2211, #5357, .T. ) ;
#537 = AXIS2_PLACEMENT_3D ( 'NONE', #2648, #6545, #749 ) ;
#538 = CARTESIAN_POINT ( 'NONE',  ( -3.027499999999999858, -1.824999999999999956, 0.6149999999999999911 ) ) ;
#539 = FACE_OUTER_BOUND ( 'NONE', #2429, .T. ) ;
#540 = EDGE_LOOP ( 'NONE', ( #6110, #3551, #5370, #1369 ) ) ;
#541 = ORIENTED_EDGE ( 'NONE', *, *, #4179, .F. ) ;
#542 = DIRECTION ( 'NONE',  ( 0.000000000000000000, -2.289834988289389802E-16, -1.000000000000000000 ) ) ;
#543 = ORIENTED_EDGE ( 'NONE', *, *, #2918, .T. ) ;
#544 = CARTESIAN_POINT ( 'NONE',  ( 2.765000000000000124, -1.649999999999999467, 0.7199999999999973088 ) ) ;
#545 = PLANE ( 'NONE',  #4458 ) ;
#546 = EDGE_CURVE ( 'NONE', #2233, #6804, #7345, .T. ) ;
#547 = EDGE_CURVE ( 'NONE', #3168, #3645, #3575, .T. ) ;
#548 = ORIENTED_EDGE ( 'NONE', *, *, #7378, .F. ) ;
#549 = CARTESIAN_POINT ( 'NONE',  ( -2.174999999999999822, 0.9999999999999988898, 0.07866077735406450111 ) ) ;
#550 = DIRECTION ( 'NONE',  ( 0.000000000000000000, -0.9738685962292471521, -0.2271122129663560307 ) ) ;
#551 = EDGE_CURVE ( 'NONE', #1365, #5426, #4818, .T. ) ;
#552 = FACE_OUTER_BOUND ( 'NONE', #1426, .T. ) ;
#553 = CARTESIAN_POINT ( 'NONE',  ( 0.8250000000000019540, 1.249999999999990008, -1.219727444046192488E-15 ) ) ;
#554 = AXIS2_PLACEMENT_3D ( 'NONE', #2336, #7406, #5584 ) ;
#555 = CARTESIAN_POINT ( 'NONE',  ( -1.100000000000000311, 0.9999999999999988898, 0.07999999999999911349 ) ) ;
#556 = FACE_OUTER_BOUND ( 'NONE', #6287, .T. ) ;
#557 = DIRECTION ( 'NONE',  ( -2.289834988289389802E-16, -2.289834988289389802E-16, -1.000000000000000000 ) ) ;
#558 = PLANE ( 'NONE',  #7945 ) ;
#559 = ORIENTED_EDGE ( 'NONE', *, *, #4642, .F. ) ;
#560 = CARTESIAN_POINT ( 'NONE',  ( -3.115000000000000213, -1.899999999999999911, 0.3752010000000010059 ) ) ;
#561 = CARTESIAN_POINT ( 'NONE',  ( 1.899999999999999689, 0.9999999999999988898, 0.07999999999999811429 ) ) ;
#562 = VECTOR ( 'NONE', #4912, 1000.000000000000114 ) ;
#563 = ORIENTED_EDGE ( 'NONE', *, *, #7822, .F. ) ;
#564 = LINE ( 'NONE', #6911, #323 ) ;
#565 = FACE_OUTER_BOUND ( 'NONE', #7182, .T. ) ;
#566 = VERTEX_POINT ( 'NONE', #2817 ) ;
#567 = ORIENTED_EDGE ( 'NONE', *, *, #3174, .T. ) ;
#568 = VERTEX_POINT ( 'NONE', #2948 ) ;
#569 = CARTESIAN_POINT ( 'NONE',  ( -2.325000000000000178, 1.673724317761259961, 0.3099999999999988876 ) ) ;
#570 = ADVANCED_FACE ( 'NONE', ( #3441 ), #295, .T. ) ;
#571 = CARTESIAN_POINT ( 'NONE',  ( 0.6750000000000010436, 1.249999999999990008, -1.111307226797642045E-15 ) ) ;
#572 = CARTESIAN_POINT ( 'NONE',  ( -47.10249999999999915, 0.9999999999999988898, 0.03000000000000959885 ) ) ;
#573 = VERTEX_POINT ( 'NONE', #7889 ) ;
#574 = ORIENTED_EDGE ( 'NONE', *, *, #5741, .T. ) ;
#575 = DIRECTION ( 'NONE',  ( -1.000000000000000000, 2.804146475863970139E-32, -2.987057121330055487E-48 ) ) ;
#576 = AXIS2_PLACEMENT_3D ( 'NONE', #5062, #4518, #3895 ) ;
#577 = EDGE_LOOP ( 'NONE', ( #7326, #5869, #1578, #2846 ) ) ;
#578 = ADVANCED_FACE ( 'NONE', ( #5484, #2185 ), #1682, .F. ) ;
#579 = LINE ( 'NONE', #5565, #724 ) ;
#580 = DIRECTION ( 'NONE',  ( 2.439197797730288502E-32, -1.000000000000000000, 1.065228634467009955E-16 ) ) ;
#581 = CIRCLE ( 'NONE', #8179, 0.05000000000000070360 ) ;
#582 = CIRCLE ( 'NONE', #2197, 0.02999999999999989828 ) ;
#583 = ADVANCED_FACE ( 'NONE', ( #7265 ), #2236, .T. ) ;
#584 = ORIENTED_EDGE ( 'NONE', *, *, #4624, .F. ) ;
#585 = CARTESIAN_POINT ( 'NONE',  ( -1.175000000000000044, 0.9999999999999988898, 0.07866077735406429294 ) ) ;
#586 = DIRECTION ( 'NONE',  ( -1.000000000000000000, 5.243344273594249610E-32, 2.289834988289389802E-16 ) ) ;
#587 = EDGE_CURVE ( 'NONE', #516, #3508, #2273, .T. ) ;
#588 = CARTESIAN_POINT ( 'NONE',  ( -0.9500000000000019540, 0.6999999999999999556, 0.02999999999999925643 ) ) ;
#589 = CARTESIAN_POINT ( 'NONE',  ( -1.899999999999999689, 0.9999999999999988898, 0.07999999999999930778 ) ) ;
#590 = DIRECTION ( 'NONE',  ( 0.000000000000000000, 0.000000000000000000, -1.000000000000000000 ) ) ;
#591 = VECTOR ( 'NONE', #1076, 1000.000000000000000 ) ;
#592 = EDGE_CURVE ( 'NONE', #1690, #6775, #4252, .T. ) ;
#593 = EDGE_CURVE ( 'NONE', #905, #1247, #2317, .T. ) ;
#594 = DIRECTION ( 'NONE',  ( 0.000000000000000000, 0.7071067811865422437, -0.7071067811865529018 ) ) ;
#595 = CARTESIAN_POINT ( 'NONE',  ( -3.265000000000000124, -1.100000000000000089, 0.06782713613135761543 ) ) ;
#596 = VECTOR ( 'NONE', #1427, 1000.000000000000000 ) ;
#597 = CARTESIAN_POINT ( 'NONE',  ( -1.550000000000000044, 0.6999999999999990674, 0.02999999999999952704 ) ) ;
#598 = DIRECTION ( 'NONE',  ( 2.283421870080620790E-16, 0.07478994824163433253, 0.9971993098884563977 ) ) ;
#599 = ORIENTED_EDGE ( 'NONE', *, *, #3259, .T. ) ;
#600 = LINE ( 'NONE', #1935, #3648 ) ;
#601 = VECTOR ( 'NONE', #1250, 1000.000000000000000 ) ;
#602 = DIRECTION ( 'NONE',  ( -1.000000000000000000, 2.804146475863970139E-32, -2.987057121330055487E-48 ) ) ;
#603 = AXIS2_PLACEMENT_3D ( 'NONE', #715, #3954, #2780 ) ;
#604 = EDGE_LOOP ( 'NONE', ( #6683, #3228, #599, #3927 ) ) ;
#605 = FACE_OUTER_BOUND ( 'NONE', #5561, .T. ) ;
#606 = DIRECTION ( 'NONE',  ( -1.000000000000000000, 1.099120794378904102E-16, 8.243405957841780459E-17 ) ) ;
#607 = ORIENTED_EDGE ( 'NONE', *, *, #1708, .F. ) ;
#608 = VERTEX_POINT ( 'NONE', #5524 ) ;
#609 = AXIS2_PLACEMENT_3D ( 'NONE', #5903, #224, #7819 ) ;
#610 = ORIENTED_EDGE ( 'NONE', *, *, #4235, .F. ) ;
#611 = VECTOR ( 'NONE', #952, 1000.000000000000000 ) ;
#612 = AXIS2_PLACEMENT_3D ( 'NONE', #1839, #6955, #28 ) ;
#613 = LINE ( 'NONE', #569, #5560 ) ;
#614 = VECTOR ( 'NONE', #6902, 1000.000000000000000 ) ;
#615 = AXIS2_PLACEMENT_3D ( 'NONE', #2072, #653, #4628 ) ;
#616 = CYLINDRICAL_SURFACE ( 'NONE', #612, 0.05000000000000430489 ) ;
#617 = CARTESIAN_POINT ( 'NONE',  ( 0.1625000000000020040, 0.9999999999999988898, 0.07999999999999890532 ) ) ;
#618 = ORIENTED_EDGE ( 'NONE', *, *, #1468, .F. ) ;
#619 = VECTOR ( 'NONE', #675, 1000.000000000000000 ) ;
#620 = ORIENTED_EDGE ( 'NONE', *, *, #6443, .F. ) ;
#621 = VERTEX_POINT ( 'NONE', #8018 ) ;
#622 = LINE ( 'NONE', #5258, #4475 ) ;
#623 = CARTESIAN_POINT ( 'NONE',  ( -1.824999999999999956, 1.299999999999994715, 0.1099999999999990152 ) ) ;
#624 = VECTOR ( 'NONE', #2423, 1000.000000000000000 ) ;
#625 = EDGE_CURVE ( 'NONE', #7982, #1616, #4859, .T. ) ;
#626 = EDGE_LOOP ( 'NONE', ( #6947, #1133, #1956, #2829 ) ) ;
#627 = CARTESIAN_POINT ( 'NONE',  ( -2.977500000000000036, -1.350000000000000089, 0.1549999999999999989 ) ) ;
#628 = FILL_AREA_STYLE_COLOUR ( '', #4937 ) ;
#629 = DIRECTION ( 'NONE',  ( 0.000000000000000000, 0.000000000000000000, 1.000000000000000000 ) ) ;
#630 = DIRECTION ( 'NONE',  ( 2.439197797730288502E-32, -1.000000000000000000, 1.065228634467009955E-16 ) ) ;
#631 = EDGE_CURVE ( 'NONE', #6989, #141, #7221, .T. ) ;
#632 = CARTESIAN_POINT ( 'NONE',  ( 3.002499999999999947, -0.8000000000000010436, 0.1799999999999979117 ) ) ;
#633 = ORIENTED_EDGE ( 'NONE', *, *, #2191, .F. ) ;
#634 = ADVANCED_FACE ( 'NONE', ( #4075 ), #1595, .F. ) ;
#635 = EDGE_CURVE ( 'NONE', #5423, #8223, #5066, .T. ) ;
#636 = VECTOR ( 'NONE', #4609, 999.9999999999998863 ) ;
#637 = LINE ( 'NONE', #1777, #5671 ) ;
#638 = DIRECTION ( 'NONE',  ( 2.289834988289389802E-16, -0.000000000000000000, 1.000000000000000000 ) ) ;
#639 = CARTESIAN_POINT ( 'NONE',  ( 3.265000000000000124, -1.000000000000000000, 0.3299999999999980727 ) ) ;
#640 = CARTESIAN_POINT ( 'NONE',  ( 1.675000000000000044, 1.350000000000000089, 0.3100000000000010525 ) ) ;
#641 = EDGE_LOOP ( 'NONE', ( #6878, #8051, #1181, #6774 ) ) ;
#642 = CARTESIAN_POINT ( 'NONE',  ( 0.3250000000000019540, 1.249999999999988676, 2.766197282807094538E-16 ) ) ;
#643 = CARTESIAN_POINT ( 'NONE',  ( 3.270000000000000462, 0.4600000000000003531, 0.8400000000000082956 ) ) ;
#644 = DIRECTION ( 'NONE',  ( 2.804146475863970139E-32, 1.000000000000000000, -1.065228634467009955E-16 ) ) ;
#645 = AXIS2_PLACEMENT_3D ( 'NONE', #3121, #5658, #8193 ) ;
#646 = EDGE_CURVE ( 'NONE', #5302, #1277, #2446, .T. ) ;
#647 = ORIENTED_EDGE ( 'NONE', *, *, #4636, .T. ) ;
#648 = LINE ( 'NONE', #18, #4071 ) ;
#649 = PLANE ( 'NONE',  #5023 ) ;
#650 = ORIENTED_EDGE ( 'NONE', *, *, #1870, .F. ) ;
#651 = EDGE_LOOP ( 'NONE', ( #2940, #4184, #7293, #4684 ) ) ;
#652 = VERTEX_POINT ( 'NONE', #6928 ) ;
#653 = DIRECTION ( 'NONE',  ( 1.000000000000000000, -5.243344273594249610E-32, -2.289834988289389802E-16 ) ) ;
#654 = DIRECTION ( 'NONE',  ( 0.000000000000000000, 2.289834988289389802E-16, 1.000000000000000000 ) ) ;
#655 = DIRECTION ( 'NONE',  ( -1.000000000000000000, 2.804146475863970139E-32, -2.987057121330055487E-48 ) ) ;
#656 = ORIENTED_EDGE ( 'NONE', *, *, #2655, .T. ) ;
#657 = ORIENTED_EDGE ( 'NONE', *, *, #3827, .T. ) ;
#658 = VERTEX_POINT ( 'NONE', #8109 ) ;
#659 = CARTESIAN_POINT ( 'NONE',  ( -1.175000000000000266, 1.349999999999999867, 0.3099999999999988320 ) ) ;
#660 = CARTESIAN_POINT ( 'NONE',  ( 2.884999999999999343, -1.899999999999999911, 0.09999999999999840961 ) ) ;
#661 = VECTOR ( 'NONE', #5183, 1000.000000000000227 ) ;
#662 = AXIS2_PLACEMENT_3D ( 'NONE', #5367, #7898, #2199 ) ;
#663 = ORIENTED_EDGE ( 'NONE', *, *, #4375, .T. ) ;
#664 = LINE ( 'NONE', #2092, #1604 ) ;
#665 =( BOUNDED_CURVE ( )  B_SPLINE_CURVE ( 3, ( #5513, #994, #6755, #3555 ),
 .UNSPECIFIED., .F., .F. ) 
 B_SPLINE_CURVE_WITH_KNOTS ( ( 4, 4 ),
 ( 1.570796326794902997, 3.141592653589793116 ),
 .UNSPECIFIED. ) 
 CURVE ( )  GEOMETRIC_REPRESENTATION_ITEM ( )  RATIONAL_B_SPLINE_CURVE ( ( 1.000000000000000000, 0.8047378541243663808, 0.8047378541243663808, 1.000000000000000000 ) ) 
 REPRESENTATION_ITEM ( '' )  );
#666 = DIRECTION ( 'NONE',  ( -0.000000000000000000, -1.065228634467009955E-16, -1.000000000000000000 ) ) ;
#667 = CARTESIAN_POINT ( 'NONE',  ( 3.102500000000000036, -1.000000000000000000, 0.9999999999999983347 ) ) ;
#668 = DIRECTION ( 'NONE',  ( 0.7071067811865431318, -7.532303909457129225E-17, -0.7071067811865520136 ) ) ;
#669 = LINE ( 'NONE', #752, #8174 ) ;
#670 = ORIENTED_EDGE ( 'NONE', *, *, #7561, .T. ) ;
#671 = EDGE_CURVE ( 'NONE', #5339, #3808, #8147, .T. ) ;
#672 = FACE_OUTER_BOUND ( 'NONE', #3019, .T. ) ;
#673 = DIRECTION ( 'NONE',  ( 5.243344273594249610E-32, 1.000000000000000000, -1.200639317332292868E-47 ) ) ;
#674 = DIRECTION ( 'NONE',  ( -2.439197797730288502E-32, 1.000000000000000000, -1.065228634467009955E-16 ) ) ;
#675 = DIRECTION ( 'NONE',  ( 2.289834988289389802E-16, -0.000000000000000000, 1.000000000000000000 ) ) ;
#676 = ORIENTED_EDGE ( 'NONE', *, *, #948, .F. ) ;
#677 = LINE ( 'NONE', #215, #2833 ) ;
#678 = LINE ( 'NONE', #1082, #2621 ) ;
#679 = CARTESIAN_POINT ( 'NONE',  ( -0.8249999999999979572, 1.249999999999990008, -7.860465750519907147E-16 ) ) ;
#680 = ADVANCED_FACE ( 'NONE', ( #8061 ), #2411, .F. ) ;
#681 = DIRECTION ( 'NONE',  ( -2.289834988289392760E-16, -2.289834988289382899E-16, -1.000000000000000000 ) ) ;
#682 = ORIENTED_EDGE ( 'NONE', *, *, #3764, .T. ) ;
#683 = CARTESIAN_POINT ( 'NONE',  ( 1.175000000000000044, 1.249999999999990008, -1.221245327087670025E-15 ) ) ;
#684 = LINE ( 'NONE', #3252, #3710 ) ;
#685 = EDGE_CURVE ( 'NONE', #5710, #6682, #7436, .T. ) ;
#686 = VERTEX_POINT ( 'NONE', #3658 ) ;
#687 = VERTEX_POINT ( 'NONE', #8182 ) ;
#688 = VECTOR ( 'NONE', #2779, 1000.000000000000341 ) ;
#689 = VERTEX_POINT ( 'NONE', #7594 ) ;
#690 = CYLINDRICAL_SURFACE ( 'NONE', #615, 0.05000000000000002359 ) ;
#691 = EDGE_CURVE ( 'NONE', #5551, #318, #6191, .T. ) ;
#692 = LINE ( 'NONE', #8213, #4617 ) ;
#693 = DIRECTION ( 'NONE',  ( -2.289834988289389802E-16, 0.000000000000000000, -1.000000000000000000 ) ) ;
#694 = EDGE_CURVE ( 'NONE', #4856, #4007, #6307, .T. ) ;
#695 = ORIENTED_EDGE ( 'NONE', *, *, #3109, .F. ) ;
#696 = ORIENTED_EDGE ( 'NONE', *, *, #4776, .F. ) ;
#697 = EDGE_CURVE ( 'NONE', #7871, #6957, #2363, .T. ) ;
#698 = ORIENTED_EDGE ( 'NONE', *, *, #2651, .T. ) ;
#699 = CARTESIAN_POINT ( 'NONE',  ( -3.265000000000000124, -1.100000000000000089, 0.4600000000000000200 ) ) ;
#700 = LINE ( 'NONE', #3230, #3669 ) ;
#701 = VECTOR ( 'NONE', #157, 1000.000000000000000 ) ;
#702 = VERTEX_POINT ( 'NONE', #4986 ) ;
#703 = CARTESIAN_POINT ( 'NONE',  ( 1.824999999999999956, 1.299999999999990274, 0.1705002310154639933 ) ) ;
#704 = DIRECTION ( 'NONE',  ( 0.000000000000000000, 0.8000000000000000444, -0.5999999999999999778 ) ) ;
#705 = FACE_OUTER_BOUND ( 'NONE', #1579, .T. ) ;
#706 = DIRECTION ( 'NONE',  ( 5.243344273594249610E-32, 1.000000000000000000, -1.200639317332292868E-47 ) ) ;
#707 = VERTEX_POINT ( 'NONE', #585 ) ;
#708 = AXIS2_PLACEMENT_3D ( 'NONE', #170, #352, #2916 ) ;
#709 = CARTESIAN_POINT ( 'NONE',  ( 3.270000000000000018, 1.650000000000000355, 0.4699999999999986411 ) ) ;
#710 = DIRECTION ( 'NONE',  ( 1.000000000000000000, -5.243344273594249610E-32, -2.289834988289389802E-16 ) ) ;
#711 = DIRECTION ( 'NONE',  ( 0.000000000000000000, 0.000000000000000000, 1.000000000000000000 ) ) ;
#712 = PLANE ( 'NONE',  #3043 ) ;
#713 = VECTOR ( 'NONE', #921, 1000.000000000000000 ) ;
#714 = ORIENTED_EDGE ( 'NONE', *, *, #4689, .F. ) ;
#715 = CARTESIAN_POINT ( 'NONE',  ( 1.175000000000000044, 1.350000000000000089, 0.3100000000000010525 ) ) ;
#716 = FACE_OUTER_BOUND ( 'NONE', #2136, .T. ) ;
#717 = AXIS2_PLACEMENT_3D ( 'NONE', #3081, #5616, #3235 ) ;
#718 = VECTOR ( 'NONE', #1929, 1000.000000000000114 ) ;
#719 = FACE_OUTER_BOUND ( 'NONE', #5002, .T. ) ;
#720 = ADVANCED_FACE ( 'NONE', ( #7474 ), #6275, .F. ) ;
#721 = DIRECTION ( 'NONE',  ( 0.000000000000000000, -4.336808689941644605E-15, 1.000000000000000000 ) ) ;
#722 = DIRECTION ( 'NONE',  ( 0.000000000000000000, 0.7071067811865434649, 0.7071067811865516806 ) ) ;
#723 = CARTESIAN_POINT ( 'NONE',  ( 0.1750000000000009881, 0.9199999999999860512, 0.03619548911246080192 ) ) ;
#724 = VECTOR ( 'NONE', #2476, 1000.000000000000000 ) ;
#725 = ORIENTED_EDGE ( 'NONE', *, *, #900, .T. ) ;
#726 = DIRECTION ( 'NONE',  ( -2.289834988289389802E-16, 0.000000000000000000, -1.000000000000000000 ) ) ;
#727 = ORIENTED_EDGE ( 'NONE', *, *, #3357, .F. ) ;
#728 = EDGE_LOOP ( 'NONE', ( #274, #5838, #610, #1598, #3531, #2290 ) ) ;
#729 = DIRECTION ( 'NONE',  ( -1.000000000000000000, 5.243344273594249610E-32, 2.289834988289389802E-16 ) ) ;
#730 = VECTOR ( 'NONE', #1479, 1000.000000000000000 ) ;
#731 = EDGE_CURVE ( 'NONE', #1553, #179, #5336, .T. ) ;
#732 = EDGE_CURVE ( 'NONE', #3508, #3778, #2483, .T. ) ;
#733 = EDGE_CURVE ( 'NONE', #6306, #4145, #7717, .T. ) ;
#734 = ORIENTED_EDGE ( 'NONE', *, *, #4540, .T. ) ;
#735 = VECTOR ( 'NONE', #7067, 1000.000000000000000 ) ;
#736 = FACE_OUTER_BOUND ( 'NONE', #432, .T. ) ;
#737 = ORIENTED_EDGE ( 'NONE', *, *, #6652, .F. ) ;
#738 = EDGE_LOOP ( 'NONE', ( #2271, #6344, #3800, #4290 ) ) ;
#739 = VECTOR ( 'NONE', #5171, 1000.000000000000000 ) ;
#740 = VERTEX_POINT ( 'NONE', #3708 ) ;
#741 = CARTESIAN_POINT ( 'NONE',  ( -0.07499999999999840128, 0.8499999999999989786, 0.05499999999999889699 ) ) ;
#742 = ADVANCED_FACE ( 'NONE', ( #4329 ), #1806, .T. ) ;
#743 = CARTESIAN_POINT ( 'NONE',  ( -0.3249999999999980127, 0.9999999999999988898, 0.07866077735406409865 ) ) ;
#744 = VECTOR ( 'NONE', #1609, 1000.000000000000000 ) ;
#745 = EDGE_CURVE ( 'NONE', #1126, #4321, #1182, .T. ) ;
#746 = EDGE_CURVE ( 'NONE', #6410, #4101, #1885, .T. ) ;
#747 = VECTOR ( 'NONE', #6005, 1000.000000000000000 ) ;
#748 = ORIENTED_EDGE ( 'NONE', *, *, #5443, .F. ) ;
#749 = DIRECTION ( 'NONE',  ( 0.000000000000000000, 2.289834988289389802E-16, 1.000000000000000000 ) ) ;
#750 = CARTESIAN_POINT ( 'NONE',  ( -3.115000000000000213, -1.100000000000000089, 0.5100000000000000089 ) ) ;
#751 = DIRECTION ( 'NONE',  ( 0.000000000000000000, 2.289834988289389802E-16, 1.000000000000000000 ) ) ;
#752 = CARTESIAN_POINT ( 'NONE',  ( -3.265000000000000124, -1.464196000000000053, 0.5200000000000000178 ) ) ;
#753 = VECTOR ( 'NONE', #3756, 1000.000000000000000 ) ;
#754 = EDGE_LOOP ( 'NONE', ( #6220, #5158, #7057, #3602 ) ) ;
#755 = CARTESIAN_POINT ( 'NONE',  ( 2.325000000000000178, 0.9999999999999988898, 0.3099999999999978328 ) ) ;
#756 = DIRECTION ( 'NONE',  ( 1.000000000000000000, -2.804146475863970139E-32, 2.987057121330055487E-48 ) ) ;
#757 = DIRECTION ( 'NONE',  ( -1.000000000000000000, 2.804146475863970139E-32, -2.987057121330055487E-48 ) ) ;
#758 = DIRECTION ( 'NONE',  ( 0.000000000000000000, -1.065228634467009955E-16, -1.000000000000000000 ) ) ;
#759 = ORIENTED_EDGE ( 'NONE', *, *, #8190, .T. ) ;
#760 = LINE ( 'NONE', #7143, #688 ) ;
#761 = DIRECTION ( 'NONE',  ( -0.000000000000000000, -1.065228634467009955E-16, -1.000000000000000000 ) ) ;
#762 = CARTESIAN_POINT ( 'NONE',  ( -1.675000000000000044, 0.9999999999999991118, -0.8336977386159070136 ) ) ;
#763 = CARTESIAN_POINT ( 'NONE',  ( 0.1750000000000009881, 1.299999999999990274, 0.04999999999999959338 ) ) ;
#764 = LINE ( 'NONE', #135, #5909 ) ;
#765 = DIRECTION ( 'NONE',  ( 5.243344273594249610E-32, 1.000000000000000000, -1.200639317332292868E-47 ) ) ;
#766 = CARTESIAN_POINT ( 'NONE',  ( 0.8250000000000019540, 0.9999999999999988898, 0.3099999999999970002 ) ) ;
#767 = ORIENTED_EDGE ( 'NONE', *, *, #2131, .T. ) ;
#768 = LINE ( 'NONE', #4046, #1283 ) ;
#769 = EDGE_LOOP ( 'NONE', ( #250, #7959, #1491, #7027 ) ) ;
#770 = ORIENTED_EDGE ( 'NONE', *, *, #7753, .F. ) ;
#771 = LINE ( 'NONE', #5908, #209 ) ;
#772 = VECTOR ( 'NONE', #674, 1000.000000000000000 ) ;
#773 = MECHANICAL_DESIGN_GEOMETRIC_PRESENTATION_REPRESENTATION (  '', ( #1584 ), #1324 ) ;
#774 = EDGE_LOOP ( 'NONE', ( #6660, #7132, #5140, #1102, #618, #3380, #7907, #2679, #5828, #6827, #1687 ) ) ;
#775 = CARTESIAN_POINT ( 'NONE',  ( -1.337499999999999911, 0.9199999999999990408, 0.07999999999999930778 ) ) ;
#776 = EDGE_CURVE ( 'NONE', #2588, #7776, #1256, .T. ) ;
#777 = ORIENTED_EDGE ( 'NONE', *, *, #7168, .F. ) ;
#778 = VERTEX_POINT ( 'NONE', #82 ) ;
#779 = ORIENTED_EDGE ( 'NONE', *, *, #3817, .T. ) ;
#780 = CARTESIAN_POINT ( 'NONE',  ( -47.10249999999999915, 0.9999999999999988898, 0.03000000000000959885 ) ) ;
#781 = LINE ( 'NONE', #6580, #6341 ) ;
#782 = EDGE_CURVE ( 'NONE', #3297, #1401, #2682, .T. ) ;
#783 = ORIENTED_EDGE ( 'NONE', *, *, #5841, .T. ) ;
#784 = CARTESIAN_POINT ( 'NONE',  ( -2.450000000000000622, 0.9999999999999988898, 0.02999999999999913847 ) ) ;
#785 = CARTESIAN_POINT ( 'NONE',  ( -3.115000000000000213, -1.899999999999999911, 0.8199999999999999512 ) ) ;
#786 = ADVANCED_FACE ( 'NONE', ( #1460 ), #5725, .T. ) ;
#787 = EDGE_CURVE ( 'NONE', #6499, #944, #1964, .T. ) ;
#788 = LINE ( 'NONE', #1376, #3373 ) ;
#789 = LINE ( 'NONE', #1504, #4058 ) ;
#790 = ORIENTED_EDGE ( 'NONE', *, *, #7485, .T. ) ;
#791 = EDGE_CURVE ( 'NONE', #3080, #4112, #1374, .T. ) ;
#792 = CARTESIAN_POINT ( 'NONE',  ( 2.952500000000000124, 0.9999999999999988898, 0.02999999999999800049 ) ) ;
#793 = FACE_OUTER_BOUND ( 'NONE', #1782, .T. ) ;
#794 = DIRECTION ( 'NONE',  ( -2.289834988289389802E-16, -2.289834988289389802E-16, -1.000000000000000000 ) ) ;
#795 = LINE ( 'NONE', #92, #78 ) ;
#796 = EDGE_CURVE ( 'NONE', #7621, #4863, #4522, .T. ) ;
#797 = ORIENTED_EDGE ( 'NONE', *, *, #7973, .T. ) ;
#798 = VECTOR ( 'NONE', #422, 999.9999999999998863 ) ;
#799 = FACE_OUTER_BOUND ( 'NONE', #1881, .T. ) ;
#800 = ADVANCED_FACE ( 'NONE', ( #118 ), #1297, .T. ) ;
#801 = CARTESIAN_POINT ( 'NONE',  ( -3.265000000000000124, -1.799999999999990274, 0.3700000000000010503 ) ) ;
#802 = CARTESIAN_POINT ( 'NONE',  ( 0.4500000000000012323, 0.9999999999999988898, 0.02999999999999896846 ) ) ;
#803 = CARTESIAN_POINT ( 'NONE',  ( 3.115000000000000213, -1.600000000000000089, 0.1199999999999980110 ) ) ;
#804 = CARTESIAN_POINT ( 'NONE',  ( 1.824999999999999956, 1.350000000000000089, 0.1705002310154639933 ) ) ;
#805 = ORIENTED_EDGE ( 'NONE', *, *, #6112, .T. ) ;
#806 = CARTESIAN_POINT ( 'NONE',  ( -1.325000000000000400, 1.349999999999999867, 0.3099999999999988320 ) ) ;
#807 = DIRECTION ( 'NONE',  ( -1.000000000000000000, 0.000000000000000000, -0.000000000000000000 ) ) ;
#808 = ORIENTED_EDGE ( 'NONE', *, *, #1352, .T. ) ;
#809 = FACE_OUTER_BOUND ( 'NONE', #6370, .T. ) ;
#810 = VERTEX_POINT ( 'NONE', #3312 ) ;
#811 = ORIENTED_EDGE ( 'NONE', *, *, #5295, .T. ) ;
#812 = FACE_OUTER_BOUND ( 'NONE', #2400, .T. ) ;
#813 = CIRCLE ( 'NONE', #6170, 0.05000000000000070360 ) ;
#814 = ORIENTED_EDGE ( 'NONE', *, *, #2335, .T. ) ;
#815 = DIRECTION ( 'NONE',  ( 0.7071067811865431318, -7.532303909457139086E-17, -0.7071067811865520136 ) ) ;
#816 = ORIENTED_EDGE ( 'NONE', *, *, #4470, .T. ) ;
#817 = ORIENTED_EDGE ( 'NONE', *, *, #7072, .F. ) ;
#818 = ORIENTED_EDGE ( 'NONE', *, *, #115, .T. ) ;
#819 = CYLINDRICAL_SURFACE ( 'NONE', #3157, 0.05000000000000070360 ) ;
#820 = LINE ( 'NONE', #6045, #5942 ) ;
#821 = VECTOR ( 'NONE', #6239, 1000.000000000000000 ) ;
#822 = ORIENTED_EDGE ( 'NONE', *, *, #7884, .T. ) ;
#823 = DIRECTION ( 'NONE',  ( -2.289834988289389802E-16, -2.289834988289389802E-16, -1.000000000000000000 ) ) ;
#824 = EDGE_CURVE ( 'NONE', #6804, #104, #7671, .T. ) ;
#825 = CARTESIAN_POINT ( 'NONE',  ( 3.265000000000000124, -1.824999999999989964, 0.1699999999999980138 ) ) ;
#826 = DIRECTION ( 'NONE',  ( 0.000000000000000000, 1.000000000000000000, -2.289834988289389802E-16 ) ) ;
#827 = DIRECTION ( 'NONE',  ( 2.289834988289389802E-16, -0.000000000000000000, 1.000000000000000000 ) ) ;
#828 = ORIENTED_EDGE ( 'NONE', *, *, #7666, .F. ) ;
#829 = EDGE_CURVE ( 'NONE', #4153, #689, #664, .T. ) ;
#830 = VECTOR ( 'NONE', #5656, 1000.000000000000000 ) ;
#831 = EDGE_CURVE ( 'NONE', #50, #6887, #6466, .T. ) ;
#832 = FACE_OUTER_BOUND ( 'NONE', #6373, .T. ) ;
#833 = EDGE_CURVE ( 'NONE', #7853, #5302, #1336, .T. ) ;
#834 = CARTESIAN_POINT ( 'NONE',  ( 2.952500000000003677, 0.9999999999999988898, 0.02999999999999813580 ) ) ;
#835 = FACE_OUTER_BOUND ( 'NONE', #7243, .T. ) ;
#836 = DIRECTION ( 'NONE',  ( 1.000000000000000000, -5.243344273594249610E-32, -2.289834988289389802E-16 ) ) ;
#837 = ORIENTED_EDGE ( 'NONE', *, *, #6548, .T. ) ;
#838 = CARTESIAN_POINT ( 'NONE',  ( 3.265000000000000124, -1.600000000000000089, 0.3978428499183340183 ) ) ;
#839 = VECTOR ( 'NONE', #1132, 1000.000000000000000 ) ;
#840 = CARTESIAN_POINT ( 'NONE',  ( -0.3374999999999980238, 0.9999999999999988898, 0.07999999999999900246 ) ) ;
#841 = DIRECTION ( 'NONE',  ( 1.000000000000000000, -0.000000000000000000, -2.289834988289389802E-16 ) ) ;
#842 = CARTESIAN_POINT ( 'NONE',  ( -2.325000000000000178, 0.9999999999999988898, 0.3099999999999992761 ) ) ;
#843 = EDGE_CURVE ( 'NONE', #504, #5564, #5880, .T. ) ;
#844 = AXIS2_PLACEMENT_3D ( 'NONE', #4432, #7036, #5675 ) ;
#845 = CARTESIAN_POINT ( 'NONE',  ( 2.764999999999999236, -1.099999999999994982, 0.7199999999999978639 ) ) ;
#846 = CARTESIAN_POINT ( 'NONE',  ( -1.324999999999999956, 0.9999999999999988898, 0.07866077735406430682 ) ) ;
#847 = LINE ( 'NONE', #5241, #7112 ) ;
#848 = CARTESIAN_POINT ( 'NONE',  ( -1.324999999999999956, 0.9199999999999860512, -5.905692601615433158E-16 ) ) ;
#849 = VERTEX_POINT ( 'NONE', #2723 ) ;
#850 = LINE ( 'NONE', #5867, #7410 ) ;
#851 = ORIENTED_EDGE ( 'NONE', *, *, #6046, .T. ) ;
#852 = VECTOR ( 'NONE', #3128, 1000.000000000000000 ) ;
#853 = CARTESIAN_POINT ( 'NONE',  ( -1.824999999999999956, 0.9199999999999860512, -4.440892098500630106E-16 ) ) ;
#854 = VECTOR ( 'NONE', #3854, 1000.000000000000000 ) ;
#855 = EDGE_CURVE ( 'NONE', #2981, #4977, #6423, .T. ) ;
#856 = VERTEX_POINT ( 'NONE', #153 ) ;
#857 = LINE ( 'NONE', #7830, #7913 ) ;
#858 = ORIENTED_EDGE ( 'NONE', *, *, #4223, .T. ) ;
#859 = ORIENTED_EDGE ( 'NONE', *, *, #5249, .F. ) ;
#860 = ORIENTED_EDGE ( 'NONE', *, *, #7656, .T. ) ;
#861 = FACE_OUTER_BOUND ( 'NONE', #4354, .T. ) ;
#862 = AXIS2_PLACEMENT_3D ( 'NONE', #2324, #4211, #4166 ) ;
#863 = CARTESIAN_POINT ( 'NONE',  ( -1.837499999999999911, 0.9199999999999990408, 0.07999999999999940492 ) ) ;
#864 = AXIS2_PLACEMENT_3D ( 'NONE', #7095, #4038, #5896 ) ;
#865 = EDGE_LOOP ( 'NONE', ( #4632, #2354, #4307, #7443 ) ) ;
#866 = PLANE ( 'NONE',  #7779 ) ;
#867 = ORIENTED_EDGE ( 'NONE', *, *, #5495, .T. ) ;
#868 = CARTESIAN_POINT ( 'NONE',  ( -0.4249999999999999889, 0.8499999999999989786, 0.05499999999999909822 ) ) ;
#869 = PLANE ( 'NONE',  #2664 ) ;
#870 = ORIENTED_EDGE ( 'NONE', *, *, #6053, .F. ) ;
#871 = CARTESIAN_POINT ( 'NONE',  ( 3.115000000000000213, -1.749999999999991562, 0.4199999999999990408 ) ) ;
#872 = AXIS2_PLACEMENT_3D ( 'NONE', #6369, #6613, #6442 ) ;
#873 = DIRECTION ( 'NONE',  ( 1.000000000000000000, -0.000000000000000000, -2.289834988289389802E-16 ) ) ;
#874 = ORIENTED_EDGE ( 'NONE', *, *, #3222, .T. ) ;
#875 = EDGE_CURVE ( 'NONE', #8195, #1589, #7748, .T. ) ;
#876 = EDGE_LOOP ( 'NONE', ( #7155, #6698, #7209, #6252, #4943, #2266, #5668, #3687, #6712, #6573, #7739, #3031, #4676, #4821, #1902, #5831, #70, #748, #2895, #3214, #8171, #5096, #3094, #3933, #3763, #5305, #5428, #4078, #7342, #1884, #3466, #7783, #4259, #7269, #8100, #3149, #5874, #584, #4730, #1650, #6457, #3880, #2847, #6240 ) ) ;
#877 = LINE ( 'NONE', #2774, #1254 ) ;
#878 = VECTOR ( 'NONE', #1990, 1000.000000000000000 ) ;
#879 = DIRECTION ( 'NONE',  ( 2.439197797730288502E-32, -1.000000000000000000, 1.065228634467009955E-16 ) ) ;
#880 = CARTESIAN_POINT ( 'NONE',  ( 2.325000000000000178, 1.245779075397750235, 0.1705002310154639933 ) ) ;
#881 = DIRECTION ( 'NONE',  ( 0.000000000000000000, 0.000000000000000000, -1.000000000000000000 ) ) ;
#882 = EDGE_CURVE ( 'NONE', #7982, #5122, #7710, .T. ) ;
#883 = ORIENTED_EDGE ( 'NONE', *, *, #2547, .F. ) ;
#884 = VECTOR ( 'NONE', #2909, 1000.000000000000000 ) ;
#885 = LINE ( 'NONE', #7893, #5356 ) ;
#886 = DIRECTION ( 'NONE',  ( -1.000000000000000000, 2.804146475863970139E-32, -2.987057121330055487E-48 ) ) ;
#887 = PLANE ( 'NONE',  #708 ) ;
#888 = PLANE ( 'NONE',  #4501 ) ;
#889 = EDGE_CURVE ( 'NONE', #6514, #4101, #5807, .T. ) ;
#890 = EDGE_CURVE ( 'NONE', #2931, #3930, #5220, .T. ) ;
#891 = DIRECTION ( 'NONE',  ( -1.000000000000000000, 5.243344273594249610E-32, 2.289834988289389802E-16 ) ) ;
#892 = CARTESIAN_POINT ( 'NONE',  ( 1.050000000000000044, 0.6999999999999990674, 0.02999999999999854519 ) ) ;
#893 = DIRECTION ( 'NONE',  ( 0.7071067811865431318, -7.532303909457139086E-17, -0.7071067811865520136 ) ) ;
#894 = CARTESIAN_POINT ( 'NONE',  ( 0.6750000000000010436, 1.299999999999990274, 0.04999999999999951011 ) ) ;
#895 = ORIENTED_EDGE ( 'NONE', *, *, #7482, .T. ) ;
#896 = CARTESIAN_POINT ( 'NONE',  ( -3.265000000000000124, -1.600000000000000089, 0.05000000000000040523 ) ) ;
#897 = DIRECTION ( 'NONE',  ( 1.000000000000000000, 0.000000000000000000, -2.289834988289389802E-16 ) ) ;
#898 = CARTESIAN_POINT ( 'NONE',  ( 3.500000000000000000, 0.6948629999999990092, 0.9999999999999981126 ) ) ;
#899 = EDGE_CURVE ( 'NONE', #2296, #419, #5844, .T. ) ;
#900 = EDGE_CURVE ( 'NONE', #8003, #6981, #7126, .T. ) ;
#901 = ORIENTED_EDGE ( 'NONE', *, *, #2032, .T. ) ;
#902 = DIRECTION ( 'NONE',  ( -1.000000000000000000, 5.243344273594249610E-32, 2.289834988289389802E-16 ) ) ;
#903 = ORIENTED_EDGE ( 'NONE', *, *, #2582, .T. ) ;
#904 = ORIENTED_EDGE ( 'NONE', *, *, #4575, .T. ) ;
#905 = VERTEX_POINT ( 'NONE', #784 ) ;
#906 = FACE_OUTER_BOUND ( 'NONE', #2937, .T. ) ;
#907 = DIRECTION ( 'NONE',  ( 1.000000000000000000, -5.243344273594249610E-32, -2.289834988289389802E-16 ) ) ;
#908 = VECTOR ( 'NONE', #2732, 1000.000000000000000 ) ;
#909 = ORIENTED_EDGE ( 'NONE', *, *, #7365, .F. ) ;
#910 = DIRECTION ( 'NONE',  ( 0.000000000000000000, 0.9751328557914595851, 0.2216211035889688874 ) ) ;
#911 = ORIENTED_EDGE ( 'NONE', *, *, #2164, .T. ) ;
#912 = CARTESIAN_POINT ( 'NONE',  ( -0.3249999999999980127, 0.9199999999999868283, -7.949023383968518534E-16 ) ) ;
#913 = FACE_OUTER_BOUND ( 'NONE', #5857, .T. ) ;
#914 = ORIENTED_EDGE ( 'NONE', *, *, #7111, .F. ) ;
#915 = VECTOR ( 'NONE', #3831, 1000.000000000000000 ) ;
#916 = PLANE ( 'NONE',  #2746 ) ;
#917 = VECTOR ( 'NONE', #1095, 1000.000000000000000 ) ;
#918 = DIRECTION ( 'NONE',  ( -2.749265917143365229E-63, -1.000000000000000000, -1.200639317332289951E-47 ) ) ;
#919 = VERTEX_POINT ( 'NONE', #1587 ) ;
#920 = EDGE_LOOP ( 'NONE', ( #858, #4182, #7622, #408 ) ) ;
#921 = DIRECTION ( 'NONE',  ( 5.243344273594249610E-32, 1.000000000000000000, -1.200639317332292868E-47 ) ) ;
#922 = CARTESIAN_POINT ( 'NONE',  ( 2.325000000000000178, 0.9199999999999866063, 0.03619548911246003170 ) ) ;
#923 = DIRECTION ( 'NONE',  ( 0.000000000000000000, 0.000000000000000000, -1.000000000000000000 ) ) ;
#924 = LINE ( 'NONE', #1512, #3594 ) ;
#925 = ORIENTED_EDGE ( 'NONE', *, *, #5654, .F. ) ;
#926 = CARTESIAN_POINT ( 'NONE',  ( -3.265000000000000124, -1.749999999999990008, 0.4200000000000000400 ) ) ;
#927 = DIRECTION ( 'NONE',  ( -1.000000000000000000, 2.804146475863970139E-32, -2.987057121330055487E-48 ) ) ;
#928 = FACE_OUTER_BOUND ( 'NONE', #6793, .T. ) ;
#929 = CARTESIAN_POINT ( 'NONE',  ( 3.399999999999999911, 0.9999999999999988898, 0.3099999999999979994 ) ) ;
#930 = VECTOR ( 'NONE', #3985, 1000.000000000000000 ) ;
#931 = EDGE_CURVE ( 'NONE', #4998, #7982, #4195, .T. ) ;
#932 = LINE ( 'NONE', #6648, #6729 ) ;
#933 = DIRECTION ( 'NONE',  ( 2.289834988289389802E-16, -0.000000000000000000, 1.000000000000000000 ) ) ;
#934 = CARTESIAN_POINT ( 'NONE',  ( 1.574999999999999956, 0.8499999999999989786, 0.05499999999999850148 ) ) ;
#935 = LINE ( 'NONE', #3590, #4370 ) ;
#936 = PRODUCT_DEFINITION ( 'UNKNOWN', '', #7846, #2565 ) ;
#937 = VERTEX_POINT ( 'NONE', #4241 ) ;
#939 = ADVANCED_FACE ( 'NONE', ( #2175 ), #5477, .T. ) ;
#938 = DIRECTION ( 'NONE',  ( 1.000000000000000000, -0.000000000000000000, -2.289834988289389802E-16 ) ) ;
#940 = CARTESIAN_POINT ( 'NONE',  ( -0.6749999999999980460, 0.9431866336109966387, 0.06541154699933844630 ) ) ;
#941 = CARTESIAN_POINT ( 'NONE',  ( -0.3249999999999980127, 0.9199999999999860512, -8.126138650865743281E-16 ) ) ;
#942 = EDGE_CURVE ( 'NONE', #6939, #1553, #7252, .T. ) ;
#943 = EDGE_CURVE ( 'NONE', #1247, #2344, #1672, .T. ) ;
#944 = VERTEX_POINT ( 'NONE', #7298 ) ;
#945 = CARTESIAN_POINT ( 'NONE',  ( 1.449999999999999956, 0.9999999999999988898, 0.02999999999999687986 ) ) ;
#947 = VERTEX_POINT ( 'NONE', #3562 ) ;
#946 = EDGE_LOOP ( 'NONE', ( #5182, #7694, #714, #427 ) ) ;
#948 = EDGE_CURVE ( 'NONE', #5834, #8201, #2896, .T. ) ;
#949 = ORIENTED_EDGE ( 'NONE', *, *, #8038, .T. ) ;
#950 = ORIENTED_EDGE ( 'NONE', *, *, #3244, .F. ) ;
#951 = CARTESIAN_POINT ( 'NONE',  ( 0.1750000000000009881, 1.350000000000000089, 0.1099999999999980022 ) ) ;
#952 = DIRECTION ( 'NONE',  ( 1.000000000000000000, 4.948562843061550213E-17, -2.177367650947074402E-16 ) ) ;
#953 = ADVANCED_FACE ( 'NONE', ( #8010 ), #4772, .T. ) ;
#954 = EDGE_CURVE ( 'NONE', #6794, #6916, #199, .T. ) ;
#955 = ADVANCED_FACE ( 'NONE', ( #6630 ), #958, .T. ) ;
#956 = VERTEX_POINT ( 'NONE', #7967 ) ;
#957 = VERTEX_POINT ( 'NONE', #5349 ) ;
#958 = PLANE ( 'NONE',  #7052 ) ;
#959 = PLANE ( 'NONE',  #6257 ) ;
#960 = ORIENTED_EDGE ( 'NONE', *, *, #7673, .T. ) ;
#961 = LINE ( 'NONE', #3566, #466 ) ;
#962 = VECTOR ( 'NONE', #7226, 1000.000000000000000 ) ;
#963 = PLANE ( 'NONE',  #5250 ) ;
#964 = ORIENTED_EDGE ( 'NONE', *, *, #1972, .T. ) ;
#965 = EDGE_LOOP ( 'NONE', ( #8045, #5094, #6745, #1844 ) ) ;
#966 = CARTESIAN_POINT ( 'NONE',  ( 3.265000000000000124, -1.799999999999990274, 0.4199999999999989853 ) ) ;
#967 = FACE_OUTER_BOUND ( 'NONE', #4771, .T. ) ;
#968 = DIRECTION ( 'NONE',  ( 1.000000000000000000, -5.243344273594249610E-32, -2.289834988289389802E-16 ) ) ;
#969 = LINE ( 'NONE', #2319, #4104 ) ;
#970 = VERTEX_POINT ( 'NONE', #912 ) ;
#971 = ORIENTED_EDGE ( 'NONE', *, *, #1716, .T. ) ;
#972 = CARTESIAN_POINT ( 'NONE',  ( 3.102500000000000036, -1.749999999999999778, 0.1799999999999979672 ) ) ;
#973 = DIRECTION ( 'NONE',  ( -1.000000000000000000, 5.243344273594249610E-32, 2.289834988289389802E-16 ) ) ;
#974 = DIRECTION ( 'NONE',  ( 1.000000000000000000, -5.243344273594249610E-32, -0.000000000000000000 ) ) ;
#975 = DIRECTION ( 'NONE',  ( -1.000000000000000000, 5.243344273594249610E-32, 2.289834988289389802E-16 ) ) ;
#976 = CARTESIAN_POINT ( 'NONE',  ( -0.8249999999999979572, 1.350000000000000089, 0.1705002310154649925 ) ) ;
#977 = DIRECTION ( 'NONE',  ( -1.000000000000000000, 5.243344273594249610E-32, 2.289834988289389802E-16 ) ) ;
#978 = AXIS2_PLACEMENT_3D ( 'NONE', #1676, #1180, #7385 ) ;
#979 = CARTESIAN_POINT ( 'NONE',  ( -47.10249999999999915, 0.9999999999999988898, 0.03000000000000959885 ) ) ;
#980 = DIRECTION ( 'NONE',  ( 1.000000000000000000, -5.243344273594249610E-32, -2.289834988289389802E-16 ) ) ;
#981 = ORIENTED_EDGE ( 'NONE', *, *, #3925, .T. ) ;
#982 = CARTESIAN_POINT ( 'NONE',  ( 0.1750000000000009881, 0.9199999999999868283, -9.041899173833909962E-16 ) ) ;
#983 = DIRECTION ( 'NONE',  ( -1.000000000000000000, 2.804146475863970139E-32, -2.987057121330055487E-48 ) ) ;
#984 = VECTOR ( 'NONE', #392, 1000.000000000000000 ) ;
#985 = ADVANCED_FACE ( 'NONE', ( #244 ), #4152, .T. ) ;
#986 = ORIENTED_EDGE ( 'NONE', *, *, #3110, .F. ) ;
#987 = PLANE ( 'NONE',  #7277 ) ;
#989 = ORIENTED_EDGE ( 'NONE', *, *, #7315, .T. ) ;
#988 = ORIENTED_EDGE ( 'NONE', *, *, #1215, .T. ) ;
#990 = VERTEX_POINT ( 'NONE', #1499 ) ;
#991 = VERTEX_POINT ( 'NONE', #6009 ) ;
#992 = EDGE_CURVE ( 'NONE', #658, #7440, #2770, .T. ) ;
#993 = DIRECTION ( 'NONE',  ( -1.000000000000000000, -1.144917494144693668E-16, 1.144917494144857357E-16 ) ) ;
#994 = CARTESIAN_POINT ( 'NONE',  ( -3.240710678118654986, 0.4600000000000002420, 0.9192893218813457112 ) ) ;
#995 = AXIS2_PLACEMENT_3D ( 'NONE', #6388, #41, #1300 ) ;
#996 = EDGE_CURVE ( 'NONE', #2600, #7336, #5966, .T. ) ;
#997 = VECTOR ( 'NONE', #8118, 1000.000000000000000 ) ;
#998 = VERTEX_POINT ( 'NONE', #5388 ) ;
#999 = ORIENTED_EDGE ( 'NONE', *, *, #5295, .F. ) ;
#1000 = DIRECTION ( 'NONE',  ( 1.000000000000000000, 0.000000000000000000, -2.289834988289389802E-16 ) ) ;
#1001 = AXIS2_PLACEMENT_3D ( 'NONE', #4026, #6549, #1923 ) ;
#1002 = ORIENTED_EDGE ( 'NONE', *, *, #6437, .T. ) ;
#1003 = LINE ( 'NONE', #4110, #5135 ) ;
#1004 = CARTESIAN_POINT ( 'NONE',  ( -3.115000000000000213, -1.824999999999989964, 0.3700000000000010503 ) ) ;
#1005 = EDGE_CURVE ( 'NONE', #5378, #5026, #4852, .T. ) ;
#1006 = VERTEX_POINT ( 'NONE', #7921 ) ;
#1007 = VECTOR ( 'NONE', #5739, 1000.000000000000000 ) ;
#1008 = ORIENTED_EDGE ( 'NONE', *, *, #7627, .F. ) ;
#1009 = CARTESIAN_POINT ( 'NONE',  ( 3.299999999999999822, 0.8999999999999980238, 0.8400000000000085176 ) ) ;
#1010 = CARTESIAN_POINT ( 'NONE',  ( 0.4000000000000007994, 0.8499999999999989786, 0.07999999999999872491 ) ) ;
#1011 = VECTOR ( 'NONE', #1707, 1000.000000000000000 ) ;
#1012 = CARTESIAN_POINT ( 'NONE',  ( 2.075000000000000178, 0.8499999999999999778, 0.05499999999999820310 ) ) ;
#1013 = ORIENTED_EDGE ( 'NONE', *, *, #1766, .T. ) ;
#1014 = ORIENTED_EDGE ( 'NONE', *, *, #4084, .F. ) ;
#1015 = LINE ( 'NONE', #6113, #4562 ) ;
#1016 = VECTOR ( 'NONE', #7964, 1000.000000000000000 ) ;
#1017 = ORIENTED_EDGE ( 'NONE', *, *, #1776, .F. ) ;
#1018 = VECTOR ( 'NONE', #6923, 1000.000000000000000 ) ;
#1019 = CARTESIAN_POINT ( 'NONE',  ( 1.675000000000000044, 0.9431866336109969717, 0.06541154699933779404 ) ) ;
#1020 = DIRECTION ( 'NONE',  ( -0.5144957554275589873, -0.5144957554275143563, 0.6859943405700200669 ) ) ;
#1021 = DIRECTION ( 'NONE',  ( -5.326143172335051625E-17, -1.000000000000000000, 5.326143172335119418E-17 ) ) ;
#1022 = VECTOR ( 'NONE', #2420, 1000.000000000000000 ) ;
#1024 = CARTESIAN_POINT ( 'NONE',  ( -1.674999999999999822, 0.9999999999999991118, 0.07866077735406437621 ) ) ;
#1023 = VECTOR ( 'NONE', #386, 1000.000000000000000 ) ;
#1025 = CARTESIAN_POINT ( 'NONE',  ( -1.674999999999999822, 0.9999999999999988898, 0.3099999999999979994 ) ) ;
#1026 = LINE ( 'NONE', #3589, #7570 ) ;
#1027 = CARTESIAN_POINT ( 'NONE',  ( 1.675000000000000044, 1.673724317761259961, 0.3099999999999979439 ) ) ;
#1028 = VERTEX_POINT ( 'NONE', #7843 ) ;
#1029 = LINE ( 'NONE', #2291, #2306 ) ;
#1030 = DIRECTION ( 'NONE',  ( 1.000000000000000000, -5.243344273594249610E-32, -2.289834988289389802E-16 ) ) ;
#1031 = VECTOR ( 'NONE', #7407, 1000.000000000000000 ) ;
#1032 = VERTEX_POINT ( 'NONE', #2137 ) ;
#1033 = CARTESIAN_POINT ( 'NONE',  ( -3.265000000000000124, -1.899999999999999911, 0.3752010000000010059 ) ) ;
#1035 = ORIENTED_EDGE ( 'NONE', *, *, #2181, .T. ) ;
#1034 = ORIENTED_EDGE ( 'NONE', *, *, #5012, .T. ) ;
#1036 = ORIENTED_EDGE ( 'NONE', *, *, #5833, .F. ) ;
#1037 = EDGE_CURVE ( 'NONE', #2882, #3370, #4812, .T. ) ;
#1038 = VERTEX_POINT ( 'NONE', #375 ) ;
#1039 = LINE ( 'NONE', #1313, #1007 ) ;
#1040 = CARTESIAN_POINT ( 'NONE',  ( 1.324999999999999956, 1.350000000000000089, 0.1099999999999979605 ) ) ;
#1041 = VECTOR ( 'NONE', #7689, 1000.000000000000000 ) ;
#1042 = EDGE_CURVE ( 'NONE', #3237, #146, #2939, .T. ) ;
#1043 = EDGE_LOOP ( 'NONE', ( #2911, #5175, #1451, #527 ) ) ;
#1044 = ORIENTED_EDGE ( 'NONE', *, *, #3973, .T. ) ;
#1045 = LINE ( 'NONE', #5678, #2893 ) ;
#1046 = ORIENTED_EDGE ( 'NONE', *, *, #3913, .F. ) ;
#1047 = EDGE_CURVE ( 'NONE', #5989, #4885, #8139, .T. ) ;
#1048 = CARTESIAN_POINT ( 'NONE',  ( 4.825000000000000178, 0.9999999999999988898, 0.3099999999999970002 ) ) ;
#1049 = CARTESIAN_POINT ( 'NONE',  ( -3.027499999999999858, -1.824999999999999956, 0.1799999999999990219 ) ) ;
#1050 = ORIENTED_EDGE ( 'NONE', *, *, #4893, .F. ) ;
#1051 = VECTOR ( 'NONE', #1511, 1000.000000000000000 ) ;
#1052 = EDGE_CURVE ( 'NONE', #6916, #4434, #5637, .T. ) ;
#1053 = ADVANCED_FACE ( 'NONE', ( #7502 ), #3609, .T. ) ;
#1054 = ORIENTED_EDGE ( 'NONE', *, *, #831, .T. ) ;
#1055 = CARTESIAN_POINT ( 'NONE',  ( 2.174999999999999822, 1.249999999999990008, -1.788933584601082316E-15 ) ) ;
#1056 = CARTESIAN_POINT ( 'NONE',  ( 5.325000000000000178, 0.9999999999999988898, 0.07999999999999841960 ) ) ;
#1057 = CARTESIAN_POINT ( 'NONE',  ( -0.3249999999999980127, 1.350000000000000089, 0.1705002310154649925 ) ) ;
#1058 = VERTEX_POINT ( 'NONE', #6231 ) ;
#1059 = ORIENTED_EDGE ( 'NONE', *, *, #4484, .F. ) ;
#1060 = EDGE_CURVE ( 'NONE', #7039, #1750, #8173, .T. ) ;
#1061 = LINE ( 'NONE', #2150, #962 ) ;
#1062 = ORIENTED_EDGE ( 'NONE', *, *, #4844, .T. ) ;
#1063 = PLANE ( 'NONE',  #862 ) ;
#1064 = LINE ( 'NONE', #2325, #3533 ) ;
#1065 = DIRECTION ( 'NONE',  ( -5.243344273594270410E-32, 1.000000000000000000, -2.289834988289389802E-16 ) ) ;
#1066 = ADVANCED_FACE ( 'NONE', ( #1760 ), #7549, .T. ) ;
#1067 = CARTESIAN_POINT ( 'NONE',  ( -0.3999999999999984679, 0.9199999999999981526, 0.07999999999999919675 ) ) ;
#1068 = LINE ( 'NONE', #3634, #4679 ) ;
#1069 = DIRECTION ( 'NONE',  ( -2.289834988289389802E-16, -2.289834988289389802E-16, -1.000000000000000000 ) ) ;
#1070 = LINE ( 'NONE', #1649, #1826 ) ;
#1071 = ORIENTED_EDGE ( 'NONE', *, *, #7424, .T. ) ;
#1072 = LINE ( 'NONE', #3458, #4838 ) ;
#1073 = LINE ( 'NONE', #3051, #5697 ) ;
#1074 = AXIS2_PLACEMENT_3D ( 'NONE', #3232, #6384, #4023 ) ;
#1075 = ORIENTED_EDGE ( 'NONE', *, *, #1156, .T. ) ;
#1076 = DIRECTION ( 'NONE',  ( -1.000000000000000000, 2.804146475863970139E-32, -2.987057121330055487E-48 ) ) ;
#1077 = DIRECTION ( 'NONE',  ( -1.000000000000000000, 0.000000000000000000, -0.000000000000000000 ) ) ;
#1078 = ORIENTED_EDGE ( 'NONE', *, *, #6879, .T. ) ;
#1079 = EDGE_LOOP ( 'NONE', ( #1210, #7456, #5076, #5321 ) ) ;
#1080 = VERTEX_POINT ( 'NONE', #5517 ) ;
#1081 = AXIS2_PLACEMENT_3D ( 'NONE', #3906, #5317, #1470 ) ;
#1082 = CARTESIAN_POINT ( 'NONE',  ( 1.350000000000000089, 1.350000000000000089, 0.3099999999999980549 ) ) ;
#1083 = VERTEX_POINT ( 'NONE', #1798 ) ;
#1084 = ORIENTED_EDGE ( 'NONE', *, *, #6437, .F. ) ;
#1085 = CARTESIAN_POINT ( 'NONE',  ( 1.675000000000000044, 0.9499999999999869660, 0.03619548911246039946 ) ) ;
#1086 = ORIENTED_EDGE ( 'NONE', *, *, #6386, .F. ) ;
#1087 = DIRECTION ( 'NONE',  ( 2.229998385641999896E-16, -0.2271122129663560585, 0.9738685962292472631 ) ) ;
#1088 = EDGE_CURVE ( 'NONE', #919, #1585, #4282, .T. ) ;
#1089 = DIRECTION ( 'NONE',  ( -1.000000000000000000, 0.000000000000000000, 2.289834988289389802E-16 ) ) ;
#1090 = ORIENTED_EDGE ( 'NONE', *, *, #5345, .F. ) ;
#1091 = EDGE_CURVE ( 'NONE', #6427, #2458, #5563, .T. ) ;
#1092 = ORIENTED_EDGE ( 'NONE', *, *, #7159, .T. ) ;
#1093 = VECTOR ( 'NONE', #1110, 1000.000000000000000 ) ;
#1094 = DIRECTION ( 'NONE',  ( -1.000000000000000000, -1.144917494144693668E-16, 1.144917494144857357E-16 ) ) ;
#1095 = DIRECTION ( 'NONE',  ( 2.439197797730288502E-32, -1.000000000000000000, 1.065228634467009955E-16 ) ) ;
#1096 = CARTESIAN_POINT ( 'NONE',  ( 1.175000000000000044, 1.245779075397750235, -1.111307226797642045E-15 ) ) ;
#1097 = ORIENTED_EDGE ( 'NONE', *, *, #502, .F. ) ;
#1098 = CARTESIAN_POINT ( 'NONE',  ( 2.325000000000000178, 1.350000000000000089, 0.1599999999999983380 ) ) ;
#1099 = ORIENTED_EDGE ( 'NONE', *, *, #2075, .T. ) ;
#1100 = DIRECTION ( 'NONE',  ( 0.000000000000000000, -0.9738685962292471521, -0.2271122129663560307 ) ) ;
#1101 = DIRECTION ( 'NONE',  ( -1.000000000000000000, 0.000000000000000000, 2.289834988289389802E-16 ) ) ;
#1102 = ORIENTED_EDGE ( 'NONE', *, *, #2284, .F. ) ;
#1103 = EDGE_CURVE ( 'NONE', #3930, #6875, #2497, .T. ) ;
#1104 = ADVANCED_FACE ( 'NONE', ( #2474 ), #6300, .T. ) ;
#1105 = CARTESIAN_POINT ( 'NONE',  ( -3.350000000000000089, 0.9499999999999990674, 0.6750000000000000444 ) ) ;
#1106 = CARTESIAN_POINT ( 'NONE',  ( -0.8249999999999979572, 1.299999999999990274, 0.1705002310154649925 ) ) ;
#1107 = DIRECTION ( 'NONE',  ( 2.439197797730288502E-32, -1.000000000000000000, 1.065228634467009955E-16 ) ) ;
#1108 = DIRECTION ( 'NONE',  ( -2.289834988289389802E-16, -2.289834988289389802E-16, -1.000000000000000000 ) ) ;
#1109 = ORIENTED_EDGE ( 'NONE', *, *, #4135, .F. ) ;
#1110 = DIRECTION ( 'NONE',  ( 0.000000000000000000, 1.065228634467009955E-16, 1.000000000000000000 ) ) ;
#1111 = EDGE_CURVE ( 'NONE', #4433, #8126, #1843, .T. ) ;
#1112 = PLANE ( 'NONE',  #1425 ) ;
#1113 = ADVANCED_FACE ( 'NONE', ( #6888 ), #4941, .F. ) ;
#1114 = VECTOR ( 'NONE', #2901, 1000.000000000000000 ) ;
#1115 = ORIENTED_EDGE ( 'NONE', *, *, #1758, .T. ) ;
#1116 = DIRECTION ( 'NONE',  ( 2.287576767830490100E-16, -0.04440061362072340173, 0.9990138064662086315 ) ) ;
#1117 = DIRECTION ( 'NONE',  ( -2.289834988289389802E-16, 0.000000000000000000, -1.000000000000000000 ) ) ;
#1118 = ORIENTED_EDGE ( 'NONE', *, *, #3448, .F. ) ;
#1119 = ORIENTED_EDGE ( 'NONE', *, *, #1824, .T. ) ;
#1120 = EDGE_LOOP ( 'NONE', ( #1993, #7426, #8165, #808, #7078, #904, #2367, #7349, #7586, #1946, #574 ) ) ;
#1121 = DIRECTION ( 'NONE',  ( 1.000000000000000000, -5.243344273594249610E-32, -2.289834988289389802E-16 ) ) ;
#1122 = VECTOR ( 'NONE', #3118, 1000.000000000000000 ) ;
#1123 = DIRECTION ( 'NONE',  ( -1.000000000000000000, -5.064598682745559595E-17, 2.171725397418661469E-16 ) ) ;
#1124 = CARTESIAN_POINT ( 'NONE',  ( -3.270000000000000018, 1.650000000000000355, 0.4699999999999994182 ) ) ;
#1125 = VECTOR ( 'NONE', #2009, 1000.000000000000000 ) ;
#1126 = VERTEX_POINT ( 'NONE', #4401 ) ;
#1127 = EDGE_LOOP ( 'NONE', ( #3262, #73, #5562, #4251 ) ) ;
#1128 = DIRECTION ( 'NONE',  ( 0.000000000000000000, 0.000000000000000000, -1.000000000000000000 ) ) ;
#1129 = EDGE_LOOP ( 'NONE', ( #5570, #6367, #7829, #883 ) ) ;
#1130 = DIRECTION ( 'NONE',  ( -2.289834988289389802E-16, 0.000000000000000000, -1.000000000000000000 ) ) ;
#1131 = AXIS2_PLACEMENT_3D ( 'NONE', #2173, #1116, #1748 ) ;
#1132 = DIRECTION ( 'NONE',  ( -1.000000000000000000, 0.000000000000000000, -0.000000000000000000 ) ) ;
#1133 = ORIENTED_EDGE ( 'NONE', *, *, #2790, .T. ) ;
#1134 = VECTOR ( 'NONE', #2099, 1000.000000000000000 ) ;
#1135 = AXIS2_PLACEMENT_3D ( 'NONE', #6667, #4678, #3382 ) ;
#1136 = ORIENTED_EDGE ( 'NONE', *, *, #4532, .T. ) ;
#1137 = CARTESIAN_POINT ( 'NONE',  ( 3.270000000000000018, 0.8999999999999980238, -0.7947080000000019684 ) ) ;
#1138 = LINE ( 'NONE', #1886, #5466 ) ;
#1139 = LINE ( 'NONE', #8066, #1631 ) ;
#1140 = VECTOR ( 'NONE', #5240, 1000.000000000000000 ) ;
#1141 = ORIENTED_EDGE ( 'NONE', *, *, #685, .T. ) ;
#1142 = EDGE_CURVE ( 'NONE', #32, #2841, #3959, .T. ) ;
#1143 = LINE ( 'NONE', #2415, #7663 ) ;
#1144 = DIRECTION ( 'NONE',  ( 1.000000000000000000, 0.000000000000000000, -2.289834988289389802E-16 ) ) ;
#1145 = ORIENTED_EDGE ( 'NONE', *, *, #4624, .T. ) ;
#1146 = VECTOR ( 'NONE', #6730, 1000.000000000000000 ) ;
#1147 = VECTOR ( 'NONE', #3377, 1000.000000000000000 ) ;
#1148 = EDGE_CURVE ( 'NONE', #3226, #1822, #5603, .T. ) ;
#1149 = DIRECTION ( 'NONE',  ( -0.7071067811865474617, 0.7071067811865474617, 0.000000000000000000 ) ) ;
#1150 = FACE_OUTER_BOUND ( 'NONE', #6802, .T. ) ;
#1151 = VECTOR ( 'NONE', #1244, 1000.000000000000000 ) ;
#1152 = CARTESIAN_POINT ( 'NONE',  ( 3.102500000000000036, 0.07493623042063711492, 0.9999999999999981126 ) ) ;
#1153 = FACE_OUTER_BOUND ( 'NONE', #3902, .T. ) ;
#1154 = ORIENTED_EDGE ( 'NONE', *, *, #4736, .T. ) ;
#1155 = CARTESIAN_POINT ( 'NONE',  ( 2.174999999999999822, 0.9199999999999866063, 0.03619548911246004558 ) ) ;
#1156 = EDGE_CURVE ( 'NONE', #7458, #6175, #2355, .T. ) ;
#1157 = CARTESIAN_POINT ( 'NONE',  ( -3.245000000000000107, 1.603724317761259899, 0.9150000000000000355 ) ) ;
#1158 = EDGE_CURVE ( 'NONE', #3515, #2861, #3771, .T. ) ;
#1159 = AXIS2_PLACEMENT_3D ( 'NONE', #5231, #7722, #7757 ) ;
#1160 = VECTOR ( 'NONE', #7376, 1000.000000000000000 ) ;
#1161 = ORIENTED_EDGE ( 'NONE', *, *, #6658, .T. ) ;
#1162 = DIRECTION ( 'NONE',  ( -1.000000000000000000, -0.000000000000000000, -0.000000000000000000 ) ) ;
#1163 = CARTESIAN_POINT ( 'NONE',  ( 1.324999999999999956, 0.9999999999999988898, 0.07866077735406359905 ) ) ;
#1164 = EDGE_CURVE ( 'NONE', #5564, #2938, #1045, .T. ) ;
#1165 = VERTEX_POINT ( 'NONE', #7587 ) ;
#1166 = EDGE_CURVE ( 'NONE', #111, #1661, #2982, .T. ) ;
#1167 = ORIENTED_EDGE ( 'NONE', *, *, #6386, .T. ) ;
#1168 = EDGE_LOOP ( 'NONE', ( #3683, #277, #1641, #2412 ) ) ;
#1169 = VECTOR ( 'NONE', #7568, 1000.000000000000000 ) ;
#1170 = EDGE_CURVE ( 'NONE', #6065, #6153, #5332, .T. ) ;
#1171 = CARTESIAN_POINT ( 'NONE',  ( -3.115000000000000213, -1.649999999999999911, 0.1199999999999999678 ) ) ;
#1172 = PLANE ( 'NONE',  #8192 ) ;
#1173 = CARTESIAN_POINT ( 'NONE',  ( -0.6749999999999980460, 1.349999999999999867, 0.3099999999999987210 ) ) ;
#1174 = EDGE_CURVE ( 'NONE', #4774, #8114, #2027, .T. ) ;
#1175 = ORIENTED_EDGE ( 'NONE', *, *, #394, .F. ) ;
#1176 = ORIENTED_EDGE ( 'NONE', *, *, #4388, .T. ) ;
#1177 = DIRECTION ( 'NONE',  ( 1.000000000000000000, 0.000000000000000000, -2.289834988289389802E-16 ) ) ;
#1178 = EDGE_LOOP ( 'NONE', ( #8219, #5051, #4151, #3464 ) ) ;
#1179 = DIRECTION ( 'NONE',  ( 0.000000000000000000, 0.7071067811865445751, 0.7071067811865504593 ) ) ;
#1180 = DIRECTION ( 'NONE',  ( 1.619157848017760137E-16, -0.7071067811864969466, 0.7071067811865980879 ) ) ;
#1181 = ORIENTED_EDGE ( 'NONE', *, *, #7010, .F. ) ;
#1182 = LINE ( 'NONE', #3151, #2550 ) ;
#1183 = DIRECTION ( 'NONE',  ( -0.000000000000000000, -0.9982048454657787007, -0.05989229072794666903 ) ) ;
#1184 = FACE_OUTER_BOUND ( 'NONE', #3745, .T. ) ;
#1185 = VECTOR ( 'NONE', #4495, 1000.000000000000000 ) ;
#1186 = DIRECTION ( 'NONE',  ( -1.000000000000000000, 2.804146475863970139E-32, -2.987057121330055487E-48 ) ) ;
#1187 = PLANE ( 'NONE',  #6048 ) ;
#1188 = VECTOR ( 'NONE', #39, 1000.000000000000000 ) ;
#1189 = FACE_OUTER_BOUND ( 'NONE', #4208, .T. ) ;
#1190 = DIRECTION ( 'NONE',  ( 0.7071067811865441310, 0.7071067811865510144, 0.000000000000000000 ) ) ;
#1191 = LINE ( 'NONE', #2536, #6907 ) ;
#1192 = CYLINDRICAL_SURFACE ( 'NONE', #3567, 0.04999999999999975298 ) ;
#1193 = ORIENTED_EDGE ( 'NONE', *, *, #6904, .F. ) ;
#1194 = CARTESIAN_POINT ( 'NONE',  ( 3.500000000000000000, 0.9999999999999988898, 0.07999999999999776734 ) ) ;
#1195 = CARTESIAN_POINT ( 'NONE',  ( 2.785000000000000142, -1.800000000000000266, 0.9199999999999981526 ) ) ;
#1196 = ADVANCED_FACE ( 'NONE', ( #3294 ), #2709, .T. ) ;
#1197 = EDGE_CURVE ( 'NONE', #4389, #2165, #850, .T. ) ;
#1198 = EDGE_LOOP ( 'NONE', ( #5197, #7405, #7196, #1747 ) ) ;
#1199 = DIRECTION ( 'NONE',  ( -1.000000000000000000, -0.000000000000000000, 2.289834988289389802E-16 ) ) ;
#1200 = CARTESIAN_POINT ( 'NONE',  ( 1.675000000000000266, 0.9999999999999988898, 0.3099999999999979994 ) ) ;
#1201 = VERTEX_POINT ( 'NONE', #1483 ) ;
#1202 = ORIENTED_EDGE ( 'NONE', *, *, #745, .F. ) ;
#1203 = ORIENTED_EDGE ( 'NONE', *, *, #6879, .F. ) ;
#1204 = ADVANCED_FACE ( 'NONE', ( #2203 ), #3413, .T. ) ;
#1205 = DIRECTION ( 'NONE',  ( 0.000000000000000000, 1.065228634467009955E-16, 1.000000000000000000 ) ) ;
#1206 = EDGE_CURVE ( 'NONE', #1550, #6629, #768, .T. ) ;
#1207 = EDGE_CURVE ( 'NONE', #4114, #3807, #4623, .T. ) ;
#1208 = CARTESIAN_POINT ( 'NONE',  ( 2.825000000000000178, 0.9999999999999988898, 0.07999999999999939104 ) ) ;
#1209 = LINE ( 'NONE', #7620, #4210 ) ;
#1210 = ORIENTED_EDGE ( 'NONE', *, *, #5587, .T. ) ;
#1211 = ORIENTED_EDGE ( 'NONE', *, *, #2790, .F. ) ;
#1212 = DIRECTION ( 'NONE',  ( -1.000000000000000000, 2.804146475863970139E-32, -2.987057121330055487E-48 ) ) ;
#1213 = ORIENTED_EDGE ( 'NONE', *, *, #5126, .T. ) ;
#1214 = CARTESIAN_POINT ( 'NONE',  ( -1.050000000000000044, 0.9999999999999988898, 0.02999999999999758415 ) ) ;
#1215 = EDGE_CURVE ( 'NONE', #6624, #404, #3559, .T. ) ;
#1216 = CARTESIAN_POINT ( 'NONE',  ( 0.8250000000000019540, 0.9199999999999866063, 0.03619548911246068396 ) ) ;
#1217 = ADVANCED_FACE ( 'NONE', ( #7821 ), #5990, .F. ) ;
#1218 = UNCERTAINTY_MEASURE_WITH_UNIT (LENGTH_MEASURE( 1.000000000000000082E-05 ), #6010, 'distance_accuracy_value', 'NONE');
#1219 = ORIENTED_EDGE ( 'NONE', *, *, #2133, .T. ) ;
#1220 = DIRECTION ( 'NONE',  ( 1.831867990631509672E-16, 0.5999999999999999778, 0.8000000000000000444 ) ) ;
#1221 = LINE ( 'NONE', #5067, #917 ) ;
#1222 = DIRECTION ( 'NONE',  ( 0.000000000000000000, 0.7071067811865440200, 0.7071067811865511255 ) ) ;
#1223 = CARTESIAN_POINT ( 'NONE',  ( -3.265000000000000124, -1.799999999999990274, 0.3700000000000010503 ) ) ;
#1224 = CARTESIAN_POINT ( 'NONE',  ( 1.324999999999999956, 0.9999999999999988898, 0.07866077735406359905 ) ) ;
#1225 = STYLED_ITEM ( 'NONE', ( #4036 ), #5558 ) ;
#1226 = CARTESIAN_POINT ( 'NONE',  ( -2.325000000000000178, 0.9199999999999863842, 0.03619548911246141948 ) ) ;
#1227 = LINE ( 'NONE', #3084, #915 ) ;
#1228 = CARTESIAN_POINT ( 'NONE',  ( -1.824999999999999956, 0.9499999999999869660, 0.03619548911246130152 ) ) ;
#1229 = DIRECTION ( 'NONE',  ( 0.000000000000000000, -0.9738685962292474851, -0.2271122129663545319 ) ) ;
#1230 = ORIENTED_EDGE ( 'NONE', *, *, #2404, .F. ) ;
#1231 = FACE_OUTER_BOUND ( 'NONE', #3858, .T. ) ;
#1232 = CARTESIAN_POINT ( 'NONE',  ( 0.6750000000000010436, 1.350000000000000089, 0.1705002310154649925 ) ) ;
#1233 = VECTOR ( 'NONE', #5405, 1000.000000000000000 ) ;
#1234 = ORIENTED_EDGE ( 'NONE', *, *, #2852, .F. ) ;
#1235 = PLANE ( 'NONE',  #3940 ) ;
#1236 = DIRECTION ( 'NONE',  ( -2.289834988289389802E-16, 0.000000000000000000, -1.000000000000000000 ) ) ;
#1237 = ORIENTED_EDGE ( 'NONE', *, *, #2533, .F. ) ;
#1238 = VERTEX_POINT ( 'NONE', #6959 ) ;
#1239 = ORIENTED_EDGE ( 'NONE', *, *, #2004, .T. ) ;
#1240 = EDGE_CURVE ( 'NONE', #5436, #5564, #5207, .T. ) ;
#1241 = DIRECTION ( 'NONE',  ( 0.000000000000000000, 0.000000000000000000, -1.000000000000000000 ) ) ;
#1242 = AXIS2_PLACEMENT_3D ( 'NONE', #5272, #5194, #162 ) ;
#1243 = ADVANCED_FACE ( 'NONE', ( #7154 ), #5371, .T. ) ;
#1244 = DIRECTION ( 'NONE',  ( 1.000000000000000000, 0.000000000000000000, -2.289834988289389802E-16 ) ) ;
#1245 = DIRECTION ( 'NONE',  ( 1.000000000000000000, -5.243344273594249610E-32, -2.289834988289389802E-16 ) ) ;
#1246 = ORIENTED_EDGE ( 'NONE', *, *, #1158, .F. ) ;
#1247 = VERTEX_POINT ( 'NONE', #1526 ) ;
#1248 = VECTOR ( 'NONE', #4855, 1000.000000000000000 ) ;
#1249 = ORIENTED_EDGE ( 'NONE', *, *, #4891, .T. ) ;
#1250 = DIRECTION ( 'NONE',  ( -0.7071067811865650032, 0.000000000000000000, 0.7071067811865300312 ) ) ;
#1251 = ADVANCED_FACE ( 'NONE', ( #809 ), #2159, .F. ) ;
#1252 = LINE ( 'NONE', #7667, #8048 ) ;
#1253 = ADVANCED_FACE ( 'NONE', ( #3371 ), #5905, .T. ) ;
#1254 = VECTOR ( 'NONE', #341, 1000.000000000000000 ) ;
#1255 = ORIENTED_EDGE ( 'NONE', *, *, #5643, .F. ) ;
#1256 = LINE ( 'NONE', #5571, #7187 ) ;
#1257 = DIRECTION ( 'NONE',  ( 1.000000000000000000, -5.243344273594249610E-32, -2.289834988289389802E-16 ) ) ;
#1258 = ADVANCED_FACE ( 'NONE', ( #4582 ), #7194, .T. ) ;
#1259 = DIRECTION ( 'NONE',  ( -0.000000000000000000, 0.8000000000000000444, -0.5999999999999999778 ) ) ;
#1260 = CARTESIAN_POINT ( 'NONE',  ( -47.10249999999999915, 0.9999999999999988898, 0.03000000000000959885 ) ) ;
#1261 = CARTESIAN_POINT ( 'NONE',  ( 1.350000000000000089, 1.350000000000000089, 0.3099999999999980549 ) ) ;
#1262 = ORIENTED_EDGE ( 'NONE', *, *, #4833, .F. ) ;
#1263 = VECTOR ( 'NONE', #3004, 1000.000000000000000 ) ;
#1264 = DIRECTION ( 'NONE',  ( -1.000000000000000000, 0.000000000000000000, -0.000000000000000000 ) ) ;
#1265 = CARTESIAN_POINT ( 'NONE',  ( 2.325000000000000178, 0.9999999999999988898, 0.07999999999999918288 ) ) ;
#1266 = LINE ( 'NONE', #6204, #7034 ) ;
#1267 = DIRECTION ( 'NONE',  ( 0.000000000000000000, 1.000000000000000000, -2.289834988289389802E-16 ) ) ;
#1268 = ORIENTED_EDGE ( 'NONE', *, *, #7365, .T. ) ;
#1269 = DIRECTION ( 'NONE',  ( 0.000000000000000000, -2.289834988289389802E-16, -1.000000000000000000 ) ) ;
#1270 = VECTOR ( 'NONE', #2358, 1000.000000000000000 ) ;
#1271 = DIRECTION ( 'NONE',  ( -1.000000000000000000, 5.243344273594249610E-32, 2.289834988289389802E-16 ) ) ;
#1272 = LINE ( 'NONE', #679, #6757 ) ;
#1273 = VECTOR ( 'NONE', #3446, 1000.000000000000000 ) ;
#1274 = ORIENTED_EDGE ( 'NONE', *, *, #1620, .F. ) ;
#1275 = CARTESIAN_POINT ( 'NONE',  ( 2.825000000000000178, 0.9999999999999988898, 0.07999999999999909961 ) ) ;
#1276 = CARTESIAN_POINT ( 'NONE',  ( -47.10249999999999915, 0.6999999999999999556, 0.03000000000000963007 ) ) ;
#1277 = VERTEX_POINT ( 'NONE', #1359 ) ;
#1278 = EDGE_LOOP ( 'NONE', ( #148, #2353, #2944, #3068 ) ) ;
#1279 = CIRCLE ( 'NONE', #5421, 0.02999999999999989828 ) ;
#1280 = ORIENTED_EDGE ( 'NONE', *, *, #890, .F. ) ;
#1281 = FACE_OUTER_BOUND ( 'NONE', #7329, .T. ) ;
#1282 = VECTOR ( 'NONE', #6503, 1000.000000000000000 ) ;
#1283 = VECTOR ( 'NONE', #6490, 1000.000000000000000 ) ;
#1284 = VECTOR ( 'NONE', #3887, 1000.000000000000000 ) ;
#1285 = DIRECTION ( 'NONE',  ( -1.000000000000000000, 0.000000000000000000, 2.289834988289389802E-16 ) ) ;
#1286 = DIRECTION ( 'NONE',  ( -0.7071067811865330288, 0.000000000000000000, 0.7071067811865621167 ) ) ;
#1287 = ORIENTED_EDGE ( 'NONE', *, *, #4126, .T. ) ;
#1288 = VECTOR ( 'NONE', #4618, 1000.000000000000000 ) ;
#1289 = ORIENTED_EDGE ( 'NONE', *, *, #2480, .F. ) ;
#1290 = ORIENTED_EDGE ( 'NONE', *, *, #3764, .F. ) ;
#1291 = AXIS2_PLACEMENT_3D ( 'NONE', #6649, #7446, #1739 ) ;
#1292 = DIRECTION ( 'NONE',  ( 0.000000000000000000, -1.000000000000000000, 2.289834988289389802E-16 ) ) ;
#1293 = LINE ( 'NONE', #5682, #6975 ) ;
#1294 = EDGE_CURVE ( 'NONE', #7, #4931, #5291, .T. ) ;
#1295 = ORIENTED_EDGE ( 'NONE', *, *, #6493, .T. ) ;
#1296 = ADVANCED_FACE ( 'NONE', ( #102 ), #6032, .F. ) ;
#1297 = PLANE ( 'NONE',  #537 ) ;
#1298 = DIRECTION ( 'NONE',  ( 0.000000000000000000, 1.065228634467009955E-16, 1.000000000000000000 ) ) ;
#1299 = LINE ( 'NONE', #5222, #1396 ) ;
#1300 = DIRECTION ( 'NONE',  ( 0.000000000000000000, 0.000000000000000000, -1.000000000000000000 ) ) ;
#1301 = CARTESIAN_POINT ( 'NONE',  ( -3.265000000000000124, -1.899999999999999911, 0.5200000000000000178 ) ) ;
#1302 = ORIENTED_EDGE ( 'NONE', *, *, #943, .F. ) ;
#1303 = ADVANCED_FACE ( 'NONE', ( #2874 ), #5418, .T. ) ;
#1304 = EDGE_CURVE ( 'NONE', #7440, #1080, #4133, .T. ) ;
#1305 = VECTOR ( 'NONE', #7684, 1000.000000000000000 ) ;
#1306 = DIRECTION ( 'NONE',  ( 0.000000000000000000, -0.9738685962292474851, -0.2271122129663544764 ) ) ;
#1307 = ADVANCED_FACE ( 'NONE', ( #5633 ), #3099, .T. ) ;
#1308 = CARTESIAN_POINT ( 'NONE',  ( -2.174999999999999822, 0.9499999999999869660, 0.03619548911246139866 ) ) ;
#1309 = FACE_OUTER_BOUND ( 'NONE', #3227, .T. ) ;
#1310 = DIRECTION ( 'NONE',  ( -1.000000000000000000, -1.144917494144693668E-16, 1.144917494144857357E-16 ) ) ;
#1311 = ORIENTED_EDGE ( 'NONE', *, *, #315, .T. ) ;
#1312 = LINE ( 'NONE', #3874, #7883 ) ;
#1313 = CARTESIAN_POINT ( 'NONE',  ( -2.325000000000000178, 0.9999999999999988898, 0.07866077735406448723 ) ) ;
#1314 = DIRECTION ( 'NONE',  ( 0.000000000000000000, 1.065228634467009955E-16, 1.000000000000000000 ) ) ;
#1315 = AXIS2_PLACEMENT_3D ( 'NONE', #4920, #4872, #6074 ) ;
#1316 = EDGE_CURVE ( 'NONE', #5438, #7554, #692, .T. ) ;
#1317 = EDGE_CURVE ( 'NONE', #7652, #3930, #6296, .T. ) ;
#1318 = LINE ( 'NONE', #5899, #1288 ) ;
#1319 = VERTEX_POINT ( 'NONE', #4512 ) ;
#1320 = LINE ( 'NONE', #3881, #5127 ) ;
#1321 = DIRECTION ( 'NONE',  ( 0.000000000000000000, -0.9738685962292472631, -0.2271122129663562805 ) ) ;
#1322 = ORIENTED_EDGE ( 'NONE', *, *, #1758, .F. ) ;
#1323 = ORIENTED_EDGE ( 'NONE', *, *, #646, .F. ) ;
#1324 =( GEOMETRIC_REPRESENTATION_CONTEXT ( 3 ) GLOBAL_UNCERTAINTY_ASSIGNED_CONTEXT ( ( #465 ) ) GLOBAL_UNIT_ASSIGNED_CONTEXT ( ( #5613, #8062, #1771 ) ) REPRESENTATION_CONTEXT ( 'NONE', 'WORKASPACE' ) );
#1325 = VERTEX_POINT ( 'NONE', #6263 ) ;
#1326 = DIRECTION ( 'NONE',  ( 2.289834988289389802E-16, -0.000000000000000000, 1.000000000000000000 ) ) ;
#1327 = DIRECTION ( 'NONE',  ( 0.7071067811865460184, -0.7071067811865489050, 0.000000000000000000 ) ) ;
#1328 = DIRECTION ( 'NONE',  ( 1.000000000000000000, -0.000000000000000000, -2.289834988289389802E-16 ) ) ;
#1329 = ORIENTED_EDGE ( 'NONE', *, *, #2898, .T. ) ;
#1330 = ORIENTED_EDGE ( 'NONE', *, *, #1620, .T. ) ;
#1331 = ORIENTED_EDGE ( 'NONE', *, *, #5403, .F. ) ;
#1332 = CARTESIAN_POINT ( 'NONE',  ( -3.270000000000000018, 1.899999999999999911, 0.5999999999999989786 ) ) ;
#1333 = CARTESIAN_POINT ( 'NONE',  ( -3.102500000000000036, -1.000000000000000000, 1.000000000000000222 ) ) ;
#1334 = VECTOR ( 'NONE', #4407, 1000.000000000000000 ) ;
#1335 = VERTEX_POINT ( 'NONE', #5128 ) ;
#1336 = LINE ( 'NONE', #4482, #2812 ) ;
#1337 = DIRECTION ( 'NONE',  ( -5.243344273594270410E-32, 1.000000000000000000, -2.289834988289389802E-16 ) ) ;
#1338 = CARTESIAN_POINT ( 'NONE',  ( 1.824999999999999956, 0.9199999999999868283, -1.425069553103358866E-15 ) ) ;
#1339 = CARTESIAN_POINT ( 'NONE',  ( -2.952500000000001013, -0.8000000000000014877, 0.1300000000000005596 ) ) ;
#1340 = ORIENTED_EDGE ( 'NONE', *, *, #1206, .F. ) ;
#1341 = EDGE_CURVE ( 'NONE', #5677, #2929, #5014, .T. ) ;
#1342 = CARTESIAN_POINT ( 'NONE',  ( 3.115000000000000213, -1.824999999999989964, 0.3752009999999990075 ) ) ;
#1343 = CARTESIAN_POINT ( 'NONE',  ( 2.174999999999999822, 1.299999999999990274, 0.1099999999999980022 ) ) ;
#1344 = LINE ( 'NONE', #7756, #3862 ) ;
#1345 = CARTESIAN_POINT ( 'NONE',  ( -2.933678328689710124, -0.8000000000000010436, 0.07999999999999966860 ) ) ;
#1346 = EDGE_CURVE ( 'NONE', #2598, #2425, #3136, .T. ) ;
#1347 = ORIENTED_EDGE ( 'NONE', *, *, #381, .F. ) ;
#1348 = DIRECTION ( 'NONE',  ( -1.000000000000000000, 0.000000000000000000, 2.289834988289389802E-16 ) ) ;
#1349 = ADVANCED_FACE ( 'NONE', ( #6376 ), #8253, .T. ) ;
#1350 = PLANE ( 'NONE',  #6212 ) ;
#1351 = CARTESIAN_POINT ( 'NONE',  ( -0.8999999999999984679, 0.9199999999999980416, 0.07999999999999930778 ) ) ;
#1352 = EDGE_CURVE ( 'NONE', #7428, #5225, #5055, .T. ) ;
#1353 = VECTOR ( 'NONE', #8079, 1000.000000000000000 ) ;
#1354 = CARTESIAN_POINT ( 'NONE',  ( 2.765000000000000124, -0.6000000000000009770, 0.3299999999999984612 ) ) ;
#1355 = DIRECTION ( 'NONE',  ( -1.000000000000000000, 5.243344273594249610E-32, 2.289834988289389802E-16 ) ) ;
#1356 = LINE ( 'NONE', #3918, #5810 ) ;
#1357 = ADVANCED_FACE ( 'NONE', ( #6919 ), #2554, .F. ) ;
#1358 = VERTEX_POINT ( 'NONE', #3184 ) ;
#1359 = CARTESIAN_POINT ( 'NONE',  ( -1.824999999999999956, 0.9999999999999988898, 0.07866077735406440397 ) ) ;
#1360 = ORIENTED_EDGE ( 'NONE', *, *, #5686, .T. ) ;
#1361 = VECTOR ( 'NONE', #5648, 1000.000000000000000 ) ;
#1362 = VERTEX_POINT ( 'NONE', #1875 ) ;
#1363 = EDGE_CURVE ( 'NONE', #1671, #4267, #7545, .T. ) ;
#1364 = CARTESIAN_POINT ( 'NONE',  ( -3.299999999999999822, -0.8000000000000020428, 0.1799999999999999933 ) ) ;
#1365 = VERTEX_POINT ( 'NONE', #8169 ) ;
#1366 = DIRECTION ( 'NONE',  ( 5.243344273594249610E-32, 1.000000000000000000, -1.200639317332292868E-47 ) ) ;
#1367 = ORIENTED_EDGE ( 'NONE', *, *, #1949, .F. ) ;
#1368 = EDGE_LOOP ( 'NONE', ( #783, #4120, #6530, #3893 ) ) ;
#1369 = ORIENTED_EDGE ( 'NONE', *, *, #2164, .F. ) ;
#1370 = LINE ( 'NONE', #3894, #3945 ) ;
#1371 = LINE ( 'NONE', #3309, #6843 ) ;
#1372 = VECTOR ( 'NONE', #3478, 1000.000000000000000 ) ;
#1373 = ORIENTED_EDGE ( 'NONE', *, *, #4727, .F. ) ;
#1374 = LINE ( 'NONE', #7044, #5731 ) ;
#1375 = LINE ( 'NONE', #5102, #5191 ) ;
#1376 = CARTESIAN_POINT ( 'NONE',  ( -3.270000000000000462, 1.900000000000000355, 0.5999999999999992006 ) ) ;
#1377 = CARTESIAN_POINT ( 'NONE',  ( -1.675000000000000044, 1.299999999999994715, 0.1099999999999989597 ) ) ;
#1378 = EDGE_LOOP ( 'NONE', ( #6818, #1078, #7467, #3138 ) ) ;
#1379 = CIRCLE ( 'NONE', #7767, 0.02999999999999989828 ) ;
#1380 = LINE ( 'NONE', #7263, #3393 ) ;
#1381 = CARTESIAN_POINT ( 'NONE',  ( -1.324999999999999956, 1.245779075397750235, -5.421010862427522170E-16 ) ) ;
#1382 = DIRECTION ( 'NONE',  ( -2.289834988289389802E-16, 0.000000000000000000, -1.000000000000000000 ) ) ;
#1383 = CARTESIAN_POINT ( 'NONE',  ( 1.324999999999999956, 1.245779075397750235, -1.219727444046192488E-15 ) ) ;
#1384 = ORIENTED_EDGE ( 'NONE', *, *, #3158, .T. ) ;
#1385 = DIRECTION ( 'NONE',  ( 1.000000000000000000, -5.243344273594249610E-32, -2.289834988289389802E-16 ) ) ;
#1386 = PLANE ( 'NONE',  #603 ) ;
#1387 = LINE ( 'NONE', #3955, #363 ) ;
#1388 = DIRECTION ( 'NONE',  ( -1.000000000000000000, 5.243344273594249610E-32, 2.289834988289389802E-16 ) ) ;
#1389 = AXIS2_PLACEMENT_3D ( 'NONE', #3917, #7151, #3332 ) ;
#1390 = EDGE_CURVE ( 'NONE', #530, #5436, #1908, .T. ) ;
#1391 = AXIS2_PLACEMENT_3D ( 'NONE', #5815, #6428, #7018 ) ;
#1392 = CARTESIAN_POINT ( 'NONE',  ( 2.765000000000000124, -1.779999999999999805, 0.5749999999999990674 ) ) ;
#1393 = EDGE_LOOP ( 'NONE', ( #3697, #5328, #4459, #2428, #1638, #1062 ) ) ;
#1394 = FACE_OUTER_BOUND ( 'NONE', #182, .T. ) ;
#1395 = PLANE ( 'NONE',  #3036 ) ;
#1396 = VECTOR ( 'NONE', #5809, 1000.000000000000000 ) ;
#1397 = ORIENTED_EDGE ( 'NONE', *, *, #7001, .F. ) ;
#1399 = ADVANCED_FACE ( 'NONE', ( #7658 ), #616, .T. ) ;
#1398 = CARTESIAN_POINT ( 'NONE',  ( -1.324999999999999956, 1.299999999999990274, 0.05000000000000000278 ) ) ;
#1400 = ORIENTED_EDGE ( 'NONE', *, *, #3416, .T. ) ;
#1401 = VERTEX_POINT ( 'NONE', #3260 ) ;
#1402 = PLANE ( 'NONE',  #3839 ) ;
#1403 = VECTOR ( 'NONE', #7634, 1000.000000000000000 ) ;
#1404 = EDGE_CURVE ( 'NONE', #4416, #4114, #2595, .T. ) ;
#1405 = ORIENTED_EDGE ( 'NONE', *, *, #6403, .F. ) ;
#1406 = VECTOR ( 'NONE', #807, 1000.000000000000000 ) ;
#1407 = LINE ( 'NONE', #3976, #6742 ) ;
#1408 = VERTEX_POINT ( 'NONE', #2636 ) ;
#1409 = ADVANCED_FACE ( 'NONE', ( #4396 ), #3805, .T. ) ;
#1410 = ORIENTED_EDGE ( 'NONE', *, *, #5144, .T. ) ;
#1411 = VECTOR ( 'NONE', #2218, 1000.000000000000000 ) ;
#1412 = VECTOR ( 'NONE', #938, 1000.000000000000000 ) ;
#1413 = VERTEX_POINT ( 'NONE', #7699 ) ;
#1414 = LINE ( 'NONE', #3811, #7528 ) ;
#1415 = DIRECTION ( 'NONE',  ( 2.289834988289389802E-16, -0.000000000000000000, 1.000000000000000000 ) ) ;
#1416 = AXIS2_PLACEMENT_3D ( 'NONE', #640, #3167, #4380 ) ;
#1417 = VECTOR ( 'NONE', #6117, 1000.000000000000000 ) ;
#1418 = EDGE_CURVE ( 'NONE', #2183, #1805, #6331, .T. ) ;
#1419 = ADVANCED_FACE ( 'NONE', ( #6884 ), #1172, .F. ) ;
#1420 = ORIENTED_EDGE ( 'NONE', *, *, #2977, .F. ) ;
#1421 = CARTESIAN_POINT ( 'NONE',  ( 3.115000000000000213, -1.550000000000000266, -1.897353801849632760E-15 ) ) ;
#1422 = LINE ( 'NONE', #6424, #6789 ) ;
#1423 = FACE_OUTER_BOUND ( 'NONE', #7547, .T. ) ;
#1424 = PLANE ( 'NONE',  #167 ) ;
#1425 = AXIS2_PLACEMENT_3D ( 'NONE', #6286, #6210, #8198 ) ;
#1426 = EDGE_LOOP ( 'NONE', ( #1329, #1322, #7695, #4239 ) ) ;
#1427 = DIRECTION ( 'NONE',  ( -2.289834988289389802E-16, 0.000000000000000000, -1.000000000000000000 ) ) ;
#1428 = CARTESIAN_POINT ( 'NONE',  ( 3.115000000000000213, 0.7999999999999990452, 0.8199999999999979527 ) ) ;
#1429 = CARTESIAN_POINT ( 'NONE',  ( -2.050000000000000266, 0.6999999999999979572, 0.02999999999999899275 ) ) ;
#1430 = LINE ( 'NONE', #4570, #4250 ) ;
#1431 = VERTEX_POINT ( 'NONE', #5366 ) ;
#1432 = CARTESIAN_POINT ( 'NONE',  ( 0.1750000000000009881, 1.299999999999990274, 0.04999999999999969746 ) ) ;
#1433 = CARTESIAN_POINT ( 'NONE',  ( -2.174999999999999822, 1.299999999999990274, 0.1099999999999990014 ) ) ;
#1434 = FACE_OUTER_BOUND ( 'NONE', #1198, .T. ) ;
#1435 = DIRECTION ( 'NONE',  ( 5.243344273594249610E-32, 1.000000000000000000, -1.200639317332292868E-47 ) ) ;
#1436 = CARTESIAN_POINT ( 'NONE',  ( 5.669999999999999929, 1.899999999999999911, 0.9399999999999980593 ) ) ;
#1437 = LINE ( 'NONE', #1480, #2205 ) ;
#1438 = CARTESIAN_POINT ( 'NONE',  ( -1.824999999999999956, 1.350000000000000089, 0.1600000000000000033 ) ) ;
#1439 = ORIENTED_EDGE ( 'NONE', *, *, #5376, .T. ) ;
#1440 = DIRECTION ( 'NONE',  ( 0.000000000000000000, -1.000000000000000000, 2.289834988289389802E-16 ) ) ;
#1441 = ORIENTED_EDGE ( 'NONE', *, *, #2703, .F. ) ;
#1442 = ORIENTED_EDGE ( 'NONE', *, *, #7315, .F. ) ;
#1443 = EDGE_CURVE ( 'NONE', #991, #129, #3537, .T. ) ;
#1444 = LINE ( 'NONE', #2751, #1284 ) ;
#1445 = AXIS2_PLACEMENT_3D ( 'NONE', #2776, #3949, #1382 ) ;
#1446 = ADVANCED_FACE ( 'NONE', ( #6782 ), #4793, .T. ) ;
#1447 = VECTOR ( 'NONE', #7793, 1000.000000000000000 ) ;
#1448 = ORIENTED_EDGE ( 'NONE', *, *, #4069, .T. ) ;
#1449 = CARTESIAN_POINT ( 'NONE',  ( 0.6750000000000010436, 0.9499999999999869660, 0.03619548911246069783 ) ) ;
#1450 = ORIENTED_EDGE ( 'NONE', *, *, #27, .F. ) ;
#1451 = ORIENTED_EDGE ( 'NONE', *, *, #3159, .F. ) ;
#1452 = ORIENTED_EDGE ( 'NONE', *, *, #2222, .T. ) ;
#1453 = ADVANCED_FACE ( 'NONE', ( #3001 ), #4870, .F. ) ;
#1454 = CARTESIAN_POINT ( 'NONE',  ( 1.175000000000000044, 0.9999999999999988898, 0.07866077735406369620 ) ) ;
#1455 = ADVANCED_FACE ( 'NONE', ( #1566 ), #6120, .F. ) ;
#1456 = CARTESIAN_POINT ( 'NONE',  ( -3.500000000000000000, -0.8000000000000019318, 0.1799999999999999656 ) ) ;
#1457 = EDGE_CURVE ( 'NONE', #4548, #6499, #7230, .T. ) ;
#1458 = EDGE_LOOP ( 'NONE', ( #6958, #278, #814, #7117, #1448, #3525, #8012, #4627, #4817, #25, #822 ) ) ;
#1459 = LINE ( 'NONE', #2388, #462 ) ;
#1460 = FACE_OUTER_BOUND ( 'NONE', #5925, .T. ) ;
#1461 = CARTESIAN_POINT ( 'NONE',  ( -1.824999999999999956, 0.9199999999999868283, -4.489695652291435391E-16 ) ) ;
#1462 = EDGE_CURVE ( 'NONE', #6153, #5635, #2825, .T. ) ;
#1463 = DIRECTION ( 'NONE',  ( 0.000000000000000000, 0.000000000000000000, 1.000000000000000000 ) ) ;
#1464 = VECTOR ( 'NONE', #4598, 1000.000000000000000 ) ;
#1465 = EDGE_CURVE ( 'NONE', #1943, #2531, #6689, .T. ) ;
#1466 = CARTESIAN_POINT ( 'NONE',  ( -0.8374999999999980238, 0.9999999999999988898, 0.07999999999999909961 ) ) ;
#1467 = ORIENTED_EDGE ( 'NONE', *, *, #3556, .T. ) ;
#1468 = EDGE_CURVE ( 'NONE', #3808, #3123, #932, .T. ) ;
#1469 = DIRECTION ( 'NONE',  ( 1.000000000000000000, -0.000000000000000000, 0.000000000000000000 ) ) ;
#1470 = DIRECTION ( 'NONE',  ( 0.000000000000000000, 1.065228634467009955E-16, 1.000000000000000000 ) ) ;
#1471 = DIRECTION ( 'NONE',  ( 0.000000000000000000, 1.000000000000000000, -2.289834988289389802E-16 ) ) ;
#1472 = DIRECTION ( 'NONE',  ( -1.000000000000000000, 0.000000000000000000, 2.289834988289389802E-16 ) ) ;
#1473 = ORIENTED_EDGE ( 'NONE', *, *, #4680, .T. ) ;
#1474 = VECTOR ( 'NONE', #7850, 1000.000000000000000 ) ;
#1475 = LINE ( 'NONE', #7184, #2074 ) ;
#1476 = CARTESIAN_POINT ( 'NONE',  ( 3.270000000000000462, 0.8999999999999980238, 0.3099999999999979439 ) ) ;
#1477 = LINE ( 'NONE', #2058, #2082 ) ;
#1478 = LINE ( 'NONE', #5862, #4629 ) ;
#1479 = DIRECTION ( 'NONE',  ( 2.439197797730288502E-32, -1.000000000000000000, 1.065228634467009955E-16 ) ) ;
#1480 = CARTESIAN_POINT ( 'NONE',  ( 1.675000000000000044, 1.299999999999990274, 0.1705002310154639933 ) ) ;
#1481 = CARTESIAN_POINT ( 'NONE',  ( 0.4499999999999990119, 0.9999999999999988898, 0.02999999999999870826 ) ) ;
#1482 = ORIENTED_EDGE ( 'NONE', *, *, #4880, .T. ) ;
#1483 = CARTESIAN_POINT ( 'NONE',  ( 1.550000000000000711, 0.9999999999999988898, 0.03000000000000003358 ) ) ;
#1484 = ORIENTED_EDGE ( 'NONE', *, *, #7832, .F. ) ;
#1485 = VERTEX_POINT ( 'NONE', #2961 ) ;
#1486 = CARTESIAN_POINT ( 'NONE',  ( 3.115000000000000213, -1.899999999999999911, 0.5199999999999982414 ) ) ;
#1487 = ORIENTED_EDGE ( 'NONE', *, *, #6801, .T. ) ;
#1488 = DIRECTION ( 'NONE',  ( -0.2163711612039609100, 0.9520331092974131382, 0.2163711612039583010 ) ) ;
#1489 = ORIENTED_EDGE ( 'NONE', *, *, #5693, .F. ) ;
#1490 = ORIENTED_EDGE ( 'NONE', *, *, #7666, .T. ) ;
#1491 = ORIENTED_EDGE ( 'NONE', *, *, #6914, .F. ) ;
#1492 = EDGE_CURVE ( 'NONE', #7457, #6811, #3491, .T. ) ;
#1493 = LINE ( 'NONE', #2762, #6738 ) ;
#1494 = CARTESIAN_POINT ( 'NONE',  ( 3.270000000000000018, 1.045602317761259892, -0.7947080000000019684 ) ) ;
#1495 = EDGE_CURVE ( 'NONE', #1006, #5026, #7401, .T. ) ;
#1496 = ORIENTED_EDGE ( 'NONE', *, *, #5192, .T. ) ;
#1497 = CARTESIAN_POINT ( 'NONE',  ( -0.1749999999999980183, 0.9999999999999988898, 0.07866077735406400151 ) ) ;
#1498 = VERTEX_POINT ( 'NONE', #303 ) ;
#1499 = CARTESIAN_POINT ( 'NONE',  ( -2.884999999999996678, -1.899999999999999245, 1.000000000000000444 ) ) ;
#1500 = CARTESIAN_POINT ( 'NONE',  ( 0.000000000000000000, 0.000000000000000000, 0.000000000000000000 ) ) ;
#1501 = EDGE_CURVE ( 'NONE', #6775, #3807, #6610, .T. ) ;
#1502 = ADVANCED_FACE ( 'NONE', ( #4214 ), #6072, .F. ) ;
#1503 = CARTESIAN_POINT ( 'NONE',  ( 2.884999999999998899, -1.899999999999999911, 1.050000000000000044 ) ) ;
#1504 = CARTESIAN_POINT ( 'NONE',  ( 0.8250000000000019540, 1.350000000000000089, 0.1705002310154649925 ) ) ;
#1505 = ORIENTED_EDGE ( 'NONE', *, *, #4231, .T. ) ;
#1506 = VECTOR ( 'NONE', #2575, 1000.000000000000000 ) ;
#1507 = ORIENTED_EDGE ( 'NONE', *, *, #3722, .F. ) ;
#1508 = DIRECTION ( 'NONE',  ( 2.289834988289389802E-16, -1.200639317332289951E-47, 1.000000000000000000 ) ) ;
#1509 = EDGE_CURVE ( 'NONE', #3422, #2973, #5496, .T. ) ;
#1510 = CARTESIAN_POINT ( 'NONE',  ( -3.265000000000000124, -1.464196000000000053, 0.3700000000000010503 ) ) ;
#1511 = DIRECTION ( 'NONE',  ( 2.289834988289389802E-16, -0.000000000000000000, 1.000000000000000000 ) ) ;
#1512 = CARTESIAN_POINT ( 'NONE',  ( 1.950000000000000178, 0.6999999999999999556, 0.02999999999999843417 ) ) ;
#1513 = EDGE_LOOP ( 'NONE', ( #3662, #6721, #8101, #3883, #779, #3243, #6752, #4665, #2255, #7775, #4840 ) ) ;
#1514 = EDGE_CURVE ( 'NONE', #2769, #4028, #6734, .T. ) ;
#1515 = CARTESIAN_POINT ( 'NONE',  ( 0.04999999999999780315, 0.6999999999999990674, 0.02999999999999883663 ) ) ;
#1516 = VECTOR ( 'NONE', #5137, 1000.000000000000000 ) ;
#1517 = LINE ( 'NONE', #5821, #3417 ) ;
#1518 = LINE ( 'NONE', #7812, #6438 ) ;
#1519 = CARTESIAN_POINT ( 'NONE',  ( 3.265000000000000124, -1.550000000000000266, -2.005774019098183203E-15 ) ) ;
#1520 = VECTOR ( 'NONE', #5795, 1000.000000000000000 ) ;
#1521 = DIRECTION ( 'NONE',  ( 2.289834988289389802E-16, -0.000000000000000000, 1.000000000000000000 ) ) ;
#1522 = CARTESIAN_POINT ( 'NONE',  ( 1.550000000000002709, 0.9999999999999988898, 0.02999999999999845846 ) ) ;
#1523 = DIRECTION ( 'NONE',  ( -2.289834988289389802E-16, -2.289834988289389802E-16, -1.000000000000000000 ) ) ;
#1524 = LINE ( 'NONE', #1481, #1815 ) ;
#1525 = EDGE_LOOP ( 'NONE', ( #3922, #467, #8141, #5174, #2475, #4320 ) ) ;
#1526 = CARTESIAN_POINT ( 'NONE',  ( -2.400000000000000799, 0.9999999999999988898, 0.07999999999999826694 ) ) ;
#1527 = VECTOR ( 'NONE', #6987, 1000.000000000000000 ) ;
#1528 = DIRECTION ( 'NONE',  ( -2.289834988289389802E-16, -2.289834988289389802E-16, -1.000000000000000000 ) ) ;
#1529 = VECTOR ( 'NONE', #3029, 1000.000000000000000 ) ;
#1530 = ORIENTED_EDGE ( 'NONE', *, *, #5180, .T. ) ;
#1531 = CARTESIAN_POINT ( 'NONE',  ( 2.174999999999999822, 0.9999999999999988898, 0.3099999999999979439 ) ) ;
#1532 = VERTEX_POINT ( 'NONE', #1697 ) ;
#1533 = ORIENTED_EDGE ( 'NONE', *, *, #116, .T. ) ;
#1534 = EDGE_LOOP ( 'NONE', ( #7928, #3006, #2838, #1761 ) ) ;
#1535 = LINE ( 'NONE', #6579, #4888 ) ;
#1536 = VECTOR ( 'NONE', #4499, 1000.000000000000000 ) ;
#1537 = DIRECTION ( 'NONE',  ( -1.000000000000000000, 5.243344273594249610E-32, 2.289834988289389802E-16 ) ) ;
#1538 = AXIS2_PLACEMENT_3D ( 'NONE', #3496, #1571, #309 ) ;
#1539 = VECTOR ( 'NONE', #4, 1000.000000000000000 ) ;
#1540 = ORIENTED_EDGE ( 'NONE', *, *, #1156, .F. ) ;
#1541 = LINE ( 'NONE', #4644, #591 ) ;
#1542 = VERTEX_POINT ( 'NONE', #1024 ) ;
#1543 = CARTESIAN_POINT ( 'NONE',  ( 2.765000000000000124, -1.630000000000000338, 0.2999999999999976019 ) ) ;
#1544 = DIRECTION ( 'NONE',  ( 0.000000000000000000, -0.8872168012345952315, -0.4613527366419891140 ) ) ;
#1545 = VERTEX_POINT ( 'NONE', #396 ) ;
#1546 = CARTESIAN_POINT ( 'NONE',  ( -3.102500000000000036, -1.749999999999999778, 0.1799999999999997435 ) ) ;
#1547 = VECTOR ( 'NONE', #5288, 1000.000000000000114 ) ;
#1548 = EDGE_CURVE ( 'NONE', #7840, #471, #2248, .T. ) ;
#1549 = CARTESIAN_POINT ( 'NONE',  ( -0.1749999999999979905, 1.299999999999990274, 0.1705002310154649925 ) ) ;
#1550 = VERTEX_POINT ( 'NONE', #1067 ) ;
#1551 = VECTOR ( 'NONE', #8006, 1000.000000000000000 ) ;
#1552 = EDGE_CURVE ( 'NONE', #6875, #4885, #3632, .T. ) ;
#1553 = VERTEX_POINT ( 'NONE', #3119 ) ;
#1554 = DIRECTION ( 'NONE',  ( 1.000000000000000000, -5.243344273594249610E-32, -2.289834988289389802E-16 ) ) ;
#1555 = DIRECTION ( 'NONE',  ( -2.289834988289389802E-16, 0.000000000000000000, -1.000000000000000000 ) ) ;
#1556 = DIRECTION ( 'NONE',  ( -2.232893331421829163E-16, 0.2216211035889688874, -0.9751328557914595851 ) ) ;
#1557 = CARTESIAN_POINT ( 'NONE',  ( -0.6749999999999980460, 1.673724317761259961, 0.3099999999999984990 ) ) ;
#1558 = EDGE_LOOP ( 'NONE', ( #4472, #7381, #656, #1686 ) ) ;
#1559 = AXIS2_PLACEMENT_3D ( 'NONE', #6563, #3915, #4001 ) ;
#1560 = FACE_OUTER_BOUND ( 'NONE', #5660, .T. ) ;
#1561 = CARTESIAN_POINT ( 'NONE',  ( 0.6750000000000010436, 0.9431866336109969717, 0.06541154699933815486 ) ) ;
#1562 = CARTESIAN_POINT ( 'NONE',  ( -2.952500000000003677, 0.9999999999999988898, 0.02999999999999948888 ) ) ;
#1563 = CARTESIAN_POINT ( 'NONE',  ( 1.175000000000000044, 0.9499999999999869660, 0.03619548911246060763 ) ) ;
#1564 = EDGE_CURVE ( 'NONE', #7776, #990, #4992, .T. ) ;
#1565 = EDGE_CURVE ( 'NONE', #4907, #107, #2417, .T. ) ;
#1566 = FACE_OUTER_BOUND ( 'NONE', #1079, .T. ) ;
#1567 = CARTESIAN_POINT ( 'NONE',  ( -3.265000000000000124, -1.600000000000000089, 0.1199999999999999956 ) ) ;
#1568 = CARTESIAN_POINT ( 'NONE',  ( 3.299999999999999378, 0.8999999999999984679, 0.6749999999999980460 ) ) ;
#1569 = CARTESIAN_POINT ( 'NONE',  ( 2.884999999999996234, -1.899999999999999023, 0.9999999999999993339 ) ) ;
#1570 = EDGE_LOOP ( 'NONE', ( #2910, #2886, #4972, #1711 ) ) ;
#1571 = DIRECTION ( 'NONE',  ( -1.000000000000000000, 5.243344273594249610E-32, 2.289834988289389802E-16 ) ) ;
#1572 = LINE ( 'NONE', #7363, #2979 ) ;
#1573 = CARTESIAN_POINT ( 'NONE',  ( -1.675000000000000044, 1.350000000000000089, 0.1099999999999989597 ) ) ;
#1574 = EDGE_CURVE ( 'NONE', #8108, #2425, #4377, .T. ) ;
#1575 = ORIENTED_EDGE ( 'NONE', *, *, #7933, .T. ) ;
#1576 = DIRECTION ( 'NONE',  ( -1.000000000000000000, 5.243344273594249610E-32, 2.289834988289389802E-16 ) ) ;
#1578 = ORIENTED_EDGE ( 'NONE', *, *, #5289, .T. ) ;
#1577 = ORIENTED_EDGE ( 'NONE', *, *, #3878, .T. ) ;
#1579 = EDGE_LOOP ( 'NONE', ( #4725, #1118, #5592, #5245, #6711, #5491, #2678, #4313, #511, #7862, #6190 ) ) ;
#1580 = VECTOR ( 'NONE', #3281, 1000.000000000000000 ) ;
#1581 = ORIENTED_EDGE ( 'NONE', *, *, #3857, .T. ) ;
#1582 = DIRECTION ( 'NONE',  ( -2.289834988289389802E-16, -1.065228634467009955E-16, -1.000000000000000000 ) ) ;
#1583 = LINE ( 'NONE', #7874, #3830 ) ;
#1584 = STYLED_ITEM ( 'NONE', ( #6276 ), #8007 ) ;
#1585 = VERTEX_POINT ( 'NONE', #5037 ) ;
#1586 = ORIENTED_EDGE ( 'NONE', *, *, #7588, .T. ) ;
#1587 = CARTESIAN_POINT ( 'NONE',  ( -3.115000000000000213, -1.000000000000000000, 0.5100000000000000089 ) ) ;
#1588 = CARTESIAN_POINT ( 'NONE',  ( -7.650000000000000355, 1.899999999999999911, 0.5999999999999999778 ) ) ;
#1589 = VERTEX_POINT ( 'NONE', #3203 ) ;
#1590 = DIRECTION ( 'NONE',  ( -2.289834988289389802E-16, 0.000000000000000000, -1.000000000000000000 ) ) ;
#1591 = LINE ( 'NONE', #1549, #1372 ) ;
#1592 = VERTEX_POINT ( 'NONE', #4918 ) ;
#1593 = ORIENTED_EDGE ( 'NONE', *, *, #5384, .T. ) ;
#1594 = DIRECTION ( 'NONE',  ( 0.000000000000000000, 0.7071067811865435759, 0.7071067811865513475 ) ) ;
#1595 = PLANE ( 'NONE',  #5482 ) ;
#1596 = CARTESIAN_POINT ( 'NONE',  ( 1.675000000000000044, 1.350000000000000089, 0.1099999999999980022 ) ) ;
#1597 = CARTESIAN_POINT ( 'NONE',  ( -0.8249999999999979572, 1.245779075397750235, -6.776263578034402713E-16 ) ) ;
#1598 = ORIENTED_EDGE ( 'NONE', *, *, #2351, .F. ) ;
#1599 = CARTESIAN_POINT ( 'NONE',  ( 2.784999999999999254, -1.800000000000000266, 0.9199999999999940448 ) ) ;
#1600 = DIRECTION ( 'NONE',  ( 0.7071067811865470176, -7.532303909457079922E-17, -0.7071067811865480168 ) ) ;
#1601 = FACE_OUTER_BOUND ( 'NONE', #1525, .T. ) ;
#1602 = ADVANCED_FACE ( 'NONE', ( #1189 ), #2454, .T. ) ;
#1603 = CARTESIAN_POINT ( 'NONE',  ( -0.04999999999999709538, 0.9999999999999988898, 0.02999999999999742109 ) ) ;
#1604 = VECTOR ( 'NONE', #3938, 1000.000000000000000 ) ;
#1605 = EDGE_CURVE ( 'NONE', #5451, #1532, #3083, .T. ) ;
#1606 = DIRECTION ( 'NONE',  ( 5.243344273594249610E-32, 1.000000000000000000, -1.200639317332292868E-47 ) ) ;
#1607 = LINE ( 'NONE', #6735, #4906 ) ;
#1608 = DIRECTION ( 'NONE',  ( -0.7071067811865520136, 0.000000000000000000, -0.7071067811865431318 ) ) ;
#1609 = DIRECTION ( 'NONE',  ( 1.000000000000000000, 0.000000000000000000, 0.000000000000000000 ) ) ;
#1610 = EDGE_CURVE ( 'NONE', #7834, #5528, #7521, .T. ) ;
#1611 = VERTEX_POINT ( 'NONE', #6280 ) ;
#1612 = CARTESIAN_POINT ( 'NONE',  ( 0.8250000000000019540, 1.299999999999994715, 0.1099999999999979605 ) ) ;
#1613 = CARTESIAN_POINT ( 'NONE',  ( -2.834999999999999964, -1.850000000000000089, 0.5749999999999999556 ) ) ;
#1614 = EDGE_CURVE ( 'NONE', #6623, #8003, #7562, .T. ) ;
#1615 = EDGE_CURVE ( 'NONE', #5511, #5060, #637, .T. ) ;
#1616 = VERTEX_POINT ( 'NONE', #6935 ) ;
#1617 = CARTESIAN_POINT ( 'NONE',  ( 0.1750000000000009881, 1.299999999999990274, 0.1705002310154649925 ) ) ;
#1619 = EDGE_LOOP ( 'NONE', ( #2902, #7118, #2873, #3096 ) ) ;
#1618 = ORIENTED_EDGE ( 'NONE', *, *, #5442, .T. ) ;
#1620 = EDGE_CURVE ( 'NONE', #1871, #5604, #1738, .T. ) ;
#1621 = ORIENTED_EDGE ( 'NONE', *, *, #2304, .T. ) ;
#1622 = ORIENTED_EDGE ( 'NONE', *, *, #8145, .T. ) ;
#1623 = DIRECTION ( 'NONE',  ( 2.439197797730288502E-32, -1.000000000000000000, 1.065228634467009955E-16 ) ) ;
#1624 = LINE ( 'NONE', #2935, #7005 ) ;
#1625 = AXIS2_PLACEMENT_3D ( 'NONE', #6363, #3755, #4343 ) ;
#1626 = EDGE_LOOP ( 'NONE', ( #3342, #6886, #4834, #3028 ) ) ;
#1627 = ORIENTED_EDGE ( 'NONE', *, *, #3514, .T. ) ;
#1628 = CARTESIAN_POINT ( 'NONE',  ( -3.265000000000000124, -1.464196000000000053, 0.1699999999999990130 ) ) ;
#1629 = ORIENTED_EDGE ( 'NONE', *, *, #1768, .T. ) ;
#1630 = CARTESIAN_POINT ( 'NONE',  ( -1.175000000000000044, 1.299999999999990274, 0.04999999999999999584 ) ) ;
#1631 = VECTOR ( 'NONE', #3711, 1000.000000000000000 ) ;
#1632 = DIRECTION ( 'NONE',  ( 0.000000000000000000, 2.289834988289389802E-16, 1.000000000000000000 ) ) ;
#1633 = VERTEX_POINT ( 'NONE', #1226 ) ;
#1634 = VERTEX_POINT ( 'NONE', #2534 ) ;
#1635 = CARTESIAN_POINT ( 'NONE',  ( 1.162500000000000089, 0.9199999999999990408, 0.07999999999999871103 ) ) ;
#1636 = FACE_OUTER_BOUND ( 'NONE', #4228, .T. ) ;
#1637 = LINE ( 'NONE', #5526, #232 ) ;
#1638 = ORIENTED_EDGE ( 'NONE', *, *, #6767, .F. ) ;
#1639 = ORIENTED_EDGE ( 'NONE', *, *, #6262, .F. ) ;
#1640 = CARTESIAN_POINT ( 'NONE',  ( 3.299999999999999822, -1.000000000000000000, 0.9999999999999981126 ) ) ;
#1641 = ORIENTED_EDGE ( 'NONE', *, *, #7939, .T. ) ;
#1642 = DIRECTION ( 'NONE',  ( 0.000000000000000000, 0.000000000000000000, -1.000000000000000000 ) ) ;
#1643 = DIRECTION ( 'NONE',  ( -1.000000000000000000, 5.243344273594249610E-32, 2.289834988289389802E-16 ) ) ;
#1644 = DIRECTION ( 'NONE',  ( 1.000000000000000000, -5.243344273594249610E-32, -2.289834988289389802E-16 ) ) ;
#1645 = CARTESIAN_POINT ( 'NONE',  ( -3.500000000000000000, -0.8000000000000021538, 0.8416139999999999732 ) ) ;
#1646 = CARTESIAN_POINT ( 'NONE',  ( -0.8374999999999980238, 0.9999999999999988898, 0.07999999999999909961 ) ) ;
#1647 = AXIS2_PLACEMENT_3D ( 'NONE', #378, #6382, #7003 ) ;
#1648 = PLANE ( 'NONE',  #4127 ) ;
#1649 = CARTESIAN_POINT ( 'NONE',  ( 1.350000000000000089, 1.350000000000000089, 0.3099999999999980549 ) ) ;
#1650 = ORIENTED_EDGE ( 'NONE', *, *, #5180, .F. ) ;
#1651 = CARTESIAN_POINT ( 'NONE',  ( -0.3249999999999980127, 1.299999999999999378, 0.1099999999999990152 ) ) ;
#1652 = DIRECTION ( 'NONE',  ( -1.000000000000000000, 0.000000000000000000, 2.289834988289389802E-16 ) ) ;
#1653 = ADVANCED_FACE ( 'NONE', ( #3787 ), #3717, .F. ) ;
#1654 = VECTOR ( 'NONE', #3749, 1000.000000000000114 ) ;
#1655 = VECTOR ( 'NONE', #5717, 1000.000000000000000 ) ;
#1656 = EDGE_CURVE ( 'NONE', #6913, #2588, #5579, .T. ) ;
#1657 = ORIENTED_EDGE ( 'NONE', *, *, #5609, .T. ) ;
#1658 = CARTESIAN_POINT ( 'NONE',  ( 2.765000000000000124, -1.800000000000000266, 0.2999999999999979905 ) ) ;
#1660 = ORIENTED_EDGE ( 'NONE', *, *, #855, .T. ) ;
#1659 = ORIENTED_EDGE ( 'NONE', *, *, #5335, .F. ) ;
#1661 = VERTEX_POINT ( 'NONE', #555 ) ;
#1662 = ORIENTED_EDGE ( 'NONE', *, *, #7362, .F. ) ;
#1663 = CARTESIAN_POINT ( 'NONE',  ( -3.269999999999999574, 0.8999999999999990230, 0.8400000000000099609 ) ) ;
#1664 = EDGE_CURVE ( 'NONE', #1126, #1550, #5072, .T. ) ;
#1665 = CARTESIAN_POINT ( 'NONE',  ( 2.325000000000000178, 0.9199999999999870504, 0.1705002310154639933 ) ) ;
#1666 = ADVANCED_FACE ( 'NONE', ( #3161 ), #4337, .T. ) ;
#1667 = EDGE_CURVE ( 'NONE', #4849, #1677, #1891, .T. ) ;
#1668 = ADVANCED_FACE ( 'NONE', ( #7445 ), #4302, .T. ) ;
#1669 = VECTOR ( 'NONE', #7053, 1000.000000000000000 ) ;
#1670 = ORIENTED_EDGE ( 'NONE', *, *, #671, .F. ) ;
#1671 = VERTEX_POINT ( 'NONE', #520 ) ;
#1672 = LINE ( 'NONE', #3387, #2947 ) ;
#1673 = VECTOR ( 'NONE', #6715, 1000.000000000000000 ) ;
#1674 = ORIENTED_EDGE ( 'NONE', *, *, #4147, .F. ) ;
#1675 = DIRECTION ( 'NONE',  ( 0.000000000000000000, -1.065228634467009955E-16, -1.000000000000000000 ) ) ;
#1676 = CARTESIAN_POINT ( 'NONE',  ( -2.174999999999999822, 1.299999999999990274, 0.05000000000000030115 ) ) ;
#1677 = VERTEX_POINT ( 'NONE', #3356 ) ;
#1678 = EDGE_CURVE ( 'NONE', #3969, #1829, #2574, .T. ) ;
#1679 = VECTOR ( 'NONE', #638, 1000.000000000000000 ) ;
#1680 = VECTOR ( 'NONE', #8240, 999.9999999999998863 ) ;
#1681 = VERTEX_POINT ( 'NONE', #5107 ) ;
#1682 = PLANE ( 'NONE',  #3347 ) ;
#1683 = DIRECTION ( 'NONE',  ( 0.000000000000000000, 0.000000000000000000, 1.000000000000000000 ) ) ;
#1684 = VECTOR ( 'NONE', #7289, 1000.000000000000000 ) ;
#1685 = DIRECTION ( 'NONE',  ( -0.000000000000000000, 1.065228634467009955E-16, 1.000000000000000000 ) ) ;
#1686 = ORIENTED_EDGE ( 'NONE', *, *, #7250, .F. ) ;
#1687 = ORIENTED_EDGE ( 'NONE', *, *, #4192, .F. ) ;
#1688 = CARTESIAN_POINT ( 'NONE',  ( -0.8249999999999979572, 0.9199999999999866063, 0.03619548911246105172 ) ) ;
#1689 = CIRCLE ( 'NONE', #7278, 0.05000000000000070360 ) ;
#1690 = VERTEX_POINT ( 'NONE', #3869 ) ;
#1691 = AXIS2_PLACEMENT_3D ( 'NONE', #538, #7582, #5092 ) ;
#1692 = PLANE ( 'NONE',  #5805 ) ;
#1693 = CARTESIAN_POINT ( 'NONE',  ( 2.162500000000000089, 0.9199999999999990408, 0.07999999999999819755 ) ) ;
#1694 = DIRECTION ( 'NONE',  ( -5.326143172335038067E-17, 1.000000000000000000, -5.326143172335105860E-17 ) ) ;
#1695 = AXIS2_PLACEMENT_3D ( 'NONE', #3790, #2577, #1933 ) ;
#1697 = CARTESIAN_POINT ( 'NONE',  ( 2.952500000000000124, 0.9999999999999988898, 0.07999999999999765632 ) ) ;
#1696 = VECTOR ( 'NONE', #5824, 1000.000000000000000 ) ;
#1698 = DIRECTION ( 'NONE',  ( 0.000000000000000000, 0.000000000000000000, -1.000000000000000000 ) ) ;
#1699 = CARTESIAN_POINT ( 'NONE',  ( 1.675000000000000044, 1.299999999999994715, 0.1099999999999980160 ) ) ;
#1700 = CARTESIAN_POINT ( 'NONE',  ( 0.9500000000000016209, 0.6999999999999990674, 0.02999999999999841682 ) ) ;
#1701 = VERTEX_POINT ( 'NONE', #4531 ) ;
#1702 = DIRECTION ( 'NONE',  ( 1.000000000000000000, -0.000000000000000000, -2.289834988289389802E-16 ) ) ;
#1703 = DIRECTION ( 'NONE',  ( -1.000000000000000000, 0.000000000000000000, 2.289834988289389802E-16 ) ) ;
#1704 = VECTOR ( 'NONE', #4613, 1000.000000000000000 ) ;
#1705 = ORIENTED_EDGE ( 'NONE', *, *, #7933, .F. ) ;
#1706 = CARTESIAN_POINT ( 'NONE',  ( 5.837500000000000355, -0.07000000000000079770, 0.2999999999999969913 ) ) ;
#1707 = DIRECTION ( 'NONE',  ( -2.289834988289389802E-16, 0.000000000000000000, -1.000000000000000000 ) ) ;
#1708 = EDGE_CURVE ( 'NONE', #2683, #1751, #4567, .T. ) ;
#1709 = ORIENTED_EDGE ( 'NONE', *, *, #2959, .F. ) ;
#1710 = ORIENTED_EDGE ( 'NONE', *, *, #2110, .T. ) ;
#1711 = ORIENTED_EDGE ( 'NONE', *, *, #1924, .F. ) ;
#1712 = LINE ( 'NONE', #5555, #3826 ) ;
#1713 = CARTESIAN_POINT ( 'NONE',  ( 1.350000000000000089, 0.9999999999999988898, 0.3099999999999980549 ) ) ;
#1714 = EDGE_CURVE ( 'NONE', #3266, #8237, #161, .T. ) ;
#1715 = VECTOR ( 'NONE', #2743, 1000.000000000000000 ) ;
#1716 = EDGE_CURVE ( 'NONE', #1633, #1083, #3239, .T. ) ;
#1717 = VERTEX_POINT ( 'NONE', #124 ) ;
#1718 = VERTEX_POINT ( 'NONE', #7802 ) ;
#1719 = DIRECTION ( 'NONE',  ( -5.326143172335038067E-17, 1.000000000000000000, -5.326143172335105860E-17 ) ) ;
#1720 = EDGE_CURVE ( 'NONE', #2225, #1532, #5889, .T. ) ;
#1721 = VERTEX_POINT ( 'NONE', #2691 ) ;
#1722 = FACE_OUTER_BOUND ( 'NONE', #7560, .T. ) ;
#1723 = FACE_OUTER_BOUND ( 'NONE', #2639, .T. ) ;
#1724 = EDGE_LOOP ( 'NONE', ( #6371, #2174, #1420, #4206 ) ) ;
#1725 = EDGE_CURVE ( 'NONE', #3853, #7211, #7136, .T. ) ;
#1726 = VECTOR ( 'NONE', #5485, 1000.000000000000000 ) ;
#1727 = ADVANCED_FACE ( 'NONE', ( #832 ), #4030, .F. ) ;
#1728 = ORIENTED_EDGE ( 'NONE', *, *, #4575, .F. ) ;
#1729 = DIRECTION ( 'NONE',  ( -1.000000000000000000, 5.243344273594249610E-32, 0.000000000000000000 ) ) ;
#1730 = DIRECTION ( 'NONE',  ( -0.7071067811865431318, -7.532303909457119365E-17, -0.7071067811865520136 ) ) ;
#1731 = LINE ( 'NONE', #8111, #7142 ) ;
#1732 = EDGE_CURVE ( 'NONE', #4049, #2981, #6553, .T. ) ;
#1733 = VERTEX_POINT ( 'NONE', #755 ) ;
#1734 = DIRECTION ( 'NONE',  ( -1.000000000000000000, 5.243344273594249610E-32, 2.289834988289389802E-16 ) ) ;
#1735 = ORIENTED_EDGE ( 'NONE', *, *, #587, .F. ) ;
#1736 = DIRECTION ( 'NONE',  ( -1.000000000000000000, 2.804146475863970139E-32, -2.987057121330055487E-48 ) ) ;
#1737 = FACE_OUTER_BOUND ( 'NONE', #1513, .T. ) ;
#1738 = LINE ( 'NONE', #1816, #4878 ) ;
#1739 = DIRECTION ( 'NONE',  ( 0.000000000000000000, 0.9751328557914595851, 0.2216211035889688874 ) ) ;
#1740 = LINE ( 'NONE', #7447, #5975 ) ;
#1741 = DIRECTION ( 'NONE',  ( 0.000000000000000000, 0.000000000000000000, -1.000000000000000000 ) ) ;
#1742 = ORIENTED_EDGE ( 'NONE', *, *, #5238, .F. ) ;
#1743 = CARTESIAN_POINT ( 'NONE',  ( 1.350000000000000089, 1.350000000000000089, 0.3099999999999980549 ) ) ;
#1744 = ADVANCED_FACE ( 'NONE', ( #6515 ), #4652, .T. ) ;
#1745 = PLANE ( 'NONE',  #6094 ) ;
#1746 = AXIS2_PLACEMENT_3D ( 'NONE', #3780, #3193, #6813 ) ;
#1747 = ORIENTED_EDGE ( 'NONE', *, *, #5790, .F. ) ;
#1748 = DIRECTION ( 'NONE',  ( 0.000000000000000000, -0.9990138064662085204, -0.04440061362072339479 ) ) ;
#1749 = CARTESIAN_POINT ( 'NONE',  ( 1.324999999999999956, 0.9199999999999870504, 0.1705002310154649925 ) ) ;
#1750 = VERTEX_POINT ( 'NONE', #7754 ) ;
#1751 = VERTEX_POINT ( 'NONE', #6475 ) ;
#1752 = EDGE_LOOP ( 'NONE', ( #4551, #5651, #6836, #3561, #189 ) ) ;
#1753 = LINE ( 'NONE', #453, #5139 ) ;
#1754 = DIRECTION ( 'NONE',  ( -2.289834988289389802E-16, 0.000000000000000000, -1.000000000000000000 ) ) ;
#1755 = ADVANCED_FACE ( 'NONE', ( #672 ), #2049, .F. ) ;
#1756 = PLANE ( 'NONE',  #6318 ) ;
#1757 = ORIENTED_EDGE ( 'NONE', *, *, #2004, .F. ) ;
#1758 = EDGE_CURVE ( 'NONE', #5873, #7449, #7718, .T. ) ;
#1759 = ORIENTED_EDGE ( 'NONE', *, *, #4641, .F. ) ;
#1760 = FACE_OUTER_BOUND ( 'NONE', #1129, .T. ) ;
#1761 = ORIENTED_EDGE ( 'NONE', *, *, #2650, .F. ) ;
#1762 = FACE_OUTER_BOUND ( 'NONE', #2675, .T. ) ;
#1763 = CARTESIAN_POINT ( 'NONE',  ( 2.952500000000000124, -0.8000000000000010436, 0.07999999999999787836 ) ) ;
#1764 = ORIENTED_EDGE ( 'NONE', *, *, #889, .F. ) ;
#1765 = VECTOR ( 'NONE', #8159, 1000.000000000000000 ) ;
#1766 = EDGE_CURVE ( 'NONE', #2344, #2714, #7178, .T. ) ;
#1767 = ORIENTED_EDGE ( 'NONE', *, *, #992, .F. ) ;
#1768 = EDGE_CURVE ( 'NONE', #5604, #573, #8, .T. ) ;
#1769 = VECTOR ( 'NONE', #3209, 1000.000000000000000 ) ;
#1770 = DIRECTION ( 'NONE',  ( 0.000000000000000000, -0.8000000000000000444, 0.5999999999999999778 ) ) ;
#1771 =( NAMED_UNIT ( * ) SI_UNIT ( $, .STERADIAN. ) SOLID_ANGLE_UNIT ( ) );
#1772 = DIRECTION ( 'NONE',  ( 1.000000000000000000, -5.243344273594249610E-32, -2.289834988289389802E-16 ) ) ;
#1773 = ORIENTED_EDGE ( 'NONE', *, *, #4833, .T. ) ;
#1774 = CARTESIAN_POINT ( 'NONE',  ( -3.299999999999999822, -0.06999999999979379661, 0.8400000000000107381 ) ) ;
#1775 = CARTESIAN_POINT ( 'NONE',  ( 3.115000000000000213, -1.464196000000000053, 0.3752009999999990075 ) ) ;
#1776 = EDGE_CURVE ( 'NONE', #4849, #3422, #4492, .T. ) ;
#1777 = CARTESIAN_POINT ( 'NONE',  ( -2.174999999999999822, 1.673724317761259961, 0.3099999999999988320 ) ) ;
#1778 = EDGE_CURVE ( 'NONE', #5996, #3758, #3990, .T. ) ;
#1779 = DIRECTION ( 'NONE',  ( 2.804146475863970139E-32, 1.000000000000000000, -1.065228634467009955E-16 ) ) ;
#1780 = DIRECTION ( 'NONE',  ( 1.000000000000000000, -5.243344273594249610E-32, -2.289834988289389802E-16 ) ) ;
#1781 = CARTESIAN_POINT ( 'NONE',  ( -0.8249999999999979572, 0.9199999999999860512, 0.03619548911246100314 ) ) ;
#1782 = EDGE_LOOP ( 'NONE', ( #3337, #4400, #285, #3181, #2134, #3475, #6362, #5386 ) ) ;
#1783 = CARTESIAN_POINT ( 'NONE',  ( -0.1749999999999979905, 0.9431866336109967497, 0.06541154699933829364 ) ) ;
#1784 = LINE ( 'NONE', #4345, #1169 ) ;
#1785 = VECTOR ( 'NONE', #6675, 1000.000000000000000 ) ;
#1786 = ORIENTED_EDGE ( 'NONE', *, *, #7814, .T. ) ;
#1787 = DIRECTION ( 'NONE',  ( 0.000000000000000000, 1.000000000000000000, -2.289834988289389802E-16 ) ) ;
#1788 = LINE ( 'NONE', #6874, #8081 ) ;
#1789 = ORIENTED_EDGE ( 'NONE', *, *, #3578, .F. ) ;
#1790 = ORIENTED_EDGE ( 'NONE', *, *, #315, .F. ) ;
#1791 = ORIENTED_EDGE ( 'NONE', *, *, #3633, .T. ) ;
#1792 = VECTOR ( 'NONE', #2152, 1000.000000000000000 ) ;
#1793 = LINE ( 'NONE', #7498, #1948 ) ;
#1794 = DIRECTION ( 'NONE',  ( -1.000000000000000000, 5.243344273594249610E-32, 0.000000000000000000 ) ) ;
#1795 = VECTOR ( 'NONE', #5056, 1000.000000000000000 ) ;
#1796 = VERTEX_POINT ( 'NONE', #709 ) ;
#1797 = ORIENTED_EDGE ( 'NONE', *, *, #4037, .F. ) ;
#1798 = CARTESIAN_POINT ( 'NONE',  ( -2.174999999999999822, 0.9199999999999866063, 0.03619548911246139866 ) ) ;
#1799 = ORIENTED_EDGE ( 'NONE', *, *, #4550, .F. ) ;
#1800 = DIRECTION ( 'NONE',  ( 1.000000000000000000, -5.243344273594249610E-32, -2.289834988289389802E-16 ) ) ;
#1801 = VECTOR ( 'NONE', #5309, 1000.000000000000000 ) ;
#1802 = FACE_OUTER_BOUND ( 'NONE', #5836, .T. ) ;
#1803 = VECTOR ( 'NONE', #6357, 1000.000000000000000 ) ;
#1804 = AXIS2_PLACEMENT_3D ( 'NONE', #4324, #2439, #1130 ) ;
#1805 = VERTEX_POINT ( 'NONE', #5193 ) ;
#1806 = PLANE ( 'NONE',  #1746 ) ;
#1807 = SURFACE_STYLE_FILL_AREA ( #3114 ) ;
#1808 = EDGE_CURVE ( 'NONE', #4267, #2233, #1380, .T. ) ;
#1809 = DIRECTION ( 'NONE',  ( 1.000000000000000000, -5.243344273594249610E-32, -2.289834988289389802E-16 ) ) ;
#1810 = DIRECTION ( 'NONE',  ( 1.000000000000000000, 0.000000000000000000, -2.289834988289389802E-16 ) ) ;
#1811 = CARTESIAN_POINT ( 'NONE',  ( -0.8249999999999979572, 1.350000000000000089, 0.1099999999999990014 ) ) ;
#1812 = ORIENTED_EDGE ( 'NONE', *, *, #442, .T. ) ;
#1813 = VECTOR ( 'NONE', #3823, 1000.000000000000000 ) ;
#1814 = EDGE_CURVE ( 'NONE', #2734, #348, #5396, .T. ) ;
#1815 = VECTOR ( 'NONE', #7772, 1000.000000000000000 ) ;
#1816 = CARTESIAN_POINT ( 'NONE',  ( -3.115000000000000213, -1.600000000000000089, 0.3752010000000010059 ) ) ;
#1817 = DIRECTION ( 'NONE',  ( 0.000000000000000000, 1.065228634467009955E-16, 1.000000000000000000 ) ) ;
#1818 = AXIS2_PLACEMENT_3D ( 'NONE', #6183, #3651, #542 ) ;
#1819 = CARTESIAN_POINT ( 'NONE',  ( -3.270000000000000018, 1.673724317761259961, 0.3099999999999990541 ) ) ;
#1820 = PLANE ( 'NONE',  #3968 ) ;
#1821 = ADVANCED_FACE ( 'NONE', ( #6060 ), #503, .F. ) ;
#1822 = VERTEX_POINT ( 'NONE', #6678 ) ;
#1823 = LINE ( 'NONE', #4382, #2702 ) ;
#1824 = EDGE_CURVE ( 'NONE', #2036, #5353, #7499, .T. ) ;
#1825 = LINE ( 'NONE', #3724, #2097 ) ;
#1826 = VECTOR ( 'NONE', #6165, 1000.000000000000000 ) ;
#1827 = ADVANCED_FACE ( 'NONE', ( #3482 ), #1756, .F. ) ;
#1828 = AXIS2_PLACEMENT_3D ( 'NONE', #7206, #4017, #4718 ) ;
#1829 = VERTEX_POINT ( 'NONE', #1124 ) ;
#1830 = DIRECTION ( 'NONE',  ( -2.289834988289389802E-16, 0.000000000000000000, -1.000000000000000000 ) ) ;
#1831 = CARTESIAN_POINT ( 'NONE',  ( -2.977500000000000036, -0.8000000000000019318, 0.1549999999999999711 ) ) ;
#1832 = EDGE_CURVE ( 'NONE', #4434, #7776, #5445, .T. ) ;
#1833 = ORIENTED_EDGE ( 'NONE', *, *, #3783, .T. ) ;
#1834 = ORIENTED_EDGE ( 'NONE', *, *, #1005, .F. ) ;
#1835 = ORIENTED_EDGE ( 'NONE', *, *, #373, .T. ) ;
#1836 = EDGE_CURVE ( 'NONE', #6528, #4931, #208, .T. ) ;
#1837 = AXIS2_PLACEMENT_3D ( 'NONE', #7025, #644, #1314 ) ;
#1838 = DIRECTION ( 'NONE',  ( 1.000000000000000000, -5.243344273594249610E-32, -2.289834988289389802E-16 ) ) ;
#1839 = CARTESIAN_POINT ( 'NONE',  ( 3.265000000000000124, -1.149999999999999911, 0.06782713613135600561 ) ) ;
#1840 = LINE ( 'NONE', #7659, #4068 ) ;
#1841 = ORIENTED_EDGE ( 'NONE', *, *, #5653, .F. ) ;
#1842 = EDGE_LOOP ( 'NONE', ( #1767, #851, #2390, #4363 ) ) ;
#1843 = LINE ( 'NONE', #4361, #7799 ) ;
#1844 = ORIENTED_EDGE ( 'NONE', *, *, #4223, .F. ) ;
#1845 = CARTESIAN_POINT ( 'NONE',  ( 2.450000000000000178, 0.9999999999999988898, 0.02999999999999709843 ) ) ;
#1846 = CARTESIAN_POINT ( 'NONE',  ( 1.050000000000002265, 0.9999999999999988898, 0.02999999999999857295 ) ) ;
#1847 = ORIENTED_EDGE ( 'NONE', *, *, #4034, .T. ) ;
#1848 = CARTESIAN_POINT ( 'NONE',  ( 1.450000000000000178, 0.6999999999999990674, 0.02999999999999875683 ) ) ;
#1849 = PLANE ( 'NONE',  #5063 ) ;
#1850 = LINE ( 'NONE', #5690, #4181 ) ;
#1851 = VECTOR ( 'NONE', #7180, 1000.000000000000000 ) ;
#1852 = PLANE ( 'NONE',  #1939 ) ;
#1853 = DIRECTION ( 'NONE',  ( -2.289834988289389802E-16, 1.200639317332289951E-47, -1.000000000000000000 ) ) ;
#1854 = ORIENTED_EDGE ( 'NONE', *, *, #4125, .F. ) ;
#1855 = AXIS2_PLACEMENT_3D ( 'NONE', #119, #3986, #2002 ) ;
#1856 = CARTESIAN_POINT ( 'NONE',  ( -1.674999999999999822, 1.673724317761259961, 0.3099999999999987210 ) ) ;
#1857 = DIRECTION ( 'NONE',  ( 0.000000000000000000, -1.000000000000000000, 2.289834988289389802E-16 ) ) ;
#1858 = CARTESIAN_POINT ( 'NONE',  ( 0.6750000000000010436, 1.350000000000000089, 0.1599999999999988376 ) ) ;
#1859 = LINE ( 'NONE', #2537, #2503 ) ;
#1860 = ORIENTED_EDGE ( 'NONE', *, *, #1457, .T. ) ;
#1861 = EDGE_CURVE ( 'NONE', #2211, #998, #6885, .T. ) ;
#1862 = CARTESIAN_POINT ( 'NONE',  ( -2.952500000000000124, 0.9999999999999988898, 0.3099999999999979994 ) ) ;
#1863 = PLANE ( 'NONE',  #5303 ) ;
#1864 = EDGE_CURVE ( 'NONE', #2710, #7534, #4735, .T. ) ;
#1865 = ADVANCED_FACE ( 'NONE', ( #7932 ), #2234, .T. ) ;
#1866 = ORIENTED_EDGE ( 'NONE', *, *, #1492, .F. ) ;
#1867 = DIRECTION ( 'NONE',  ( -5.243344273594249610E-32, -1.000000000000000000, 1.200639317332292868E-47 ) ) ;
#1868 = DIRECTION ( 'NONE',  ( 0.000000000000000000, 0.000000000000000000, -1.000000000000000000 ) ) ;
#1869 = ORIENTED_EDGE ( 'NONE', *, *, #2232, .F. ) ;
#1870 = EDGE_CURVE ( 'NONE', #2166, #2344, #2184, .T. ) ;
#1871 = VERTEX_POINT ( 'NONE', #2398 ) ;
#1872 = ORIENTED_EDGE ( 'NONE', *, *, #4279, .T. ) ;
#1873 = CARTESIAN_POINT ( 'NONE',  ( -0.3249999999999980127, 0.9999999999999988898, 0.07866077735406409865 ) ) ;
#1874 = EDGE_CURVE ( 'NONE', #2209, #6333, #877, .T. ) ;
#1875 = CARTESIAN_POINT ( 'NONE',  ( 0.1750000000000009881, 0.9199999999999866063, 0.03619548911246080192 ) ) ;
#1876 = FACE_OUTER_BOUND ( 'NONE', #3048, .T. ) ;
#1877 = ORIENTED_EDGE ( 'NONE', *, *, #5406, .F. ) ;
#1878 = CIRCLE ( 'NONE', #5742, 0.02999999999999989481 ) ;
#1879 = ORIENTED_EDGE ( 'NONE', *, *, #7838, .F. ) ;
#1880 = CARTESIAN_POINT ( 'NONE',  ( -0.3249999999999980682, 1.249999999999990008, -8.944667923005411581E-16 ) ) ;
#1881 = EDGE_LOOP ( 'NONE', ( #7304, #2758, #2749, #1854 ) ) ;
#1882 = DIRECTION ( 'NONE',  ( 0.000000000000000000, -0.9738685962292471521, -0.2271122129663560307 ) ) ;
#1883 = CARTESIAN_POINT ( 'NONE',  ( -2.785000000000000142, -1.800000000000000488, 0.9199999999999994849 ) ) ;
#1884 = ORIENTED_EDGE ( 'NONE', *, *, #1404, .F. ) ;
#1885 = LINE ( 'NONE', #3034, #4547 ) ;
#1886 = CARTESIAN_POINT ( 'NONE',  ( -3.299999999999999822, 0.8999999999999989120, 0.6750000000000000444 ) ) ;
#1887 = CARTESIAN_POINT ( 'NONE',  ( -0.6749999999999980460, 1.350000000000000089, 0.1705002310154649925 ) ) ;
#1888 = LINE ( 'NONE', #4447, #7272 ) ;
#1889 = LINE ( 'NONE', #8229, #4335 ) ;
#1890 = VECTOR ( 'NONE', #1348, 1000.000000000000000 ) ;
#1891 = LINE ( 'NONE', #6976, #2060 ) ;
#1892 = CARTESIAN_POINT ( 'NONE',  ( 0.8250000000000019540, 0.9499999999999869660, 0.03619548911246066314 ) ) ;
#1893 = DIRECTION ( 'NONE',  ( -2.289834988289389802E-16, 0.000000000000000000, -1.000000000000000000 ) ) ;
#1894 = CARTESIAN_POINT ( 'NONE',  ( 1.675000000000000266, 0.9999999999999988898, 0.07999999999999841960 ) ) ;
#1895 = VERTEX_POINT ( 'NONE', #4781 ) ;
#1896 = DIRECTION ( 'NONE',  ( 0.000000000000000000, 1.000000000000000000, -2.289834988289389802E-16 ) ) ;
#1897 = CARTESIAN_POINT ( 'NONE',  ( -0.3249999999999980127, 1.299999999999994715, 0.1099999999999990152 ) ) ;
#1898 = LINE ( 'NONE', #3327, #2513 ) ;
#1899 = VERTEX_POINT ( 'NONE', #3440 ) ;
#1900 = CARTESIAN_POINT ( 'NONE',  ( 2.952500000000000124, -1.899999999999999911, 0.1299999999999990052 ) ) ;
#1901 = CARTESIAN_POINT ( 'NONE',  ( -3.115000000000000213, -1.100000000000000089, 0.3752010000000010059 ) ) ;
#1902 = ORIENTED_EDGE ( 'NONE', *, *, #5435, .F. ) ;
#1903 = ORIENTED_EDGE ( 'NONE', *, *, #5181, .F. ) ;
#1904 = ORIENTED_EDGE ( 'NONE', *, *, #4682, .T. ) ;
#1905 = ADVANCED_FACE ( 'NONE', ( #7305 ), #5316, .F. ) ;
#1906 = VECTOR ( 'NONE', #6394, 1000.000000000000000 ) ;
#1907 = EDGE_CURVE ( 'NONE', #5528, #4107, #6228, .T. ) ;
#1908 = LINE ( 'NONE', #4431, #7271 ) ;
#1909 = FACE_OUTER_BOUND ( 'NONE', #1724, .T. ) ;
#1910 = VERTEX_POINT ( 'NONE', #2816 ) ;
#1911 = ORIENTED_EDGE ( 'NONE', *, *, #3207, .T. ) ;
#1912 = VECTOR ( 'NONE', #7970, 1000.000000000000114 ) ;
#1913 = EDGE_LOOP ( 'NONE', ( #7961, #6990, #6717, #1621, #21, #5117, #7251, #3801, #911, #360, #6088 ) ) ;
#1914 = LINE ( 'NONE', #7704, #8059 ) ;
#1915 = EDGE_CURVE ( 'NONE', #129, #6065, #5355, .T. ) ;
#1916 = CARTESIAN_POINT ( 'NONE',  ( -1.175000000000000044, 0.9999999999999988898, 0.3099999999999988320 ) ) ;
#1917 = EDGE_CURVE ( 'NONE', #7919, #2278, #4159, .T. ) ;
#1918 = VECTOR ( 'NONE', #1286, 1000.000000000000000 ) ;
#1919 = ORIENTED_EDGE ( 'NONE', *, *, #5052, .T. ) ;
#1920 = CARTESIAN_POINT ( 'NONE',  ( 0.6750000000000010436, 0.9999999999999988898, 0.07866077735406389049 ) ) ;
#1921 = CARTESIAN_POINT ( 'NONE',  ( 3.265000000000000124, -1.600000000000000089, 0.1199999999999979833 ) ) ;
#1922 = CIRCLE ( 'NONE', #995, 0.05000000000000070360 ) ;
#1923 = DIRECTION ( 'NONE',  ( 0.000000000000000000, 0.000000000000000000, -1.000000000000000000 ) ) ;
#1924 = EDGE_CURVE ( 'NONE', #1431, #5663, #6016, .T. ) ;
#1925 = PLANE ( 'NONE',  #4094 ) ;
#1926 = LINE ( 'NONE', #3865, #4339 ) ;
#1927 = ORIENTED_EDGE ( 'NONE', *, *, #4327, .F. ) ;
#1928 = AXIS2_PLACEMENT_3D ( 'NONE', #1048, #3611, #6925 ) ;
#1929 = DIRECTION ( 'NONE',  ( -0.2163711612039613263, 0.9520331092974130272, 0.2163711612039585230 ) ) ;
#1930 = DIRECTION ( 'NONE',  ( 0.000000000000000000, 1.065228634467009955E-16, 1.000000000000000000 ) ) ;
#1931 = AXIS2_PLACEMENT_3D ( 'NONE', #3044, #5698, #8232 ) ;
#1932 = CARTESIAN_POINT ( 'NONE',  ( 1.324999999999999734, 0.9999999999999988898, 0.3099999999999970002 ) ) ;
#1933 = DIRECTION ( 'NONE',  ( 0.000000000000000000, 1.065228634467009955E-16, 1.000000000000000000 ) ) ;
#1934 = ORIENTED_EDGE ( 'NONE', *, *, #3253, .T. ) ;
#1935 = CARTESIAN_POINT ( 'NONE',  ( -2.952500000000000124, -0.8000000000000020428, 0.02999999999999970399 ) ) ;
#1936 = VECTOR ( 'NONE', #4639, 1000.000000000000000 ) ;
#1937 = DIRECTION ( 'NONE',  ( -1.000000000000000000, 5.243344273594249610E-32, -0.000000000000000000 ) ) ;
#1938 = DIRECTION ( 'NONE',  ( 1.000000000000000000, 0.000000000000000000, -2.289834988289389802E-16 ) ) ;
#1939 = AXIS2_PLACEMENT_3D ( 'NONE', #3748, #7514, #2529 ) ;
#1940 = ORIENTED_EDGE ( 'NONE', *, *, #6867, .F. ) ;
#1941 = LINE ( 'NONE', #4506, #7247 ) ;
#1942 = CARTESIAN_POINT ( 'NONE',  ( -0.8249999999999979572, 0.9431866336109969717, 0.06541154699933857120 ) ) ;
#1943 = VERTEX_POINT ( 'NONE', #5634 ) ;
#1944 = ORIENTED_EDGE ( 'NONE', *, *, #6963, .F. ) ;
#1945 = VECTOR ( 'NONE', #2668, 1000.000000000000000 ) ;
#1946 = ORIENTED_EDGE ( 'NONE', *, *, #5595, .T. ) ;
#1947 = LINE ( 'NONE', #7033, #283 ) ;
#1948 = VECTOR ( 'NONE', #4355, 1000.000000000000000 ) ;
#1949 = EDGE_CURVE ( 'NONE', #3583, #4464, #6415, .T. ) ;
#1950 = VECTOR ( 'NONE', #3848, 1000.000000000000000 ) ;
#1951 = DIRECTION ( 'NONE',  ( 0.000000000000000000, 0.7071067811865441310, 0.7071067811865510144 ) ) ;
#1952 = DIRECTION ( 'NONE',  ( 2.439197797730288502E-32, -1.000000000000000000, 1.065228634467009955E-16 ) ) ;
#1953 = VERTEX_POINT ( 'NONE', #8170 ) ;
#1954 = AXIS2_PLACEMENT_3D ( 'NONE', #1613, #8037, #362 ) ;
#1955 = ORIENTED_EDGE ( 'NONE', *, *, #4419, .F. ) ;
#1956 = ORIENTED_EDGE ( 'NONE', *, *, #2646, .T. ) ;
#1957 = AXIS2_PLACEMENT_3D ( 'NONE', #1982, #1355, #6525 ) ;
#1958 = EDGE_CURVE ( 'NONE', #3168, #5130, #1209, .T. ) ;
#1959 = PLANE ( 'NONE',  #58 ) ;
#1960 = LINE ( 'NONE', #4404, #5910 ) ;
#1961 = ADVANCED_FACE ( 'NONE', ( #1876 ), #29, .F. ) ;
#1962 = EDGE_CURVE ( 'NONE', #1485, #6576, #3261, .T. ) ;
#1963 = ORIENTED_EDGE ( 'NONE', *, *, #3344, .T. ) ;
#1964 = LINE ( 'NONE', #2607, #6392 ) ;
#1965 = DIRECTION ( 'NONE',  ( 0.000000000000000000, 0.7071067811865440200, 0.7071067811865511255 ) ) ;
#1966 = ADVANCED_FACE ( 'NONE', ( #1909 ), #2516, .F. ) ;
#1967 = DIRECTION ( 'NONE',  ( -2.289834988289389802E-16, 0.000000000000000000, -1.000000000000000000 ) ) ;
#1968 = CARTESIAN_POINT ( 'NONE',  ( -0.8999999999999993561, 0.9999999999999988898, 0.07999999999999934941 ) ) ;
#1969 = DIRECTION ( 'NONE',  ( -1.000000000000000000, 5.243344273594249610E-32, 2.289834988289389802E-16 ) ) ;
#1970 = ORIENTED_EDGE ( 'NONE', *, *, #6053, .T. ) ;
#1971 = EDGE_CURVE ( 'NONE', #4360, #4028, #6956, .T. ) ;
#1972 = EDGE_CURVE ( 'NONE', #6427, #3444, #4397, .T. ) ;
#1973 = DIRECTION ( 'NONE',  ( 1.000000000000000000, -5.243344273594249610E-32, -2.289834988289389802E-16 ) ) ;
#1974 = DIRECTION ( 'NONE',  ( -2.289834988289389802E-16, 0.000000000000000000, -1.000000000000000000 ) ) ;
#1975 = DIRECTION ( 'NONE',  ( 0.000000000000000000, 2.289834988289389802E-16, 1.000000000000000000 ) ) ;
#1976 = LINE ( 'NONE', #4535, #8216 ) ;
#1977 = ORIENTED_EDGE ( 'NONE', *, *, #7569, .F. ) ;
#1978 = FILL_AREA_STYLE_COLOUR ( '', #7481 ) ;
#1979 = LINE ( 'NONE', #7144, #476 ) ;
#1980 = DIRECTION ( 'NONE',  ( 0.000000000000000000, -2.289834988289389802E-16, -1.000000000000000000 ) ) ;
#1981 = CARTESIAN_POINT ( 'NONE',  ( -1.675000000000000044, 0.9199999999999863842, 0.03619548911246128070 ) ) ;
#1982 = CARTESIAN_POINT ( 'NONE',  ( -2.325000000000000178, 1.350000000000000089, 0.1099999999999990430 ) ) ;
#1983 =( NAMED_UNIT ( * ) SI_UNIT ( $, .STERADIAN. ) SOLID_ANGLE_UNIT ( ) );
#1984 = DIRECTION ( 'NONE',  ( 0.000000000000000000, -1.065228634467009955E-16, -1.000000000000000000 ) ) ;
#1985 = EDGE_CURVE ( 'NONE', #4949, #6676, #4469, .T. ) ;
#1986 = EDGE_LOOP ( 'NONE', ( #7733, #1797, #4734, #3886, #960, #4667, #2951, #6039, #2046 ) ) ;
#1987 = ORIENTED_EDGE ( 'NONE', *, *, #8140, .T. ) ;
#1988 = VECTOR ( 'NONE', #6347, 1000.000000000000000 ) ;
#1989 = ORIENTED_EDGE ( 'NONE', *, *, #3210, .T. ) ;
#1990 = DIRECTION ( 'NONE',  ( 1.000000000000000000, -2.804146475863970139E-32, 2.987057121330055487E-48 ) ) ;
#1991 = ORIENTED_EDGE ( 'NONE', *, *, #3438, .T. ) ;
#1992 = CARTESIAN_POINT ( 'NONE',  ( 0.8250000000000019540, 1.249999999999988676, 1.704582655581704204E-16 ) ) ;
#1993 = ORIENTED_EDGE ( 'NONE', *, *, #3010, .T. ) ;
#1994 = VERTEX_POINT ( 'NONE', #3100 ) ;
#1995 = VERTEX_POINT ( 'NONE', #6297 ) ;
#1996 = FACE_OUTER_BOUND ( 'NONE', #335, .T. ) ;
#1997 = LINE ( 'NONE', #7080, #36 ) ;
#1998 = VECTOR ( 'NONE', #1000, 1000.000000000000000 ) ;
#1999 = EDGE_CURVE ( 'NONE', #2661, #6957, #3137, .T. ) ;
#2000 = ORIENTED_EDGE ( 'NONE', *, *, #6443, .T. ) ;
#2001 = CARTESIAN_POINT ( 'NONE',  ( -2.174999999999999822, 1.245779075397750235, -3.252606517456513302E-16 ) ) ;
#2002 = DIRECTION ( 'NONE',  ( 0.000000000000000000, -0.7071067811865220376, 0.7071067811865729968 ) ) ;
#2003 = LINE ( 'NONE', #6387, #4224 ) ;
#2004 = EDGE_CURVE ( 'NONE', #4933, #2861, #6332, .T. ) ;
#2005 = LINE ( 'NONE', #3275, #454 ) ;
#2006 = ORIENTED_EDGE ( 'NONE', *, *, #7332, .T. ) ;
#2007 = EDGE_CURVE ( 'NONE', #6635, #4273, #2471, .T. ) ;
#2008 = ADVANCED_FACE ( 'NONE', ( #539 ), #5093, .F. ) ;
#2009 = DIRECTION ( 'NONE',  ( 0.000000000000000000, 0.7071067811865417996, -0.7071067811865532349 ) ) ;
#2010 = CARTESIAN_POINT ( 'NONE',  ( 1.175000000000000044, 0.9199999999999868283, -1.122765075356467901E-15 ) ) ;
#2011 = DIRECTION ( 'NONE',  ( -1.000000000000000000, 0.000000000000000000, 2.289834988289389802E-16 ) ) ;
#2012 = CARTESIAN_POINT ( 'NONE',  ( 0.1625000000000020040, 0.9199999999999990408, 0.07999999999999900246 ) ) ;
#2013 = ORIENTED_EDGE ( 'NONE', *, *, #6358, .T. ) ;
#2014 = FACE_OUTER_BOUND ( 'NONE', #7664, .T. ) ;
#2015 = CARTESIAN_POINT ( 'NONE',  ( 1.050000000000000488, 0.9999999999999988898, 0.03000000000000016542 ) ) ;
#2016 = CARTESIAN_POINT ( 'NONE',  ( -3.265000000000000124, -1.550000000000000266, -3.330669073875470114E-16 ) ) ;
#2017 = PRESENTATION_STYLE_ASSIGNMENT (( #3765 ) ) ;
#2018 = EDGE_CURVE ( 'NONE', #4267, #3506, #2637, .T. ) ;
#2019 = ADVANCED_FACE ( 'NONE', ( #6377 ), #3890, .T. ) ;
#2020 = VECTOR ( 'NONE', #1702, 1000.000000000000000 ) ;
#2021 = EDGE_CURVE ( 'NONE', #3980, #7193, #5172, .T. ) ;
#2022 = DIRECTION ( 'NONE',  ( 2.289834988289389802E-16, -0.000000000000000000, 1.000000000000000000 ) ) ;
#2023 = DIRECTION ( 'NONE',  ( 0.000000000000000000, -0.9738685962292471521, -0.2271122129663560307 ) ) ;
#2024 = FILL_AREA_STYLE ('',( #3368 ) ) ;
#2025 = DIRECTION ( 'NONE',  ( 2.289834988289389802E-16, 2.289834988289389802E-16, 1.000000000000000000 ) ) ;
#2026 = ORIENTED_EDGE ( 'NONE', *, *, #218, .T. ) ;
#2027 = LINE ( 'NONE', #3457, #206 ) ;
#2028 = EDGE_LOOP ( 'NONE', ( #7629, #3218, #4248, #3962 ) ) ;
#2029 = AXIS2_PLACEMENT_3D ( 'NONE', #7981, #4207, #6684 ) ;
#2030 = ORIENTED_EDGE ( 'NONE', *, *, #2339, .F. ) ;
#2031 = DIRECTION ( 'NONE',  ( -1.000000000000000000, -0.000000000000000000, -0.000000000000000000 ) ) ;
#2032 = EDGE_CURVE ( 'NONE', #6114, #8223, #1840, .T. ) ;
#2033 = VERTEX_POINT ( 'NONE', #1992 ) ;
#2034 = LINE ( 'NONE', #4711, #6469 ) ;
#2035 = ORIENTED_EDGE ( 'NONE', *, *, #7061, .T. ) ;
#2036 = VERTEX_POINT ( 'NONE', #4552 ) ;
#2037 = VERTEX_POINT ( 'NONE', #1173 ) ;
#2038 = DIRECTION ( 'NONE',  ( -1.000000000000000000, 0.000000000000000000, -0.000000000000000000 ) ) ;
#2039 = DIRECTION ( 'NONE',  ( -2.804146475863970139E-32, -1.000000000000000000, 1.065228634467009955E-16 ) ) ;
#2040 = VECTOR ( 'NONE', #463, 1000.000000000000000 ) ;
#2041 = VERTEX_POINT ( 'NONE', #3737 ) ;
#2042 = DIRECTION ( 'NONE',  ( -5.243344273594270410E-32, 1.000000000000000000, -2.289834988289389802E-16 ) ) ;
#2043 = DIRECTION ( 'NONE',  ( -1.000000000000000000, 2.804146475863970139E-32, -2.987057121330055487E-48 ) ) ;
#2044 = DIRECTION ( 'NONE',  ( 0.000000000000000000, 1.065228634467009955E-16, 1.000000000000000000 ) ) ;
#2045 = CARTESIAN_POINT ( 'NONE',  ( 2.100000000000000089, 0.9199999999999998179, 0.07999999999999833633 ) ) ;
#2046 = ORIENTED_EDGE ( 'NONE', *, *, #6355, .F. ) ;
#2047 = VECTOR ( 'NONE', #4123, 1000.000000000000000 ) ;
#2048 = ADVANCED_FACE ( 'NONE', ( #736 ), #2125, .F. ) ;
#2049 = CYLINDRICAL_SURFACE ( 'NONE', #1391, 0.05000000000000070360 ) ;
#2050 = LINE ( 'NONE', #1428, #8004 ) ;
#2051 = LINE ( 'NONE', #5772, #7169 ) ;
#2052 = CARTESIAN_POINT ( 'NONE',  ( -2.325000000000000178, 0.9499999999999869660, 0.03619548911246143336 ) ) ;
#2053 = ORIENTED_EDGE ( 'NONE', *, *, #7866, .T. ) ;
#2054 = SURFACE_STYLE_USAGE ( .BOTH. , #6433 ) ;
#2055 = FACE_OUTER_BOUND ( 'NONE', #4240, .T. ) ;
#2056 = FACE_OUTER_BOUND ( 'NONE', #5548, .T. ) ;
#2057 = EDGE_CURVE ( 'NONE', #7743, #2714, #2163, .T. ) ;
#2058 = CARTESIAN_POINT ( 'NONE',  ( 1.662500000000000089, 0.9999999999999988898, 0.07999999999999840572 ) ) ;
#2059 = VECTOR ( 'NONE', #6487, 1000.000000000000000 ) ;
#2060 = VECTOR ( 'NONE', #3829, 1000.000000000000000 ) ;
#2061 = EDGE_CURVE ( 'NONE', #3270, #2165, #582, .T. ) ;
#2062 = CARTESIAN_POINT ( 'NONE',  ( -3.002499999999999947, -1.850000000000000089, 0.1799999999999994660 ) ) ;
#2063 = CARTESIAN_POINT ( 'NONE',  ( 0.9000000000000005773, 0.9199999999999992628, 0.07999999999999873879 ) ) ;
#2064 = FACE_OUTER_BOUND ( 'NONE', #1393, .T. ) ;
#2065 = PLANE ( 'NONE',  #68 ) ;
#2066 = VECTOR ( 'NONE', #6054, 1000.000000000000000 ) ;
#2067 = EDGE_CURVE ( 'NONE', #4112, #5834, #4347, .T. ) ;
#2068 = ORIENTED_EDGE ( 'NONE', *, *, #7482, .F. ) ;
#2069 = DIRECTION ( 'NONE',  ( 0.7071067811865520136, 0.000000000000000000, -0.7071067811865431318 ) ) ;
#2070 = ORIENTED_EDGE ( 'NONE', *, *, #3501, .T. ) ;
#2071 = ORIENTED_EDGE ( 'NONE', *, *, #2132, .T. ) ;
#2072 = CARTESIAN_POINT ( 'NONE',  ( -3.265000000000000124, -1.050000000000000044, 0.4600000000000000200 ) ) ;
#2073 = EDGE_CURVE ( 'NONE', #2981, #686, #108, .T. ) ;
#2074 = VECTOR ( 'NONE', #216, 1000.000000000000000 ) ;
#2075 = EDGE_CURVE ( 'NONE', #7225, #7039, #857, .T. ) ;
#2076 = EDGE_LOOP ( 'NONE', ( #4558, #1490, #103, #3851 ) ) ;
#2077 = VECTOR ( 'NONE', #5338, 1000.000000000000000 ) ;
#2078 = FACE_OUTER_BOUND ( 'NONE', #61, .T. ) ;
#2079 = EDGE_CURVE ( 'NONE', #6887, #5436, #6450, .T. ) ;
#2080 = ORIENTED_EDGE ( 'NONE', *, *, #1605, .F. ) ;
#2081 = EDGE_LOOP ( 'NONE', ( #1487, #413, #4810, #3349 ) ) ;
#2082 = VECTOR ( 'NONE', #2107, 1000.000000000000000 ) ;
#2083 = VECTOR ( 'NONE', #1719, 1000.000000000000000 ) ;
#2084 = VERTEX_POINT ( 'NONE', #1531 ) ;
#2085 = DIRECTION ( 'NONE',  ( 0.000000000000000000, -2.289834988289389802E-16, -1.000000000000000000 ) ) ;
#2086 = LINE ( 'NONE', #7167, #1411 ) ;
#2087 = VECTOR ( 'NONE', #2733, 1000.000000000000000 ) ;
#2088 = VECTOR ( 'NONE', #2031, 1000.000000000000000 ) ;
#2089 = VECTOR ( 'NONE', #1435, 1000.000000000000000 ) ;
#2090 = ORIENTED_EDGE ( 'NONE', *, *, #6657, .T. ) ;
#2091 = CARTESIAN_POINT ( 'NONE',  ( 0.6750000000000010436, 0.9999999999999988898, 0.07866077735406369620 ) ) ;
#2092 = CARTESIAN_POINT ( 'NONE',  ( -2.174999999999999822, 1.299999999999999378, 0.1099999999999989458 ) ) ;
#2093 = CARTESIAN_POINT ( 'NONE',  ( -3.500000000000000000, -0.8000000000000020428, 0.1800000000000000211 ) ) ;
#2094 = EDGE_CURVE ( 'NONE', #3370, #4806, #2756, .T. ) ;
#2095 = CARTESIAN_POINT ( 'NONE',  ( -0.4499999999999991229, 0.9999999999999988898, 0.03000000000000021400 ) ) ;
#2096 = DIRECTION ( 'NONE',  ( 0.000000000000000000, 0.000000000000000000, 1.000000000000000000 ) ) ;
#2097 = VECTOR ( 'NONE', #8160, 1000.000000000000000 ) ;
#2098 = VERTEX_POINT ( 'NONE', #187 ) ;
#2099 = DIRECTION ( 'NONE',  ( -1.000000000000000000, 0.000000000000000000, 2.289834988289389802E-16 ) ) ;
#2100 = LINE ( 'NONE', #5853, #6564 ) ;
#2101 = CYLINDRICAL_SURFACE ( 'NONE', #4525, 0.02999999999999989481 ) ;
#2102 = FACE_OUTER_BOUND ( 'NONE', #5687, .T. ) ;
#2103 = ORIENTED_EDGE ( 'NONE', *, *, #5289, .F. ) ;
#2104 = PLANE ( 'NONE',  #6830 ) ;
#2105 = LINE ( 'NONE', #5323, #6999 ) ;
#2106 = CARTESIAN_POINT ( 'NONE',  ( -47.10249999999999915, 0.6999999999999990674, 0.03000000000000963007 ) ) ;
#2107 = DIRECTION ( 'NONE',  ( 1.000000000000000000, -0.000000000000000000, -2.289834988289389802E-16 ) ) ;
#2108 = VECTOR ( 'NONE', #3593, 1000.000000000000000 ) ;
#2109 = CARTESIAN_POINT ( 'NONE',  ( -0.8249999999999979572, 0.9499999999999869660, 0.03619548911246110029 ) ) ;
#2110 = EDGE_CURVE ( 'NONE', #4091, #8138, #3465, .T. ) ;
#2111 = DIRECTION ( 'NONE',  ( 1.000000000000000000, -5.243344273594249610E-32, -2.289834988289389802E-16 ) ) ;
#2112 = SURFACE_STYLE_FILL_AREA ( #2024 ) ;
#2113 = DIRECTION ( 'NONE',  ( 5.243344273594249610E-32, 1.000000000000000000, -1.200639317332289951E-47 ) ) ;
#2114 = ORIENTED_EDGE ( 'NONE', *, *, #2345, .F. ) ;
#2115 = DIRECTION ( 'NONE',  ( 0.000000000000000000, -0.9738685962292471521, -0.2271122129663560307 ) ) ;
#2116 = ORIENTED_EDGE ( 'NONE', *, *, #2942, .T. ) ;
#2117 = ORIENTED_EDGE ( 'NONE', *, *, #3766, .F. ) ;
#2118 = DIRECTION ( 'NONE',  ( -2.439197797730288502E-32, 1.000000000000000000, -1.065228634467009955E-16 ) ) ;
#2119 = VECTOR ( 'NONE', #4130, 1000.000000000000000 ) ;
#2120 = ADVANCED_FACE ( 'NONE', ( #2078 ), #4050, .T. ) ;
#2121 = ADVANCED_FACE ( 'NONE', ( #6535 ), #3420, .T. ) ;
#2122 = EDGE_CURVE ( 'NONE', #4145, #1585, #234, .T. ) ;
#2123 = AXIS2_PLACEMENT_3D ( 'NONE', #4024, #5726, #1298 ) ;
#2124 = VERTEX_POINT ( 'NONE', #4012 ) ;
#2125 = PLANE ( 'NONE',  #5125 ) ;
#2126 = ORIENTED_EDGE ( 'NONE', *, *, #5804, .F. ) ;
#2127 = ORIENTED_EDGE ( 'NONE', *, *, #3405, .T. ) ;
#2128 = VERTEX_POINT ( 'NONE', #5300 ) ;
#2129 = DIRECTION ( 'NONE',  ( -5.243344273594249610E-32, -1.000000000000000000, 1.200639317332292868E-47 ) ) ;
#2130 = CARTESIAN_POINT ( 'NONE',  ( 1.324999999999999956, 1.350000000000000089, 0.1705002310154649925 ) ) ;
#2131 = EDGE_CURVE ( 'NONE', #3574, #3040, #7868, .T. ) ;
#2132 = EDGE_CURVE ( 'NONE', #4218, #5378, #2034, .T. ) ;
#2133 = EDGE_CURVE ( 'NONE', #419, #1943, #5997, .T. ) ;
#2134 = ORIENTED_EDGE ( 'NONE', *, *, #2913, .F. ) ;
#2135 = DIRECTION ( 'NONE',  ( 2.289834988289389802E-16, 1.065228634467009955E-16, 1.000000000000000000 ) ) ;
#2136 = EDGE_LOOP ( 'NONE', ( #2410, #8078, #1034, #409 ) ) ;
#2137 = CARTESIAN_POINT ( 'NONE',  ( 2.100000000000000089, 0.9999999999999988898, 0.07999999999999819755 ) ) ;
#2138 = CARTESIAN_POINT ( 'NONE',  ( -2.325000000000000178, 3.624702236056390081, -3.252606517456513302E-16 ) ) ;
#2139 = DIRECTION ( 'NONE',  ( 0.000000000000000000, -0.5999999999999999778, 0.8000000000000000444 ) ) ;
#2140 = VECTOR ( 'NONE', #6671, 1000.000000000000000 ) ;
#2141 = LINE ( 'NONE', #249, #5116 ) ;
#2142 = ORIENTED_EDGE ( 'NONE', *, *, #7042, .T. ) ;
#2143 = AXIS2_PLACEMENT_3D ( 'NONE', #4171, #6073, #5460 ) ;
#2144 = DIRECTION ( 'NONE',  ( -0.7071067811865431318, -7.532303909457119365E-17, -0.7071067811865520136 ) ) ;
#2145 = CARTESIAN_POINT ( 'NONE',  ( 1.675000000000000044, 1.299999999999990274, 0.04999999999999919786 ) ) ;
#2146 = CARTESIAN_POINT ( 'NONE',  ( -3.115000000000000213, -1.050000000000000044, 0.5100000000000000089 ) ) ;
#2147 = LINE ( 'NONE', #4697, #6353 ) ;
#2148 = VERTEX_POINT ( 'NONE', #275 ) ;
#2149 = AXIS2_PLACEMENT_3D ( 'NONE', #6638, #2907, #1555 ) ;
#2150 = CARTESIAN_POINT ( 'NONE',  ( 3.265000000000000124, -1.900000000000000133, 0.8199999999999986189 ) ) ;
#2151 = CARTESIAN_POINT ( 'NONE',  ( -2.100000000000000089, 0.8499999999999999778, 0.07999999999999939104 ) ) ;
#2152 = DIRECTION ( 'NONE',  ( -1.000000000000000000, -1.144917494144693668E-16, 1.144917494144857357E-16 ) ) ;
#2153 = CARTESIAN_POINT ( 'NONE',  ( -1.574999999999999956, 0.8499999999999989786, 0.05499999999999929945 ) ) ;
#2154 = DIRECTION ( 'NONE',  ( -1.000000000000000000, 5.243344273594249610E-32, 0.000000000000000000 ) ) ;
#2155 = CARTESIAN_POINT ( 'NONE',  ( 1.175000000000000044, 1.299999999999990274, 0.04999999999999950318 ) ) ;
#2156 = LINE ( 'NONE', #4088, #6720 ) ;
#2157 = CARTESIAN_POINT ( 'NONE',  ( -3.265000000000000124, -1.100000000000000089, 0.5100000000000000089 ) ) ;
#2158 = EDGE_LOOP ( 'NONE', ( #6007, #1989, #2307, #5090, #7965, #6219, #6489, #6256, #1099 ) ) ;
#2159 = PLANE ( 'NONE',  #8209 ) ;
#2160 = FACE_OUTER_BOUND ( 'NONE', #8106, .T. ) ;
#2161 = VECTOR ( 'NONE', #897, 1000.000000000000000 ) ;
#2162 = ORIENTED_EDGE ( 'NONE', *, *, #4682, .F. ) ;
#2163 = LINE ( 'NONE', #7200, #2605 ) ;
#2164 = EDGE_CURVE ( 'NONE', #6725, #4157, #2676, .T. ) ;
#2165 = VERTEX_POINT ( 'NONE', #5213 ) ;
#2166 = VERTEX_POINT ( 'NONE', #7115 ) ;
#2167 = ORIENTED_EDGE ( 'NONE', *, *, #6538, .F. ) ;
#2168 = CARTESIAN_POINT ( 'NONE',  ( -3.500000000000000000, -0.8000000000000019318, 0.07999999999999966860 ) ) ;
#2169 = LINE ( 'NONE', #2763, #5154 ) ;
#2170 = EDGE_CURVE ( 'NONE', #4949, #7031, #1407, .T. ) ;
#2171 = ADVANCED_FACE ( 'NONE', ( #448 ), #7999, .T. ) ;
#2172 = ORIENTED_EDGE ( 'NONE', *, *, #4025, .T. ) ;
#2173 = CARTESIAN_POINT ( 'NONE',  ( 3.265000000000000124, -1.147779969318960092, 0.01787644580804560041 ) ) ;
#2174 = ORIENTED_EDGE ( 'NONE', *, *, #4169, .F. ) ;
#2175 = FACE_OUTER_BOUND ( 'NONE', #5132, .T. ) ;
#2176 = EDGE_CURVE ( 'NONE', #1717, #702, #2297, .T. ) ;
#2177 = ORIENTED_EDGE ( 'NONE', *, *, #7419, .T. ) ;
#2178 = CARTESIAN_POINT ( 'NONE',  ( -3.265000000000000124, -1.599999999999999645, 0.05000000000000080075 ) ) ;
#2179 = DIRECTION ( 'NONE',  ( 1.000000000000000000, -5.243344273594249610E-32, -2.289834988289389802E-16 ) ) ;
#2180 = ORIENTED_EDGE ( 'NONE', *, *, #8144, .F. ) ;
#2181 = EDGE_CURVE ( 'NONE', #4806, #2036, #3597, .T. ) ;
#2182 = AXIS2_PLACEMENT_3D ( 'NONE', #418, #6271, #2359 ) ;
#2183 = VERTEX_POINT ( 'NONE', #4272 ) ;
#2184 = LINE ( 'NONE', #4975, #6196 ) ;
#2185 = FACE_BOUND ( 'NONE', #8180, .T. ) ;
#2186 = PLANE ( 'NONE',  #5318 ) ;
#2187 = CARTESIAN_POINT ( 'NONE',  ( 0.6750000000000010436, 1.350000000000000089, 0.1599999999999990041 ) ) ;
#2188 = EDGE_CURVE ( 'NONE', #905, #2166, #492, .T. ) ;
#2189 = EDGE_LOOP ( 'NONE', ( #3799, #181, #647, #1991, #2840, #7782, #4315, #859, #7488, #144, #2647 ) ) ;
#2190 = DIRECTION ( 'NONE',  ( 0.000000000000000000, 1.065228634467009955E-16, 1.000000000000000000 ) ) ;
#2191 = EDGE_CURVE ( 'NONE', #3730, #6794, #7368, .T. ) ;
#2192 = AXIS2_PLACEMENT_3D ( 'NONE', #6389, #3824, #5188 ) ;
#2193 = EDGE_CURVE ( 'NONE', #2769, #937, #406, .T. ) ;
#2194 = DIRECTION ( 'NONE',  ( 1.000000000000000000, -5.243344273594249610E-32, -0.000000000000000000 ) ) ;
#2195 = DIRECTION ( 'NONE',  ( -2.439197797730288502E-32, 1.000000000000000000, -1.065228634467009955E-16 ) ) ;
#2196 = LINE ( 'NONE', #1603, #5953 ) ;
#2197 = AXIS2_PLACEMENT_3D ( 'NONE', #1449, #4674, #2837 ) ;
#2198 = CARTESIAN_POINT ( 'NONE',  ( -1.324999999999999956, 1.299999999999990274, 0.1705002310154649925 ) ) ;
#2199 = DIRECTION ( 'NONE',  ( -2.289834988289389802E-16, 0.000000000000000000, -1.000000000000000000 ) ) ;
#2200 = LINE ( 'NONE', #8032, #4932 ) ;
#2201 = FACE_OUTER_BOUND ( 'NONE', #3769, .T. ) ;
#2202 = VERTEX_POINT ( 'NONE', #4226 ) ;
#2203 = FACE_OUTER_BOUND ( 'NONE', #7679, .T. ) ;
#2204 = DIRECTION ( 'NONE',  ( 1.000000000000000000, -0.000000000000000000, -2.289834988289389802E-16 ) ) ;
#2205 = VECTOR ( 'NONE', #6526, 1000.000000000000000 ) ;
#2206 = DIRECTION ( 'NONE',  ( 2.289834988289389802E-16, 2.289834988289389802E-16, 1.000000000000000000 ) ) ;
#2207 = VECTOR ( 'NONE', #2377, 1000.000000000000000 ) ;
#2208 = CIRCLE ( 'NONE', #1135, 0.04999999999999720640 ) ;
#2209 = VERTEX_POINT ( 'NONE', #3548 ) ;
#2210 = DIRECTION ( 'NONE',  ( -2.232893331421829163E-16, 0.2216211035889688874, -0.9751328557914595851 ) ) ;
#2212 = ORIENTED_EDGE ( 'NONE', *, *, #2328, .F. ) ;
#2211 = VERTEX_POINT ( 'NONE', #7455 ) ;
#2213 = VECTOR ( 'NONE', #4663, 1000.000000000000000 ) ;
#2214 = EDGE_LOOP ( 'NONE', ( #3311, #1145, #6008, #4673, #5786, #7392, #3336, #5756 ) ) ;
#2215 = ORIENTED_EDGE ( 'NONE', *, *, #2701, .T. ) ;
#2216 = DIRECTION ( 'NONE',  ( 0.000000000000000000, 1.000000000000000000, -2.289834988289389802E-16 ) ) ;
#2217 = VECTOR ( 'NONE', #1271, 1000.000000000000000 ) ;
#2218 = DIRECTION ( 'NONE',  ( 5.243344273594249610E-32, 1.000000000000000000, -1.200639317332292868E-47 ) ) ;
#2219 = VECTOR ( 'NONE', #5166, 1000.000000000000000 ) ;
#2220 = AXIS2_PLACEMENT_3D ( 'NONE', #4092, #6569, #2115 ) ;
#2221 = ORIENTED_EDGE ( 'NONE', *, *, #1564, .F. ) ;
#2222 = EDGE_CURVE ( 'NONE', #4353, #3937, #6747, .T. ) ;
#2223 = ORIENTED_EDGE ( 'NONE', *, *, #4441, .T. ) ;
#2224 = DIRECTION ( 'NONE',  ( -0.7071067811865520136, 0.000000000000000000, -0.7071067811865431318 ) ) ;
#2225 = VERTEX_POINT ( 'NONE', #2256 ) ;
#2226 = DIRECTION ( 'NONE',  ( -2.289834988289389802E-16, 0.000000000000000000, -1.000000000000000000 ) ) ;
#2227 = AXIS2_PLACEMENT_3D ( 'NONE', #2251, #4752, #1741 ) ;
#2228 = CARTESIAN_POINT ( 'NONE',  ( -2.325000000000000178, 1.249999999999989786, -1.084202172485504434E-16 ) ) ;
#2229 = EDGE_LOOP ( 'NONE', ( #6726, #1622, #279, #7016 ) ) ;
#2230 = AXIS2_PLACEMENT_3D ( 'NONE', #6951, #1838, #3328 ) ;
#2231 = EDGE_CURVE ( 'NONE', #7248, #4884, #2972, .T. ) ;
#2232 = EDGE_CURVE ( 'NONE', #6065, #5308, #4883, .T. ) ;
#2233 = VERTEX_POINT ( 'NONE', #3014 ) ;
#2234 = PLANE ( 'NONE',  #7379 ) ;
#2235 = EDGE_CURVE ( 'NONE', #1545, #7966, #344, .T. ) ;
#2236 = PLANE ( 'NONE',  #6533 ) ;
#2237 = FACE_OUTER_BOUND ( 'NONE', #241, .T. ) ;
#2238 = CARTESIAN_POINT ( 'NONE',  ( -1.449999999999999956, 0.6999999999999992895, 0.02999999999999919051 ) ) ;
#2239 = VERTEX_POINT ( 'NONE', #4142 ) ;
#2240 = VECTOR ( 'NONE', #6321, 1000.000000000000000 ) ;
#2241 = DIRECTION ( 'NONE',  ( -0.000000000000000000, 1.065228634467009955E-16, 1.000000000000000000 ) ) ;
#2242 = FACE_OUTER_BOUND ( 'NONE', #7609, .T. ) ;
#2243 = LINE ( 'NONE', #7228, #1792 ) ;
#2244 = DIRECTION ( 'NONE',  ( 2.229998385641999896E-16, -0.2271122129663560585, 0.9738685962292472631 ) ) ;
#2245 = ADVANCED_FACE ( 'NONE', ( #8087 ), #4312, .F. ) ;
#2246 = ADVANCED_FACE ( 'NONE', ( #6037 ), #3685, .T. ) ;
#2247 = EDGE_CURVE ( 'NONE', #8138, #317, #4761, .T. ) ;
#2248 = LINE ( 'NONE', #3451, #3814 ) ;
#2249 = CARTESIAN_POINT ( 'NONE',  ( 2.400000000000000355, 0.9999999999999988898, 0.07999999999999665712 ) ) ;
#2250 = LINE ( 'NONE', #7318, #8243 ) ;
#2251 = CARTESIAN_POINT ( 'NONE',  ( 2.174999999999999822, 1.350000000000000089, 0.1099999999999980022 ) ) ;
#2252 = ORIENTED_EDGE ( 'NONE', *, *, #3060, .F. ) ;
#2253 = CARTESIAN_POINT ( 'NONE',  ( -2.764999999999999236, -1.200000000000000178, 0.2999999999999991562 ) ) ;
#2254 = DIRECTION ( 'NONE',  ( 0.000000000000000000, -2.289834988289389802E-16, -1.000000000000000000 ) ) ;
#2255 = ORIENTED_EDGE ( 'NONE', *, *, #1514, .T. ) ;
#2256 = CARTESIAN_POINT ( 'NONE',  ( 2.952500000000001013, 0.9999999999999988898, 0.02999999999999796232 ) ) ;
#2258 = EDGE_LOOP ( 'NONE', ( #3640, #4199, #3598, #4348 ) ) ;
#2257 = ORIENTED_EDGE ( 'NONE', *, *, #230, .T. ) ;
#2259 = ORIENTED_EDGE ( 'NONE', *, *, #1091, .T. ) ;
#2260 = AXIS2_PLACEMENT_3D ( 'NONE', #3674, #5074, #2456 ) ;
#2261 = ORIENTED_EDGE ( 'NONE', *, *, #3570, .T. ) ;
#2262 = CARTESIAN_POINT ( 'NONE',  ( -1.824999999999999956, 1.249999999999986233, 3.306816626080788524E-15 ) ) ;
#2263 = LINE ( 'NONE', #3734, #2892 ) ;
#2264 = VECTOR ( 'NONE', #7173, 1000.000000000000000 ) ;
#2265 = EDGE_LOOP ( 'NONE', ( #8256, #3931, #4255, #7204 ) ) ;
#2266 = ORIENTED_EDGE ( 'NONE', *, *, #6356, .F. ) ;
#2267 = CARTESIAN_POINT ( 'NONE',  ( -3.299999999999999822, -0.02000000000000089900, 1.050000000000000044 ) ) ;
#2268 = ORIENTED_EDGE ( 'NONE', *, *, #3864, .T. ) ;
#2269 = DIRECTION ( 'NONE',  ( -5.243344273594249610E-32, -1.000000000000000000, 1.200639317332292868E-47 ) ) ;
#2270 = CARTESIAN_POINT ( 'NONE',  ( -1.325000000000000400, 0.9999999999999988898, 0.3099999999999988320 ) ) ;
#2271 = ORIENTED_EDGE ( 'NONE', *, *, #489, .F. ) ;
#2272 = ORIENTED_EDGE ( 'NONE', *, *, #7866, .F. ) ;
#2273 = LINE ( 'NONE', #6149, #6 ) ;
#2274 = LINE ( 'NONE', #7890, #3992 ) ;
#2275 = FACE_OUTER_BOUND ( 'NONE', #1127, .T. ) ;
#2276 = EDGE_CURVE ( 'NONE', #6001, #8091, #6661, .T. ) ;
#2277 = EDGE_LOOP ( 'NONE', ( #3111, #8085, #2346, #6098, #4762, #3943 ) ) ;
#2278 = VERTEX_POINT ( 'NONE', #4803 ) ;
#2279 = LINE ( 'NONE', #6776, #3112 ) ;
#2280 = ORIENTED_EDGE ( 'NONE', *, *, #732, .F. ) ;
#2281 = CARTESIAN_POINT ( 'NONE',  ( 2.952500000000000124, -1.899999999999999911, 0.07999999999999769795 ) ) ;
#2282 = DIRECTION ( 'NONE',  ( -2.289834988289389802E-16, 0.000000000000000000, -1.000000000000000000 ) ) ;
#2283 = CARTESIAN_POINT ( 'NONE',  ( -0.6749999999999980460, 0.9999999999999988898, 0.3099999999999979994 ) ) ;
#2284 = EDGE_CURVE ( 'NONE', #3123, #1358, #2881, .T. ) ;
#2285 = AXIS2_PLACEMENT_3D ( 'NONE', #1635, #253, #6770 ) ;
#2286 = DIRECTION ( 'NONE',  ( -2.289834988289389802E-16, 0.000000000000000000, -1.000000000000000000 ) ) ;
#2287 = CARTESIAN_POINT ( 'NONE',  ( -0.3249999999999980127, 1.350000000000000089, 0.1099999999999990014 ) ) ;
#2288 = LINE ( 'NONE', #358, #5179 ) ;
#2289 = LINE ( 'NONE', #7901, #744 ) ;
#2290 = ORIENTED_EDGE ( 'NONE', *, *, #3502, .F. ) ;
#2291 = CARTESIAN_POINT ( 'NONE',  ( -1.325000000000000178, 1.673724317761259961, 0.3099999999999986100 ) ) ;
#2292 = EDGE_CURVE ( 'NONE', #2931, #2642, #1279, .T. ) ;
#2293 = DIRECTION ( 'NONE',  ( -1.000000000000000000, 2.804146475863970139E-32, -2.987057121330055487E-48 ) ) ;
#2294 = ADVANCED_FACE ( 'NONE', ( #6699 ), #987, .T. ) ;
#2295 = EDGE_CURVE ( 'NONE', #7077, #608, #684, .T. ) ;
#2296 = VERTEX_POINT ( 'NONE', #6324 ) ;
#2297 = LINE ( 'NONE', #1749, #1011 ) ;
#2299 = ORIENTED_EDGE ( 'NONE', *, *, #4288, .T. ) ;
#2298 = ORIENTED_EDGE ( 'NONE', *, *, #2560, .F. ) ;
#2300 = ORIENTED_EDGE ( 'NONE', *, *, #22, .T. ) ;
#2301 = ORIENTED_EDGE ( 'NONE', *, *, #7250, .T. ) ;
#2302 = ADVANCED_FACE ( 'NONE', ( #565 ), #8164, .T. ) ;
#2303 = LINE ( 'NONE', #2394, #7657 ) ;
#2304 = EDGE_CURVE ( 'NONE', #3549, #7, #3844, .T. ) ;
#2305 = DIRECTION ( 'NONE',  ( 1.000000000000000000, 0.000000000000000000, -2.289834988289389802E-16 ) ) ;
#2306 = VECTOR ( 'NONE', #4835, 1000.000000000000000 ) ;
#2307 = ORIENTED_EDGE ( 'NONE', *, *, #6963, .T. ) ;
#2308 = ORIENTED_EDGE ( 'NONE', *, *, #2386, .F. ) ;
#2309 = DIRECTION ( 'NONE',  ( 0.000000000000000000, 0.9751328557914595851, 0.2216211035889688874 ) ) ;
#2310 = DIRECTION ( 'NONE',  ( 2.289834988289389802E-16, 2.289834988289389802E-16, 1.000000000000000000 ) ) ;
#2311 = ORIENTED_EDGE ( 'NONE', *, *, #2073, .F. ) ;
#2312 = LINE ( 'NONE', #5439, #1673 ) ;
#2313 = AXIS2_PLACEMENT_3D ( 'NONE', #7477, #1772, #155 ) ;
#2314 = CARTESIAN_POINT ( 'NONE',  ( 0.1750000000000009881, 1.299999999999990274, 0.04999999999999960032 ) ) ;
#2315 = ORIENTED_EDGE ( 'NONE', *, *, #6952, .F. ) ;
#2316 = ORIENTED_EDGE ( 'NONE', *, *, #116, .F. ) ;
#2317 = LINE ( 'NONE', #384, #798 ) ;
#2318 = CARTESIAN_POINT ( 'NONE',  ( -3.265000000000000124, -1.799999999999990274, 0.4200000000000000400 ) ) ;
#2319 = CARTESIAN_POINT ( 'NONE',  ( -3.265000000000000124, -1.000000000000000000, 0.3300000000000000155 ) ) ;
#2320 = ORIENTED_EDGE ( 'NONE', *, *, #6801, .F. ) ;
#2321 = VERTEX_POINT ( 'NONE', #4350 ) ;
#2322 = LINE ( 'NONE', #1599, #5630 ) ;
#2323 = ORIENTED_EDGE ( 'NONE', *, *, #6309, .T. ) ;
#2324 = CARTESIAN_POINT ( 'NONE',  ( -1.175000000000000044, 0.9999999999999988898, 0.07866077735406430682 ) ) ;
#2325 = CARTESIAN_POINT ( 'NONE',  ( -3.265000000000000124, -1.050000000000000044, 0.5100000000000000089 ) ) ;
#2326 = VECTOR ( 'NONE', #756, 1000.000000000000000 ) ;
#2327 = DIRECTION ( 'NONE',  ( -5.326143172335051625E-17, -1.000000000000000000, 5.326143172335119418E-17 ) ) ;
#2328 = EDGE_CURVE ( 'NONE', #30, #111, #6289, .T. ) ;
#2329 = DIRECTION ( 'NONE',  ( 2.289834988289389802E-16, -0.000000000000000000, 1.000000000000000000 ) ) ;
#2330 = CARTESIAN_POINT ( 'NONE',  ( 3.299999999999999822, 0.8999999999999981348, 0.3099999999999979439 ) ) ;
#2331 = AXIS2_PLACEMENT_3D ( 'NONE', #7041, #6420, #3144 ) ;
#2332 = DIRECTION ( 'NONE',  ( -0.7071067811865520136, 0.000000000000000000, -0.7071067811865431318 ) ) ;
#2333 = CARTESIAN_POINT ( 'NONE',  ( 0.6750000000000010436, 1.249999999999988010, 2.032879073410322786E-16 ) ) ;
#2334 = ORIENTED_EDGE ( 'NONE', *, *, #1962, .T. ) ;
#2335 = EDGE_CURVE ( 'NONE', #1895, #707, #3760, .T. ) ;
#2336 = CARTESIAN_POINT ( 'NONE',  ( 3.350000000000000089, 0.9499999999999990674, 0.6749999999999980460 ) ) ;
#2337 = PLANE ( 'NONE',  #4648 ) ;
#2338 = AXIS2_PLACEMENT_3D ( 'NONE', #2433, #1554, #4073 ) ;
#2339 = EDGE_CURVE ( 'NONE', #947, #7039, #2509, .T. ) ;
#2340 = ADVANCED_FACE ( 'NONE', ( #4507 ), #649, .T. ) ;
#2341 = ORIENTED_EDGE ( 'NONE', *, *, #5781, .F. ) ;
#2342 = LINE ( 'NONE', #5549, #3812 ) ;
#2343 = DIRECTION ( 'NONE',  ( 2.439197797730288502E-32, -1.000000000000000000, 1.065228634467009955E-16 ) ) ;
#2344 = VERTEX_POINT ( 'NONE', #7650 ) ;
#2345 = EDGE_CURVE ( 'NONE', #5225, #3738, #5119, .T. ) ;
#2346 = ORIENTED_EDGE ( 'NONE', *, *, #3502, .T. ) ;
#2347 = VERTEX_POINT ( 'NONE', #7611 ) ;
#2348 = FACE_OUTER_BOUND ( 'NONE', #2795, .T. ) ;
#2349 = FACE_OUTER_BOUND ( 'NONE', #8052, .T. ) ;
#2350 = AXIS2_PLACEMENT_3D ( 'NONE', #7028, #1787, #7572 ) ;
#2351 = EDGE_CURVE ( 'NONE', #5130, #1592, #3798, .T. ) ;
#2352 = VECTOR ( 'NONE', #8189, 1000.000000000000000 ) ;
#2353 = ORIENTED_EDGE ( 'NONE', *, *, #6799, .F. ) ;
#2354 = ORIENTED_EDGE ( 'NONE', *, *, #2794, .F. ) ;
#2355 = LINE ( 'NONE', #1880, #4367 ) ;
#2356 = VECTOR ( 'NONE', #3520, 1000.000000000000000 ) ;
#2357 = ORIENTED_EDGE ( 'NONE', *, *, #3570, .F. ) ;
#2358 = DIRECTION ( 'NONE',  ( 2.289834988289389802E-16, -0.000000000000000000, 1.000000000000000000 ) ) ;
#2359 = DIRECTION ( 'NONE',  ( -0.7071067811865520136, 0.000000000000000000, 0.7071067811865431318 ) ) ;
#2360 = ORIENTED_EDGE ( 'NONE', *, *, #76, .F. ) ;
#2361 = AXIS2_PLACEMENT_3D ( 'NONE', #7421, #7024, #4316 ) ;
#2362 = EDGE_LOOP ( 'NONE', ( #6777, #5489, #4342, #5341 ) ) ;
#2363 = LINE ( 'NONE', #1848, #6138 ) ;
#2364 = LINE ( 'NONE', #6814, #1988 ) ;
#2365 = VECTOR ( 'NONE', #1236, 1000.000000000000000 ) ;
#2366 = LINE ( 'NONE', #2860, #1023 ) ;
#2367 = ORIENTED_EDGE ( 'NONE', *, *, #2295, .T. ) ;
#2368 = ORIENTED_EDGE ( 'NONE', *, *, #4630, .F. ) ;
#2369 = DIRECTION ( 'NONE',  ( 2.229998385641999896E-16, -0.2271122129663560585, 0.9738685962292472631 ) ) ;
#2370 = AXIS2_PLACEMENT_3D ( 'NONE', #2978, #8049, #4935 ) ;
#2371 = VERTEX_POINT ( 'NONE', #7029 ) ;
#2372 = AXIS2_PLACEMENT_3D ( 'NONE', #7466, #5018, #1177 ) ;
#2373 = DIRECTION ( 'NONE',  ( 0.5773502691896128525, -0.5773502691896503780, -0.5773502691896140737 ) ) ;
#2374 = CARTESIAN_POINT ( 'NONE',  ( -0.1749999999999980183, 0.9999999999999988898, 0.07866077735406402927 ) ) ;
#2375 = CARTESIAN_POINT ( 'NONE',  ( -7.650000000000000355, 1.649999999999999911, 0.4700000000000000289 ) ) ;
#2377 = DIRECTION ( 'NONE',  ( -5.055143115421054237E-31, 5.055143115421032341E-31, -1.000000000000000000 ) ) ;
#2376 = CIRCLE ( 'NONE', #7809, 0.02999999999999990175 ) ;
#2378 = DIRECTION ( 'NONE',  ( 1.000000000000000000, 0.000000000000000000, -2.289834988289389802E-16 ) ) ;
#2379 = LINE ( 'NONE', #3453, #6985 ) ;
#2380 = CARTESIAN_POINT ( 'NONE',  ( 2.399999999999999911, 0.9199999999999990408, 0.07999999999999810041 ) ) ;
#2381 = ORIENTED_EDGE ( 'NONE', *, *, #831, .F. ) ;
#2382 = AXIS2_PLACEMENT_3D ( 'NONE', #8031, #977, #2870 ) ;
#2383 = LINE ( 'NONE', #2253, #7344 ) ;
#2384 = CARTESIAN_POINT ( 'NONE',  ( 2.174999999999999822, 1.350000000000000089, 0.1705002310154639933 ) ) ;
#2385 = EDGE_CURVE ( 'NONE', #6676, #3550, #6988, .T. ) ;
#2386 = EDGE_CURVE ( 'NONE', #3967, #6620, #7536, .T. ) ;
#2387 = ORIENTED_EDGE ( 'NONE', *, *, #2492, .F. ) ;
#2388 = CARTESIAN_POINT ( 'NONE',  ( -1.675000000000000044, 0.9199999999999868283, -0.8336977386159070136 ) ) ;
#2389 = DIRECTION ( 'NONE',  ( -1.000000000000000000, 0.000000000000000000, 2.289834988289389802E-16 ) ) ;
#2390 = ORIENTED_EDGE ( 'NONE', *, *, #4837, .T. ) ;
#2391 = ORIENTED_EDGE ( 'NONE', *, *, #1664, .F. ) ;
#2392 = ORIENTED_EDGE ( 'NONE', *, *, #7715, .T. ) ;
#2393 = EDGE_CURVE ( 'NONE', #686, #1413, #4387, .T. ) ;
#2394 = CARTESIAN_POINT ( 'NONE',  ( -4.325000000000000178, 0.4600000000000010192, 0.8400000000000108491 ) ) ;
#2395 = DIRECTION ( 'NONE',  ( 0.000000000000000000, 0.000000000000000000, -1.000000000000000000 ) ) ;
#2396 = EDGE_CURVE ( 'NONE', #6768, #1611, #3178, .T. ) ;
#2397 = EDGE_CURVE ( 'NONE', #4227, #1545, #2546, .T. ) ;
#2398 = CARTESIAN_POINT ( 'NONE',  ( -3.115000000000000213, -1.600000000000000089, 0.1199999999999999956 ) ) ;
#2399 = ORIENTED_EDGE ( 'NONE', *, *, #2018, .T. ) ;
#2400 = EDGE_LOOP ( 'NONE', ( #5377, #6841, #6471, #7291 ) ) ;
#2401 = CARTESIAN_POINT ( 'NONE',  ( 1.675000000000000044, 0.9199999999999860512, -1.367725377399149147E-15 ) ) ;
#2402 = VERTEX_POINT ( 'NONE', #1200 ) ;
#2403 = FACE_OUTER_BOUND ( 'NONE', #865, .T. ) ;
#2404 = EDGE_CURVE ( 'NONE', #3980, #2278, #5665, .T. ) ;
#2405 = LINE ( 'NONE', #3703, #4588 ) ;
#2406 = EDGE_CURVE ( 'NONE', #3550, #6427, #1788, .T. ) ;
#2407 = ORIENTED_EDGE ( 'NONE', *, *, #2021, .F. ) ;
#2408 = VECTOR ( 'NONE', #6691, 1000.000000000000000 ) ;
#2409 = ADVANCED_FACE ( 'NONE', ( #3729 ), #6254, .T. ) ;
#2410 = ORIENTED_EDGE ( 'NONE', *, *, #4615, .F. ) ;
#2411 = PLANE ( 'NONE',  #4019 ) ;
#2412 = ORIENTED_EDGE ( 'NONE', *, *, #5741, .F. ) ;
#2413 = DIRECTION ( 'NONE',  ( 0.000000000000000000, 0.000000000000000000, -1.000000000000000000 ) ) ;
#2414 = ORIENTED_EDGE ( 'NONE', *, *, #3394, .T. ) ;
#2415 = CARTESIAN_POINT ( 'NONE',  ( -2.325000000000000178, 0.9999999999999988898, 0.07866077735406450111 ) ) ;
#2416 = DIRECTION ( 'NONE',  ( 1.000000000000000000, -5.243344273594249610E-32, -2.289834988289389802E-16 ) ) ;
#2417 = LINE ( 'NONE', #5655, #997 ) ;
#2418 = DIRECTION ( 'NONE',  ( 0.7071067811865510144, -0.7071067811865441310, -1.454462294001240516E-30 ) ) ;
#2419 = LINE ( 'NONE', #4961, #106 ) ;
#2420 = DIRECTION ( 'NONE',  ( -1.000000000000000000, -1.144917494144693668E-16, 1.144917494144857357E-16 ) ) ;
#2421 = ORIENTED_EDGE ( 'NONE', *, *, #7411, .T. ) ;
#2422 = DIRECTION ( 'NONE',  ( -2.289834988289389802E-16, 0.000000000000000000, -1.000000000000000000 ) ) ;
#2423 = DIRECTION ( 'NONE',  ( 1.000000000000000000, -0.000000000000000000, -2.289834988289389802E-16 ) ) ;
#2424 = AXIS2_PLACEMENT_3D ( 'NONE', #5921, #3432, #4063 ) ;
#2425 = VERTEX_POINT ( 'NONE', #894 ) ;
#2426 = CARTESIAN_POINT ( 'NONE',  ( 0.8250000000000019540, 0.9999999999999988898, 0.1705002310154649925 ) ) ;
#2427 = DIRECTION ( 'NONE',  ( 0.000000000000000000, 1.000000000000000000, -2.289834988289389802E-16 ) ) ;
#2428 = ORIENTED_EDGE ( 'NONE', *, *, #7814, .F. ) ;
#2429 = EDGE_LOOP ( 'NONE', ( #2856, #5017, #4963, #4045, #6915, #1036 ) ) ;
#2430 = EDGE_LOOP ( 'NONE', ( #2815, #2421, #4035, #5214 ) ) ;
#2431 = LINE ( 'NONE', #3604, #3558 ) ;
#2432 = ADVANCED_FACE ( 'NONE', ( #4579 ), #7192, .T. ) ;
#2433 = CARTESIAN_POINT ( 'NONE',  ( -3.102500000000000036, 0.07493623042063669859, 0.4028473352920790007 ) ) ;
#2434 = ORIENTED_EDGE ( 'NONE', *, *, #5793, .T. ) ;
#2435 = ORIENTED_EDGE ( 'NONE', *, *, #4947, .T. ) ;
#2436 = DIRECTION ( 'NONE',  ( 1.000000000000000000, -5.243344273594249610E-32, -2.289834988289389802E-16 ) ) ;
#2437 = ORIENTED_EDGE ( 'NONE', *, *, #1836, .F. ) ;
#2438 = EDGE_CURVE ( 'NONE', #7428, #158, #178, .T. ) ;
#2439 = DIRECTION ( 'NONE',  ( 1.000000000000000000, -5.243344273594249610E-32, -2.289834988289389802E-16 ) ) ;
#2440 = CARTESIAN_POINT ( 'NONE',  ( 3.115000000000000213, -1.464196000000000053, 0.5199999999999980194 ) ) ;
#2441 =( GEOMETRIC_REPRESENTATION_CONTEXT ( 3 ) GLOBAL_UNCERTAINTY_ASSIGNED_CONTEXT ( ( #3656 ) ) GLOBAL_UNIT_ASSIGNED_CONTEXT ( ( #7023, #5895, #94 ) ) REPRESENTATION_CONTEXT ( 'NONE', 'WORKASPACE' ) );
#2442 = EDGE_CURVE ( 'NONE', #8058, #1362, #7692, .T. ) ;
#2443 = EDGE_CURVE ( 'NONE', #4426, #3385, #3454, .T. ) ;
#2444 = ORIENTED_EDGE ( 'NONE', *, *, #2562, .T. ) ;
#2445 = VECTOR ( 'NONE', #4864, 1000.000000000000000 ) ;
#2446 = LINE ( 'NONE', #5027, #7599 ) ;
#2447 = DIRECTION ( 'NONE',  ( 0.000000000000000000, 1.000000000000000000, -2.289834988289389802E-16 ) ) ;
#2448 = ADVANCED_FACE ( 'NONE', ( #5205 ), #1395, .T. ) ;
#2449 = LINE ( 'NONE', #588, #562 ) ;
#2450 = CARTESIAN_POINT ( 'NONE',  ( 1.399999999999999467, 0.9199999999999989297, 0.07999999999999848899 ) ) ;
#2451 = DIRECTION ( 'NONE',  ( 1.000000000000000000, -5.243344273594249610E-32, -2.289834988289389802E-16 ) ) ;
#2452 = EDGE_CURVE ( 'NONE', #8201, #1733, #1356, .T. ) ;
#2453 = ADVANCED_FACE ( 'NONE', ( #7861 ), #3410, .T. ) ;
#2454 = PLANE ( 'NONE',  #4222 ) ;
#2455 = DIRECTION ( 'NONE',  ( 0.000000000000000000, 1.065228634467009955E-16, 1.000000000000000000 ) ) ;
#2456 = DIRECTION ( 'NONE',  ( 0.000000000000000000, 1.065228634467009955E-16, 1.000000000000000000 ) ) ;
#2457 = DIRECTION ( 'NONE',  ( 2.804146475863970139E-32, 1.000000000000000000, -1.065228634467009955E-16 ) ) ;
#2458 = VERTEX_POINT ( 'NONE', #3964 ) ;
#2459 = CARTESIAN_POINT ( 'NONE',  ( -3.115000000000000213, -1.824999999999989964, 0.3752010000000010059 ) ) ;
#2460 = FACE_OUTER_BOUND ( 'NONE', #4594, .T. ) ;
#2461 = VECTOR ( 'NONE', #5224, 1000.000000000000000 ) ;
#2462 = ORIENTED_EDGE ( 'NONE', *, *, #3573, .F. ) ;
#2463 = DIRECTION ( 'NONE',  ( -1.000000000000000000, 2.804146475863970139E-32, -2.987057121330055487E-48 ) ) ;
#2464 = DIRECTION ( 'NONE',  ( 1.000000000000000000, -0.000000000000000000, -2.289834988289389802E-16 ) ) ;
#2465 = ORIENTED_EDGE ( 'NONE', *, *, #336, .T. ) ;
#2466 = ORIENTED_EDGE ( 'NONE', *, *, #3725, .T. ) ;
#2467 = ORIENTED_EDGE ( 'NONE', *, *, #2170, .T. ) ;
#2468 = VECTOR ( 'NONE', #475, 1000.000000000000000 ) ;
#2469 = SURFACE_STYLE_FILL_AREA ( #4394 ) ;
#2470 = CARTESIAN_POINT ( 'NONE',  ( 1.350000000000000089, 0.9999999999999988898, 0.3099999999999980549 ) ) ;
#2471 = LINE ( 'NONE', #8254, #5531 ) ;
#2472 = ORIENTED_EDGE ( 'NONE', *, *, #13, .T. ) ;
#2473 = ORIENTED_EDGE ( 'NONE', *, *, #7715, .F. ) ;
#2474 = FACE_OUTER_BOUND ( 'NONE', #540, .T. ) ;
#2475 = ORIENTED_EDGE ( 'NONE', *, *, #776, .T. ) ;
#2476 = DIRECTION ( 'NONE',  ( -1.000000000000000000, 2.804146475863970139E-32, -2.987057121330055487E-48 ) ) ;
#2477 = VECTOR ( 'NONE', #136, 1000.000000000000000 ) ;
#2478 = DIRECTION ( 'NONE',  ( 1.000000000000000000, -5.243344273594249610E-32, -2.289834988289389802E-16 ) ) ;
#2479 = AXIS2_PLACEMENT_3D ( 'NONE', #5459, #435, #7316 ) ;
#2480 = EDGE_CURVE ( 'NONE', #5873, #3519, #1524, .T. ) ;
#2481 = VECTOR ( 'NONE', #2226, 1000.000000000000000 ) ;
#2482 = ORIENTED_EDGE ( 'NONE', *, *, #6617, .F. ) ;
#2483 = LINE ( 'NONE', #1137, #4672 ) ;
#2484 = FACE_OUTER_BOUND ( 'NONE', #5963, .T. ) ;
#2485 = CARTESIAN_POINT ( 'NONE',  ( -2.952500000000000124, -0.8000000000000019318, 0.07999999999999955758 ) ) ;
#2486 = DIRECTION ( 'NONE',  ( 0.000000000000000000, 0.9751328557914595851, 0.2216211035889688874 ) ) ;
#2487 = ADVANCED_FACE ( 'NONE', ( #4544 ), #2065, .F. ) ;
#2488 = FACE_OUTER_BOUND ( 'NONE', #1178, .T. ) ;
#2489 = ORIENTED_EDGE ( 'NONE', *, *, #4985, .T. ) ;
#2490 = VECTOR ( 'NONE', #3246, 999.9999999999998863 ) ;
#2491 = EDGE_CURVE ( 'NONE', #687, #6090, #4089, .T. ) ;
#2492 = EDGE_CURVE ( 'NONE', #4886, #4528, #4044, .T. ) ;
#2493 = VECTOR ( 'NONE', #7494, 1000.000000000000000 ) ;
#2494 = CARTESIAN_POINT ( 'NONE',  ( 0.6750000000000010436, 1.299999999999990274, 0.04999999999999950318 ) ) ;
#2495 = AXIS2_PLACEMENT_3D ( 'NONE', #7460, #2889, #6881 ) ;
#2496 = CARTESIAN_POINT ( 'NONE',  ( 3.265000000000000124, -1.000000000000000000, 0.8199999999999980638 ) ) ;
#2497 = CIRCLE ( 'NONE', #5422, 0.02999999999999989828 ) ;
#2498 = LINE ( 'NONE', #480, #7698 ) ;
#2499 = DIRECTION ( 'NONE',  ( 0.000000000000000000, -0.9971993098884563977, 0.07478994824163433253 ) ) ;
#2500 = ORIENTED_EDGE ( 'NONE', *, *, #1985, .F. ) ;
#2501 = CARTESIAN_POINT ( 'NONE',  ( -1.175000000000000044, 1.299999999999994715, 0.1099999999999989597 ) ) ;
#2502 = DIRECTION ( 'NONE',  ( -0.5144957554275135791, 0.5144957554275302325, -0.6859943405700422714 ) ) ;
#2503 = VECTOR ( 'NONE', #3086, 1000.000000000000000 ) ;
#2504 = EDGE_CURVE ( 'NONE', #6491, #7496, #7152, .T. ) ;
#2505 = VECTOR ( 'NONE', #6159, 1000.000000000000000 ) ;
#2506 = VECTOR ( 'NONE', #4739, 1000.000000000000000 ) ;
#2507 = ORIENTED_EDGE ( 'NONE', *, *, #5133, .F. ) ;
#2508 = FACE_OUTER_BOUND ( 'NONE', #3649, .T. ) ;
#2509 = LINE ( 'NONE', #19, #7004 ) ;
#2510 = ORIENTED_EDGE ( 'NONE', *, *, #551, .T. ) ;
#2511 = ORIENTED_EDGE ( 'NONE', *, *, #3298, .T. ) ;
#2512 = ORIENTED_EDGE ( 'NONE', *, *, #1462, .F. ) ;
#2513 = VECTOR ( 'NONE', #5860, 1000.000000000000000 ) ;
#2514 = CARTESIAN_POINT ( 'NONE',  ( -0.3249999999999980127, 1.349999999999999867, 0.3099999999999986655 ) ) ;
#2515 = CARTESIAN_POINT ( 'NONE',  ( -0.8249999999999979572, 0.9199999999999870504, 0.1705002310154649925 ) ) ;
#2516 = PLANE ( 'NONE',  #844 ) ;
#2517 = ORIENTED_EDGE ( 'NONE', *, *, #3766, .T. ) ;
#2518 = ORIENTED_EDGE ( 'NONE', *, *, #7680, .T. ) ;
#2519 = DIRECTION ( 'NONE',  ( 5.243344273594249610E-32, 1.000000000000000000, -1.200639317332292868E-47 ) ) ;
#2520 = ORIENTED_EDGE ( 'NONE', *, *, #2132, .F. ) ;
#2521 = DIRECTION ( 'NONE',  ( -0.000000000000000000, 0.5999999999999999778, -0.8000000000000000444 ) ) ;
#2522 = LINE ( 'NONE', #743, #6189 ) ;
#2523 = VECTOR ( 'NONE', #7237, 1000.000000000000000 ) ;
#2524 = ORIENTED_EDGE ( 'NONE', *, *, #2547, .T. ) ;
#2525 = DIRECTION ( 'NONE',  ( 5.243344273594249610E-32, 1.000000000000000000, -1.200639317332289951E-47 ) ) ;
#2526 = DIRECTION ( 'NONE',  ( 0.000000000000000000, 1.000000000000000000, -2.289834988289389802E-16 ) ) ;
#2527 = LINE ( 'NONE', #4331, #5632 ) ;
#2528 = AXIS2_PLACEMENT_3D ( 'NONE', #296, #968, #3528 ) ;
#2529 = DIRECTION ( 'NONE',  ( -2.289834988289389802E-16, 0.000000000000000000, -1.000000000000000000 ) ) ;
#2530 = LINE ( 'NONE', #5070, #7503 ) ;
#2531 = VERTEX_POINT ( 'NONE', #4621 ) ;
#2532 = VECTOR ( 'NONE', #704, 1000.000000000000000 ) ;
#2533 = EDGE_CURVE ( 'NONE', #6889, #2836, #2629, .T. ) ;
#2534 = CARTESIAN_POINT ( 'NONE',  ( 1.175000000000000044, 0.9199999999999866063, 0.03619548911246060763 ) ) ;
#2535 = LINE ( 'NONE', #3718, #2997 ) ;
#2536 = CARTESIAN_POINT ( 'NONE',  ( 5.750000000000000000, 0.4600000000000010192, 0.8900000000000000133 ) ) ;
#2537 = CARTESIAN_POINT ( 'NONE',  ( 2.765000000000000124, -0.6000000000000009770, 0.4874554975804329948 ) ) ;
#2538 = ORIENTED_EDGE ( 'NONE', *, *, #954, .T. ) ;
#2539 = CARTESIAN_POINT ( 'NONE',  ( 1.824999999999999956, 0.9999999999999988898, 0.07999999999999822531 ) ) ;
#2540 = FACE_OUTER_BOUND ( 'NONE', #4553, .T. ) ;
#2541 = LINE ( 'NONE', #762, #7815 ) ;
#2542 = EDGE_CURVE ( 'NONE', #6653, #2613, #6567, .T. ) ;
#2543 = EDGE_CURVE ( 'NONE', #608, #6967, #5947, .T. ) ;
#2544 = ORIENTED_EDGE ( 'NONE', *, *, #5334, .F. ) ;
#2545 = DIRECTION ( 'NONE',  ( -1.000000000000000000, 0.000000000000000000, 2.289834988289389802E-16 ) ) ;
#2546 = LINE ( 'NONE', #1901, #4096 ) ;
#2547 = EDGE_CURVE ( 'NONE', #991, #5757, #4004, .T. ) ;
#2548 = ORIENTED_EDGE ( 'NONE', *, *, #746, .F. ) ;
#2549 = ORIENTED_EDGE ( 'NONE', *, *, #2438, .T. ) ;
#2550 = VECTOR ( 'NONE', #5688, 1000.000000000000000 ) ;
#2551 = ORIENTED_EDGE ( 'NONE', *, *, #2021, .T. ) ;
#2552 = EDGE_CURVE ( 'NONE', #6693, #6949, #5242, .T. ) ;
#2553 = CARTESIAN_POINT ( 'NONE',  ( -0.1749999999999979905, 1.350000000000000089, 0.1099999999999989597 ) ) ;
#2554 = PLANE ( 'NONE',  #1691 ) ;
#2555 = DIRECTION ( 'NONE',  ( -1.000000000000000000, 5.243344273594249610E-32, 2.289834988289389802E-16 ) ) ;
#2556 = EDGE_CURVE ( 'NONE', #7534, #1165, #4306, .T. ) ;
#2557 = ORIENTED_EDGE ( 'NONE', *, *, #5192, .F. ) ;
#2558 = VECTOR ( 'NONE', #4695, 1000.000000000000000 ) ;
#2559 = ORIENTED_EDGE ( 'NONE', *, *, #5595, .F. ) ;
#2560 = EDGE_CURVE ( 'NONE', #198, #2036, #7319, .T. ) ;
#2562 = EDGE_CURVE ( 'NONE', #6255, #104, #4921, .T. ) ;
#2561 = ORIENTED_EDGE ( 'NONE', *, *, #4837, .F. ) ;
#2563 = CARTESIAN_POINT ( 'NONE',  ( -2.952500000000001013, -1.900000000000000133, 0.02999999999999983236 ) ) ;
#2564 = DIRECTION ( 'NONE',  ( 1.028460151068424284E-30, -1.028460151068413950E-30, 1.000000000000000000 ) ) ;
#2565 = PRODUCT_DEFINITION_CONTEXT ( 'detailed design', #7191, 'design' ) ;
#2566 = EDGE_LOOP ( 'NONE', ( #3486, #737, #909, #2000 ) ) ;
#2567 = CARTESIAN_POINT ( 'NONE',  ( -47.10249999999999915, 0.6999999999999999556, 0.03000000000000963007 ) ) ;
#2568 = CARTESIAN_POINT ( 'NONE',  ( 0.8250000000000019540, 1.299999999999990274, 0.04999999999999948930 ) ) ;
#2569 = DIRECTION ( 'NONE',  ( -1.000000000000000000, 0.000000000000000000, 2.289834988289389802E-16 ) ) ;
#2570 = DIRECTION ( 'NONE',  ( -5.326143172335051625E-17, -1.000000000000000000, 5.326143172335119418E-17 ) ) ;
#2571 = DIRECTION ( 'NONE',  ( 0.000000000000000000, -1.065228634467009955E-16, -1.000000000000000000 ) ) ;
#2572 = ORIENTED_EDGE ( 'NONE', *, *, #5804, .T. ) ;
#2573 = VECTOR ( 'NONE', #2241, 1000.000000000000000 ) ;
#2574 = LINE ( 'NONE', #5228, #6592 ) ;
#2575 = DIRECTION ( 'NONE',  ( -1.000000000000000000, 2.804146475863970139E-32, -2.987057121330055487E-48 ) ) ;
#2576 = DIRECTION ( 'NONE',  ( -2.439197797730288502E-32, 1.000000000000000000, -1.065228634467009955E-16 ) ) ;
#2577 = DIRECTION ( 'NONE',  ( 2.804146475863970139E-32, 1.000000000000000000, -1.065228634467009955E-16 ) ) ;
#2578 = ORIENTED_EDGE ( 'NONE', *, *, #5384, .F. ) ;
#2579 = FACE_OUTER_BOUND ( 'NONE', #7886, .T. ) ;
#2580 = CARTESIAN_POINT ( 'NONE',  ( -3.115000000000000213, -1.749999999999990008, 0.4700000000000009170 ) ) ;
#2581 = DIRECTION ( 'NONE',  ( 2.289834988289389802E-16, -0.000000000000000000, 1.000000000000000000 ) ) ;
#2582 = EDGE_CURVE ( 'NONE', #4062, #2613, #1070, .T. ) ;
#2583 = ADVANCED_FACE ( 'NONE', ( #3540 ), #3494, .T. ) ;
#2584 = ORIENTED_EDGE ( 'NONE', *, *, #282, .T. ) ;
#2585 = CARTESIAN_POINT ( 'NONE',  ( -1.337499999999999911, 0.9999999999999988898, 0.07999999999999919675 ) ) ;
#2586 = DIRECTION ( 'NONE',  ( 0.7071067811865470176, -0.000000000000000000, -0.7071067811865480168 ) ) ;
#2587 = EDGE_LOOP ( 'NONE', ( #7911, #563, #1268, #1141, #5089, #6050, #5006, #8207, #1919, #6642, #7571 ) ) ;
#2588 = VERTEX_POINT ( 'NONE', #4131 ) ;
#2589 = ORIENTED_EDGE ( 'NONE', *, *, #6554, .F. ) ;
#2590 = LINE ( 'NONE', #7110, #6413 ) ;
#2591 = VECTOR ( 'NONE', #6555, 1000.000000000000000 ) ;
#2592 = VECTOR ( 'NONE', #2645, 1000.000000000000000 ) ;
#2593 = EDGE_CURVE ( 'NONE', #2402, #3379, #5369, .T. ) ;
#2594 = ADVANCED_FACE ( 'NONE', ( #2201 ), #6030, .T. ) ;
#2595 = LINE ( 'NONE', #2470, #1151 ) ;
#2596 = DIRECTION ( 'NONE',  ( 0.7071067811865436870, -0.7071067811865513475, 0.000000000000000000 ) ) ;
#2597 = EDGE_LOOP ( 'NONE', ( #1627, #2252, #2807, #1410 ) ) ;
#2598 = VERTEX_POINT ( 'NONE', #2333 ) ;
#2599 = AXIS2_PLACEMENT_3D ( 'NONE', #3190, #5178, #3935 ) ;
#2600 = VERTEX_POINT ( 'NONE', #7282 ) ;
#2601 = FACE_OUTER_BOUND ( 'NONE', #2362, .T. ) ;
#2602 = ADVANCED_FACE ( 'NONE', ( #2872 ), #7360, .F. ) ;
#2603 = CARTESIAN_POINT ( 'NONE',  ( 1.600000000000000755, 0.9999999999999988898, 0.07999999999999871103 ) ) ;
#2604 = EDGE_CURVE ( 'NONE', #4853, #4157, #935, .T. ) ;
#2605 = VECTOR ( 'NONE', #1488, 1000.000000000000114 ) ;
#2606 = VERTEX_POINT ( 'NONE', #7448 ) ;
#2607 = CARTESIAN_POINT ( 'NONE',  ( -3.500000000000000000, 0.9999999999999988898, 0.07999999999999950206 ) ) ;
#2608 = DIRECTION ( 'NONE',  ( 0.000000000000000000, 0.000000000000000000, -1.000000000000000000 ) ) ;
#2609 = VECTOR ( 'NONE', #2463, 1000.000000000000000 ) ;
#2610 = CARTESIAN_POINT ( 'NONE',  ( 1.824999999999999956, 0.9999999999999988898, 0.07866077735406341864 ) ) ;
#2611 = FACE_OUTER_BOUND ( 'NONE', #236, .T. ) ;
#2612 = LINE ( 'NONE', #3155, #4990 ) ;
#2613 = VERTEX_POINT ( 'NONE', #7404 ) ;
#2614 = VECTOR ( 'NONE', #7665, 1000.000000000000000 ) ;
#2615 = CARTESIAN_POINT ( 'NONE',  ( -3.115000000000000213, -1.600000000000000089, 0.05000000000000040523 ) ) ;
#2616 = DIRECTION ( 'NONE',  ( 2.804146475863970139E-32, 1.000000000000000000, -1.065228634467009955E-16 ) ) ;
#2617 = CARTESIAN_POINT ( 'NONE',  ( -2.885000000000000231, -1.900000000000000355, 0.09999999999999915901 ) ) ;
#2618 = CARTESIAN_POINT ( 'NONE',  ( 0.3250000000000021760, 0.9999999999999988898, 0.07999999999999876654 ) ) ;
#2619 = VERTEX_POINT ( 'NONE', #1569 ) ;
#2620 = PLANE ( 'NONE',  #3900 ) ;
#2621 = VECTOR ( 'NONE', #3875, 1000.000000000000000 ) ;
#2622 = DIRECTION ( 'NONE',  ( -1.000000000000000000, 0.000000000000000000, 2.289834988289389802E-16 ) ) ;
#2623 = CARTESIAN_POINT ( 'NONE',  ( 1.350000000000000089, 0.9999999999999988898, 0.3099999999999980549 ) ) ;
#2624 = VECTOR ( 'NONE', #5716, 999.9999999999998863 ) ;
#2625 = VECTOR ( 'NONE', #6931, 1000.000000000000000 ) ;
#2626 = DIRECTION ( 'NONE',  ( 0.2163711612039738996, 0.9520331092974103626, 0.2163711612039576904 ) ) ;
#2627 = DIRECTION ( 'NONE',  ( 6.753181414994839650E-18, -1.000000000000000000, 1.065228634467009955E-16 ) ) ;
#2628 =( LENGTH_UNIT ( ) NAMED_UNIT ( * ) SI_UNIT ( .MILLI., .METRE. ) );
#2629 = LINE ( 'NONE', #1438, #1406 ) ;
#2630 = ORIENTED_EDGE ( 'NONE', *, *, #1732, .F. ) ;
#2631 = ORIENTED_EDGE ( 'NONE', *, *, #7930, .T. ) ;
#2632 = VECTOR ( 'NONE', #3882, 1000.000000000000000 ) ;
#2633 = ORIENTED_EDGE ( 'NONE', *, *, #1390, .F. ) ;
#2634 = CARTESIAN_POINT ( 'NONE',  ( -0.3249999999999980127, 1.249999999999986233, 2.907017074976758764E-15 ) ) ;
#2635 = AXIS2_PLACEMENT_3D ( 'NONE', #6797, #4890, #6092 ) ;
#2636 = CARTESIAN_POINT ( 'NONE',  ( 0.8250000000000019540, 1.350000000000000089, 0.1599999999999988376 ) ) ;
#2637 = LINE ( 'NONE', #5015, #1918 ) ;
#2638 = EDGE_CURVE ( 'NONE', #1080, #107, #7951, .T. ) ;
#2639 = EDGE_LOOP ( 'NONE', ( #901, #8046, #7670, #3187, #7328, #3341, #3761, #7125, #5906, #7703, #6176 ) ) ;
#2640 = VECTOR ( 'NONE', #5373, 1000.000000000000114 ) ;
#2641 = ORIENTED_EDGE ( 'NONE', *, *, #2660, .T. ) ;
#2642 = VERTEX_POINT ( 'NONE', #6692 ) ;
#2643 = DIRECTION ( 'NONE',  ( 0.000000000000000000, 0.9751328557914595851, 0.2216211035889688874 ) ) ;
#2644 = EDGE_CURVE ( 'NONE', #998, #2717, #7543, .T. ) ;
#2645 = DIRECTION ( 'NONE',  ( 2.289834988289389802E-16, -0.000000000000000000, 1.000000000000000000 ) ) ;
#2646 = EDGE_CURVE ( 'NONE', #7496, #7248, #266, .T. ) ;
#2647 = ORIENTED_EDGE ( 'NONE', *, *, #3614, .T. ) ;
#2648 = CARTESIAN_POINT ( 'NONE',  ( 0.1750000000000009881, 1.299999999999990274, 0.1099999999999980022 ) ) ;
#2649 = CARTESIAN_POINT ( 'NONE',  ( -0.6749999999999980460, 0.9199999999999866063, 0.03619548911246103784 ) ) ;
#2650 = EDGE_CURVE ( 'NONE', #6889, #7834, #4796, .T. ) ;
#2651 = EDGE_CURVE ( 'NONE', #7383, #3429, #2289, .T. ) ;
#2652 = DIRECTION ( 'NONE',  ( 2.804146475863970139E-32, 1.000000000000000000, -1.065228634467009955E-16 ) ) ;
#2653 = PLANE ( 'NONE',  #2192 ) ;
#2654 = ORIENTED_EDGE ( 'NONE', *, *, #1971, .T. ) ;
#2655 = EDGE_CURVE ( 'NONE', #8137, #5246, #6785, .T. ) ;
#2656 = DIRECTION ( 'NONE',  ( 2.289834988289389802E-16, -0.000000000000000000, 1.000000000000000000 ) ) ;
#2657 = CARTESIAN_POINT ( 'NONE',  ( -2.325000000000000178, 0.9199999999999868283, -0.8336977386159070136 ) ) ;
#2658 = LINE ( 'NONE', #5892, #7837 ) ;
#2659 = DIRECTION ( 'NONE',  ( 0.7071067811865431318, -7.532303909457139086E-17, -0.7071067811865520136 ) ) ;
#2660 = EDGE_CURVE ( 'NONE', #2986, #5168, #438, .T. ) ;
#2661 = VERTEX_POINT ( 'NONE', #4217 ) ;
#2662 = CARTESIAN_POINT ( 'NONE',  ( 2.765000000000000124, -1.629999999999999671, 0.2999999999999981570 ) ) ;
#2663 = CARTESIAN_POINT ( 'NONE',  ( -1.550000000000000488, 0.6999999999999982903, 0.02999999999999904826 ) ) ;
#2664 = AXIS2_PLACEMENT_3D ( 'NONE', #1588, #4242, #1544 ) ;
#2665 = LINE ( 'NONE', #5780, #5954 ) ;
#2666 = FACE_OUTER_BOUND ( 'NONE', #2885, .T. ) ;
#2667 = CARTESIAN_POINT ( 'NONE',  ( 0.5499999999999980460, 0.6999999999999992895, 0.02999999999999878458 ) ) ;
#2668 = DIRECTION ( 'NONE',  ( -1.000000000000000000, -5.064598682745559595E-17, 2.171725397418661469E-16 ) ) ;
#2669 = ORIENTED_EDGE ( 'NONE', *, *, #3150, .T. ) ;
#2670 = VECTOR ( 'NONE', #7639, 1000.000000000000000 ) ;
#2671 = DIRECTION ( 'NONE',  ( -1.000000000000000000, -0.000000000000000000, -0.000000000000000000 ) ) ;
#2672 = ORIENTED_EDGE ( 'NONE', *, *, #444, .F. ) ;
#2673 = ORIENTED_EDGE ( 'NONE', *, *, #5802, .F. ) ;
#2674 = DIRECTION ( 'NONE',  ( -1.000000000000000000, 5.243344273594249610E-32, 2.289834988289389802E-16 ) ) ;
#2675 = EDGE_LOOP ( 'NONE', ( #6298, #2946, #4710, #3866, #8172, #5331, #5868, #7780, #4976, #4473, #7833 ) ) ;
#2676 = LINE ( 'NONE', #3928, #1147 ) ;
#2677 = ORIENTED_EDGE ( 'NONE', *, *, #4186, .T. ) ;
#2678 = ORIENTED_EDGE ( 'NONE', *, *, #336, .F. ) ;
#2679 = ORIENTED_EDGE ( 'NONE', *, *, #85, .F. ) ;
#2680 = LINE ( 'NONE', #6502, #6866 ) ;
#2681 = PLANE ( 'NONE',  #6081 ) ;
#2682 = CIRCLE ( 'NONE', #3618, 0.02999999999999989828 ) ;
#2683 = VERTEX_POINT ( 'NONE', #3636 ) ;
#2684 = ADVANCED_FACE ( 'NONE', ( #5539 ), #1820, .T. ) ;
#2685 = CARTESIAN_POINT ( 'NONE',  ( -3.220000000000000639, 0.5337243177612559508, 0.9400000000000001688 ) ) ;
#2686 = DIRECTION ( 'NONE',  ( -1.000000000000000000, 0.000000000000000000, -0.000000000000000000 ) ) ;
#2687 = DIRECTION ( 'NONE',  ( -1.000000000000000000, 5.243344273594249610E-32, 2.289834988289389802E-16 ) ) ;
#2688 = DIRECTION ( 'NONE',  ( 1.000000000000000000, 4.948562843061550213E-17, -2.177367650947074402E-16 ) ) ;
#2689 = ORIENTED_EDGE ( 'NONE', *, *, #7917, .T. ) ;
#2690 = EDGE_CURVE ( 'NONE', #6453, #4548, #4452, .T. ) ;
#2691 = CARTESIAN_POINT ( 'NONE',  ( -1.899999999999999689, 0.9199999999999990408, 0.07999999999999937716 ) ) ;
#2692 = ADVANCED_FACE ( 'NONE', ( #3720 ), #7525, .T. ) ;
#2693 = CARTESIAN_POINT ( 'NONE',  ( -3.115000000000000213, -1.799999999999990274, 0.3700000000000009948 ) ) ;
#2694 = CARTESIAN_POINT ( 'NONE',  ( -2.765000000000000124, -1.630000000000001004, 0.2999999999999983791 ) ) ;
#2695 = CARTESIAN_POINT ( 'NONE',  ( -0.6749999999999980460, 0.9999999999999988898, 0.3099999999999987210 ) ) ;
#2696 = EDGE_LOOP ( 'NONE', ( #4141, #6111, #1084, #367, #1879 ) ) ;
#2697 = DIRECTION ( 'NONE',  ( 2.804146475863970139E-32, 1.000000000000000000, -1.065228634467009955E-16 ) ) ;
#2698 = CARTESIAN_POINT ( 'NONE',  ( -0.8249999999999979572, 1.299999999999999378, 0.1099999999999990152 ) ) ;
#2699 = DIRECTION ( 'NONE',  ( -0.7071067811865431318, -7.532303909457119365E-17, -0.7071067811865520136 ) ) ;
#2700 = DIRECTION ( 'NONE',  ( 0.000000000000000000, 0.000000000000000000, -1.000000000000000000 ) ) ;
#2701 = EDGE_CURVE ( 'NONE', #3237, #59, #1859, .T. ) ;
#2702 = VECTOR ( 'NONE', #6905, 1000.000000000000000 ) ;
#2703 = EDGE_CURVE ( 'NONE', #5267, #3080, #8235, .T. ) ;
#2704 = DIRECTION ( 'NONE',  ( -0.000000000000000000, -1.065228634467009955E-16, -1.000000000000000000 ) ) ;
#2705 = DIRECTION ( 'NONE',  ( 1.000000000000000000, -5.243344273594249610E-32, -2.289834988289389802E-16 ) ) ;
#2706 = CARTESIAN_POINT ( 'NONE',  ( -0.6749999999999980460, 0.9999999999999988898, 0.07866077735406418192 ) ) ;
#2707 = CARTESIAN_POINT ( 'NONE',  ( 0.3250000000000020095, 1.350000000000000089, 0.1705002310154649925 ) ) ;
#2708 = ORIENTED_EDGE ( 'NONE', *, *, #7707, .F. ) ;
#2709 = PLANE ( 'NONE',  #2220 ) ;
#2710 = VERTEX_POINT ( 'NONE', #4415 ) ;
#2711 = VECTOR ( 'NONE', #6930, 1000.000000000000000 ) ;
#2712 = ORIENTED_EDGE ( 'NONE', *, *, #2552, .F. ) ;
#2713 = FACE_OUTER_BOUND ( 'NONE', #3471, .T. ) ;
#2714 = VERTEX_POINT ( 'NONE', #6863 ) ;
#2715 = CARTESIAN_POINT ( 'NONE',  ( 2.174999999999999822, 0.9499999999999869660, 0.03619548911246010109 ) ) ;
#2716 = ORIENTED_EDGE ( 'NONE', *, *, #2406, .F. ) ;
#2717 = VERTEX_POINT ( 'NONE', #523 ) ;
#2718 = ORIENTED_EDGE ( 'NONE', *, *, #7625, .T. ) ;
#2719 = PLANE ( 'NONE',  #5673 ) ;
#2720 = CARTESIAN_POINT ( 'NONE',  ( 0.9499999999999995115, 0.9999999999999988898, 0.02999999999999859376 ) ) ;
#2721 = VECTOR ( 'NONE', #5105, 1000.000000000000000 ) ;
#2722 = EDGE_LOOP ( 'NONE', ( #4143, #2444, #7425, #4280 ) ) ;
#2723 = CARTESIAN_POINT ( 'NONE',  ( 1.824999999999999956, 1.350000000000000089, 0.1599999999999988376 ) ) ;
#2724 = LINE ( 'NONE', #5263, #2264 ) ;
#2725 = CARTESIAN_POINT ( 'NONE',  ( 0.4500000000000015099, 0.6999999999999977351, 0.02999999999999837866 ) ) ;
#2726 = DIRECTION ( 'NONE',  ( -1.000000000000000000, 5.243344273594249610E-32, 2.289834988289389802E-16 ) ) ;
#2727 = ORIENTED_EDGE ( 'NONE', *, *, #7149, .T. ) ;
#2728 = VECTOR ( 'NONE', #3302, 1000.000000000000000 ) ;
#2729 = ADVANCED_FACE ( 'NONE', ( #5075 ), #4962, .T. ) ;
#2730 = CARTESIAN_POINT ( 'NONE',  ( -2.325000000000000178, 1.350000000000000089, 0.1600000000000000033 ) ) ;
#2731 = LINE ( 'NONE', #2657, #3667 ) ;
#2732 = DIRECTION ( 'NONE',  ( 0.000000000000000000, 1.065228634467009955E-16, 1.000000000000000000 ) ) ;
#2733 = DIRECTION ( 'NONE',  ( 5.243344273594249610E-32, 1.000000000000000000, -1.200639317332292868E-47 ) ) ;
#2734 = VERTEX_POINT ( 'NONE', #7021 ) ;
#2735 = DIRECTION ( 'NONE',  ( -1.000000000000000000, 2.804146475863970139E-32, -2.987057121330055487E-48 ) ) ;
#2736 = CARTESIAN_POINT ( 'NONE',  ( -2.174999999999999822, 0.9431866336109966387, 0.06541154699933875161 ) ) ;
#2737 = DIRECTION ( 'NONE',  ( 1.000000000000000000, -5.243344273594249610E-32, -2.289834988289389802E-16 ) ) ;
#2738 = LINE ( 'NONE', #3803, #3958 ) ;
#2739 = AXIS2_PLACEMENT_3D ( 'NONE', #5987, #1069, #5538 ) ;
#2740 = ADVANCED_FACE ( 'NONE', ( #1153 ), #1192, .F. ) ;
#2741 = ADVANCED_FACE ( 'NONE', ( #4997 ), #5736, .F. ) ;
#2742 = VECTOR ( 'NONE', #2286, 1000.000000000000000 ) ;
#2743 = DIRECTION ( 'NONE',  ( -2.439197797730288502E-32, 1.000000000000000000, -1.065228634467009955E-16 ) ) ;
#2744 = ORIENTED_EDGE ( 'NONE', *, *, #5086, .T. ) ;
#2745 = DIRECTION ( 'NONE',  ( -2.804146475863970139E-32, -1.000000000000000000, 1.065228634467009955E-16 ) ) ;
#2746 = AXIS2_PLACEMENT_3D ( 'NONE', #377, #5351, #2139 ) ;
#2747 = ORIENTED_EDGE ( 'NONE', *, *, #4719, .T. ) ;
#2748 = DIRECTION ( 'NONE',  ( 1.000000000000000000, -5.243344273594249610E-32, -0.000000000000000000 ) ) ;
#2749 = ORIENTED_EDGE ( 'NONE', *, *, #3615, .F. ) ;
#2750 = VERTEX_POINT ( 'NONE', #3753 ) ;
#2751 = CARTESIAN_POINT ( 'NONE',  ( -3.115000000000000213, -1.464196000000000053, 0.1699999999999990130 ) ) ;
#2752 = ADVANCED_FACE ( 'NONE', ( #6283 ), #558, .T. ) ;
#2753 = AXIS2_PLACEMENT_3D ( 'NONE', #840, #4700, #2622 ) ;
#2754 = ORIENTED_EDGE ( 'NONE', *, *, #2079, .T. ) ;
#2755 = VECTOR ( 'NONE', #1077, 1000.000000000000000 ) ;
#2756 = LINE ( 'NONE', #145, #3936 ) ;
#2757 = EDGE_LOOP ( 'NONE', ( #6040, #2810, #2654, #8158 ) ) ;
#2758 = ORIENTED_EDGE ( 'NONE', *, *, #7520, .F. ) ;
#2759 =( GEOMETRIC_REPRESENTATION_CONTEXT ( 3 ) GLOBAL_UNCERTAINTY_ASSIGNED_CONTEXT ( ( #3146 ) ) GLOBAL_UNIT_ASSIGNED_CONTEXT ( ( #5201, #7581, #7098 ) ) REPRESENTATION_CONTEXT ( 'NONE', 'WORKASPACE' ) );
#2760 = VECTOR ( 'NONE', #8102, 1000.000000000000000 ) ;
#2761 = VERTEX_POINT ( 'NONE', #1894 ) ;
#2762 = CARTESIAN_POINT ( 'NONE',  ( -3.102500000000000036, 0.07493623042063669859, 1.000000000000000000 ) ) ;
#2763 = CARTESIAN_POINT ( 'NONE',  ( 3.002499999999999947, -1.350000000000000089, 0.1799999999999978562 ) ) ;
#2764 = VECTOR ( 'NONE', #4173, 1000.000000000000000 ) ;
#2765 = CIRCLE ( 'NONE', #7012, 0.05000000000000070360 ) ;
#2766 = AXIS2_PLACEMENT_3D ( 'NONE', #1012, #2819, #3485 ) ;
#2767 = EDGE_LOOP ( 'NONE', ( #2544, #3431, #2127, #3637 ) ) ;
#2768 = DIRECTION ( 'NONE',  ( -0.000000000000000000, -1.065228634467009955E-16, -1.000000000000000000 ) ) ;
#2769 = VERTEX_POINT ( 'NONE', #8121 ) ;
#2770 = LINE ( 'NONE', #287, #3477 ) ;
#2771 = CARTESIAN_POINT ( 'NONE',  ( 0.9000000000000005773, 0.9999999999999988898, 0.07999999999999860001 ) ) ;
#2772 = DIRECTION ( 'NONE',  ( -1.000000000000000000, 0.000000000000000000, 2.289834988289389802E-16 ) ) ;
#2773 = ORIENTED_EDGE ( 'NONE', *, *, #2638, .F. ) ;
#2774 = CARTESIAN_POINT ( 'NONE',  ( -1.324999999999999956, 1.350000000000000089, 0.1599999999999990041 ) ) ;
#2775 = DIRECTION ( 'NONE',  ( 0.000000000000000000, 1.000000000000000000, -2.289834988289389802E-16 ) ) ;
#2776 = CARTESIAN_POINT ( 'NONE',  ( -3.115000000000000213, -1.464196000000000053, 0.3752010000000010059 ) ) ;
#2777 = CARTESIAN_POINT ( 'NONE',  ( -2.933678328689710124, -0.8000000000000010436, 0.5563695153646179836 ) ) ;
#2778 = VERTEX_POINT ( 'NONE', #8194 ) ;
#2779 = DIRECTION ( 'NONE',  ( 0.2163711612039573018, 0.9520331092974138043, 0.2163711612039584675 ) ) ;
#2780 = DIRECTION ( 'NONE',  ( 0.000000000000000000, 2.289834988289389802E-16, 1.000000000000000000 ) ) ;
#2781 = CARTESIAN_POINT ( 'NONE',  ( 2.933678328689710124, -0.8000000000000010436, 0.1799999999999979672 ) ) ;
#2782 = CARTESIAN_POINT ( 'NONE',  ( 1.675000000000000044, 0.9199999999999868283, -1.341340233329545003E-15 ) ) ;
#2783 = VECTOR ( 'NONE', #7865, 1000.000000000000000 ) ;
#2784 = CARTESIAN_POINT ( 'NONE',  ( 3.115000000000000213, -1.749999999999990008, 0.3752009999999990075 ) ) ;
#2785 = FACE_OUTER_BOUND ( 'NONE', #4911, .T. ) ;
#2786 = LINE ( 'NONE', #4578, #2477 ) ;
#2787 = DIRECTION ( 'NONE',  ( -2.289834988289389802E-16, 0.000000000000000000, -1.000000000000000000 ) ) ;
#2788 = ORIENTED_EDGE ( 'NONE', *, *, #6954, .T. ) ;
#2790 = EDGE_CURVE ( 'NONE', #2202, #7496, #6979, .T. ) ;
#2789 = DIRECTION ( 'NONE',  ( 0.000000000000000000, 0.9751328557914595851, 0.2216211035889688874 ) ) ;
#2791 = EDGE_LOOP ( 'NONE', ( #1927, #5058, #2754, #2633 ) ) ;
#2792 = DIRECTION ( 'NONE',  ( 1.000000000000000000, 0.000000000000000000, -2.289834988289389802E-16 ) ) ;
#2793 = AXIS2_PLACEMENT_3D ( 'NONE', #5854, #1471, #1975 ) ;
#2794 = EDGE_CURVE ( 'NONE', #1542, #7714, #6938, .T. ) ;
#2795 = EDGE_LOOP ( 'NONE', ( #7453, #663, #3608, #379 ) ) ;
#2796 = CARTESIAN_POINT ( 'NONE',  ( -3.265000000000000124, -1.464196000000000053, 0.5100000000000000089 ) ) ;
#2797 = ORIENTED_EDGE ( 'NONE', *, *, #1509, .F. ) ;
#2798 = ADVANCED_FACE ( 'NONE', ( #3206 ), #11, .F. ) ;
#2799 = ORIENTED_EDGE ( 'NONE', *, *, #2007, .T. ) ;
#2800 = VERTEX_POINT ( 'NONE', #6205 ) ;
#2801 = FACE_OUTER_BOUND ( 'NONE', #4930, .T. ) ;
#2802 = LINE ( 'NONE', #5962, #6609 ) ;
#2803 = EDGE_CURVE ( 'NONE', #4998, #1335, #481, .T. ) ;
#2804 = EDGE_CURVE ( 'NONE', #8217, #5677, #7487, .T. ) ;
#2805 = ORIENTED_EDGE ( 'NONE', *, *, #5176, .T. ) ;
#2806 = CARTESIAN_POINT ( 'NONE',  ( -3.500000000000000000, -1.000000000000000222, 0.3299999999999997935 ) ) ;
#2807 = ORIENTED_EDGE ( 'NONE', *, *, #3523, .F. ) ;
#2808 = CARTESIAN_POINT ( 'NONE',  ( 1.350000000000000089, 0.9999999999999988898, 0.3099999999999980549 ) ) ;
#2809 = DIRECTION ( 'NONE',  ( 1.000000000000000000, 0.000000000000000000, -2.289834988289389802E-16 ) ) ;
#2810 = ORIENTED_EDGE ( 'NONE', *, *, #173, .T. ) ;
#2811 = DIRECTION ( 'NONE',  ( 1.000000000000000000, -5.243344273594249610E-32, -2.289834988289389802E-16 ) ) ;
#2812 = VECTOR ( 'NONE', #38, 1000.000000000000000 ) ;
#2813 = DIRECTION ( 'NONE',  ( -0.000000000000000000, -1.065228634467009955E-16, -1.000000000000000000 ) ) ;
#2814 = ORIENTED_EDGE ( 'NONE', *, *, #6821, .T. ) ;
#2815 = ORIENTED_EDGE ( 'NONE', *, *, #625, .T. ) ;
#2816 = CARTESIAN_POINT ( 'NONE',  ( 2.952500000000001013, -1.900000000000000133, 0.02999999999999906908 ) ) ;
#2817 = CARTESIAN_POINT ( 'NONE',  ( -2.765000000000000124, -0.6000000000000009770, 0.6899999999999995026 ) ) ;
#2818 = DIRECTION ( 'NONE',  ( 1.000000000000000000, -0.000000000000000000, -2.289834988289389802E-16 ) ) ;
#2819 = DIRECTION ( 'NONE',  ( 0.7071067811865431318, -7.532303909457139086E-17, -0.7071067811865520136 ) ) ;
#2820 = ORIENTED_EDGE ( 'NONE', *, *, #3207, .F. ) ;
#2821 = PLANE ( 'NONE',  #3779 ) ;
#2822 = LINE ( 'NONE', #3488, #5019 ) ;
#2823 = LINE ( 'NONE', #2781, #5823 ) ;
#2824 = CYLINDRICAL_SURFACE ( 'NONE', #355, 0.02999999999999989828 ) ;
#2825 = LINE ( 'NONE', #2198, #3147 ) ;
#2826 = PLANE ( 'NONE',  #662 ) ;
#2827 = LINE ( 'NONE', #4172, #2408 ) ;
#2828 = DIRECTION ( 'NONE',  ( 1.000000000000000000, 0.000000000000000000, -2.289834988289389802E-16 ) ) ;
#2829 = ORIENTED_EDGE ( 'NONE', *, *, #4565, .F. ) ;
#2830 = CARTESIAN_POINT ( 'NONE',  ( 2.425000000000000266, 0.8499999999999989786, 0.05499999999999809902 ) ) ;
#2831 = DIRECTION ( 'NONE',  ( 1.000000000000000000, -5.243344273594249610E-32, -2.289834988289389802E-16 ) ) ;
#2832 = LINE ( 'NONE', #6127, #2108 ) ;
#2833 = VECTOR ( 'NONE', #6399, 1000.000000000000000 ) ;
#2834 = EDGE_CURVE ( 'NONE', #7254, #7834, #795, .T. ) ;
#2835 = CIRCLE ( 'NONE', #7491, 0.05000000000000071054 ) ;
#2836 = VERTEX_POINT ( 'NONE', #5818 ) ;
#2837 = DIRECTION ( 'NONE',  ( 0.000000000000000000, 0.000000000000000000, -1.000000000000000000 ) ) ;
#2839 = ORIENTED_EDGE ( 'NONE', *, *, #7371, .T. ) ;
#2838 = ORIENTED_EDGE ( 'NONE', *, *, #2834, .T. ) ;
#2840 = ORIENTED_EDGE ( 'NONE', *, *, #593, .F. ) ;
#2841 = VERTEX_POINT ( 'NONE', #7091 ) ;
#2842 = CARTESIAN_POINT ( 'NONE',  ( 1.675000000000000044, 1.299999999999990274, 0.1099999999999980022 ) ) ;
#2843 = ADVANCED_FACE ( 'NONE', ( #3242 ), #3360, .T. ) ;
#2844 = CARTESIAN_POINT ( 'NONE',  ( 0.5999999999999999778, 0.9999999999999988898, 0.07999999999999858613 ) ) ;
#2845 = EDGE_CURVE ( 'NONE', #702, #2128, #164, .T. ) ;
#2846 = ORIENTED_EDGE ( 'NONE', *, *, #4119, .F. ) ;
#2847 = ORIENTED_EDGE ( 'NONE', *, *, #7673, .F. ) ;
#2848 = DIRECTION ( 'NONE',  ( 2.439197797730288502E-32, -1.000000000000000000, 1.065228634467009955E-16 ) ) ;
#2849 = EDGE_LOOP ( 'NONE', ( #1044, #186, #8064, #1764 ) ) ;
#2850 = ADVANCED_FACE ( 'NONE', ( #3323 ), #5196, .T. ) ;
#2851 = FACE_OUTER_BOUND ( 'NONE', #4969, .T. ) ;
#2852 = EDGE_CURVE ( 'NONE', #4270, #141, #6557, .T. ) ;
#2853 = DIRECTION ( 'NONE',  ( 0.000000000000000000, 2.289834988289389802E-16, 1.000000000000000000 ) ) ;
#2854 = ORIENTED_EDGE ( 'NONE', *, *, #6810, .T. ) ;
#2855 = VECTOR ( 'NONE', #3612, 1000.000000000000000 ) ;
#2856 = ORIENTED_EDGE ( 'NONE', *, *, #787, .F. ) ;
#2857 = CARTESIAN_POINT ( 'NONE',  ( -2.075000000000000178, 0.8499999999999999778, 0.05499999999999939659 ) ) ;
#2858 = DIRECTION ( 'NONE',  ( -2.289834988289389802E-16, -1.065228634467009955E-16, -1.000000000000000000 ) ) ;
#2859 = DIRECTION ( 'NONE',  ( -1.000000000000000000, -0.000000000000000000, -0.000000000000000000 ) ) ;
#2860 = CARTESIAN_POINT ( 'NONE',  ( 3.265000000000000124, -1.228897383693329903, 0.3699999999999989964 ) ) ;
#2861 = VERTEX_POINT ( 'NONE', #2618 ) ;
#2862 = CARTESIAN_POINT ( 'NONE',  ( 1.675000000000000044, 0.9499999999999869660, 0.03619548911246039946 ) ) ;
#2863 = VECTOR ( 'NONE', #4744, 999.9999999999998863 ) ;
#2864 = CARTESIAN_POINT ( 'NONE',  ( 3.115000000000000213, -1.749999999999990008, 0.4700000000000000289 ) ) ;
#2865 = LINE ( 'NONE', #5324, #4720 ) ;
#2866 = ADVANCED_FACE ( 'NONE', ( #2102 ), #7806, .T. ) ;
#2867 = DIRECTION ( 'NONE',  ( 0.000000000000000000, 0.000000000000000000, -1.000000000000000000 ) ) ;
#2868 = VECTOR ( 'NONE', #4358, 1000.000000000000000 ) ;
#2869 = CARTESIAN_POINT ( 'NONE',  ( 3.265000000000000124, -1.050000000000000044, 0.4599999999999980216 ) ) ;
#2870 = DIRECTION ( 'NONE',  ( 0.000000000000000000, 0.000000000000000000, 1.000000000000000000 ) ) ;
#2871 = DIRECTION ( 'NONE',  ( 1.000000000000000000, -0.000000000000000000, -2.289834988289389802E-16 ) ) ;
#2872 = FACE_OUTER_BOUND ( 'NONE', #5583, .T. ) ;
#2873 = ORIENTED_EDGE ( 'NONE', *, *, #2335, .F. ) ;
#2874 = FACE_OUTER_BOUND ( 'NONE', #3102, .T. ) ;
#2875 = LINE ( 'NONE', #1651, #4318 ) ;
#2876 = VECTOR ( 'NONE', #5589, 1000.000000000000000 ) ;
#2877 = CARTESIAN_POINT ( 'NONE',  ( -2.162500000000000089, 0.9999999999999988898, 0.07999999999999940492 ) ) ;
#2878 = VECTOR ( 'NONE', #1606, 1000.000000000000000 ) ;
#2879 = AXIS2_PLACEMENT_3D ( 'NONE', #5217, #1292, #2085 ) ;
#2880 = EDGE_LOOP ( 'NONE', ( #5387, #524, #1530, #695 ) ) ;
#2881 = LINE ( 'NONE', #1617, #2890 ) ;
#2883 = ORIENTED_EDGE ( 'NONE', *, *, #3972, .T. ) ;
#2882 = VERTEX_POINT ( 'NONE', #2695 ) ;
#2884 = VECTOR ( 'NONE', #4542, 1000.000000000000000 ) ;
#2885 = EDGE_LOOP ( 'NONE', ( #4392, #6418, #451, #3087 ) ) ;
#2886 = ORIENTED_EDGE ( 'NONE', *, *, #2284, .T. ) ;
#2887 = DIRECTION ( 'NONE',  ( 0.000000000000000000, 2.289834988289389802E-16, 1.000000000000000000 ) ) ;
#2888 = CIRCLE ( 'NONE', #864, 0.05000000000000002359 ) ;
#2889 = DIRECTION ( 'NONE',  ( -1.000000000000000000, 5.243344273594249610E-32, 2.289834988289389802E-16 ) ) ;
#2890 = VECTOR ( 'NONE', #7958, 1000.000000000000000 ) ;
#2891 = EDGE_CURVE ( 'NONE', #6499, #5707, #3994, .T. ) ;
#2892 = VECTOR ( 'NONE', #6137, 1000.000000000000000 ) ;
#2893 = VECTOR ( 'NONE', #2519, 1000.000000000000000 ) ;
#2894 = ORIENTED_EDGE ( 'NONE', *, *, #7476, .F. ) ;
#2895 = ORIENTED_EDGE ( 'NONE', *, *, #7105, .F. ) ;
#2896 = LINE ( 'NONE', #4724, #6274 ) ;
#2897 = ORIENTED_EDGE ( 'NONE', *, *, #7259, .F. ) ;
#2898 = EDGE_CURVE ( 'NONE', #1994, #7449, #6518, .T. ) ;
#2899 = DIRECTION ( 'NONE',  ( -1.485862475258599639E-32, 1.000000000000000000, -6.488950002325740340E-17 ) ) ;
#2900 = VECTOR ( 'NONE', #6075, 1000.000000000000114 ) ;
#2901 = DIRECTION ( 'NONE',  ( -0.000000000000000000, -1.065228634467009955E-16, -1.000000000000000000 ) ) ;
#2902 = ORIENTED_EDGE ( 'NONE', *, *, #79, .T. ) ;
#2903 = CIRCLE ( 'NONE', #7798, 0.05000000000000070360 ) ;
#2904 = EDGE_LOOP ( 'NONE', ( #3846, #5748, #3392, #1791, #1213, #1249, #7971, #1705, #7960, #4807, #8146 ) ) ;
#2905 = CARTESIAN_POINT ( 'NONE',  ( 1.175000000000000044, 0.9999999999999988898, 0.07866077735406369620 ) ) ;
#2906 = EDGE_CURVE ( 'NONE', #3606, #1633, #2376, .T. ) ;
#2907 = DIRECTION ( 'NONE',  ( 1.000000000000000000, -5.243344273594249610E-32, -2.289834988289389802E-16 ) ) ;
#2908 = LINE ( 'NONE', #4117, #2936 ) ;
#2909 = DIRECTION ( 'NONE',  ( -2.439197797730288502E-32, 1.000000000000000000, -1.065228634467009955E-16 ) ) ;
#2910 = ORIENTED_EDGE ( 'NONE', *, *, #4296, .T. ) ;
#2911 = ORIENTED_EDGE ( 'NONE', *, *, #434, .T. ) ;
#2912 = AXIS2_PLACEMENT_3D ( 'NONE', #1157, #6249, #3089 ) ;
#2913 = EDGE_CURVE ( 'NONE', #5866, #4464, #7181, .T. ) ;
#2914 = DIRECTION ( 'NONE',  ( -1.000000000000000000, 5.243344273594249610E-32, 2.289834988289389802E-16 ) ) ;
#2915 = DIRECTION ( 'NONE',  ( -0.7071067811865480168, 0.000000000000000000, -0.7071067811865470176 ) ) ;
#2916 = DIRECTION ( 'NONE',  ( 0.000000000000000000, 0.8035571933447460680, 0.5952275506257370674 ) ) ;
#2917 = CARTESIAN_POINT ( 'NONE',  ( -1.324999999999999956, 0.9999999999999988898, 0.07866077735406429294 ) ) ;
#2918 = EDGE_CURVE ( 'NONE', #1910, #6334, #6431, .T. ) ;
#2919 = CARTESIAN_POINT ( 'NONE',  ( 0.1750000000000009881, 0.9431866336109969717, 0.06541154699933826588 ) ) ;
#2920 = CARTESIAN_POINT ( 'NONE',  ( -0.1749999999999979905, 1.350000000000000089, 0.1599999999999993372 ) ) ;
#2921 = EDGE_CURVE ( 'NONE', #6804, #3975, #1430, .T. ) ;
#2922 = DIRECTION ( 'NONE',  ( 0.7071067811865414665, -0.7071067811865536790, 0.000000000000000000 ) ) ;
#2923 = CARTESIAN_POINT ( 'NONE',  ( 0.1750000000000009881, 0.9199999999999860512, -9.236361675490904752E-16 ) ) ;
#2924 = ORIENTED_EDGE ( 'NONE', *, *, #2406, .T. ) ;
#2925 = FACE_OUTER_BOUND ( 'NONE', #2189, .T. ) ;
#2926 = CARTESIAN_POINT ( 'NONE',  ( -1.824999999999999956, 1.245779075397750235, 0.1705002310154649925 ) ) ;
#2927 = EDGE_LOOP ( 'NONE', ( #6444, #7867, #7736, #2518, #4193 ) ) ;
#2928 = CARTESIAN_POINT ( 'NONE',  ( 2.162500000000000089, 0.9999999999999988898, 0.07999999999999810041 ) ) ;
#2930 = ORIENTED_EDGE ( 'NONE', *, *, #6810, .F. ) ;
#2929 = VERTEX_POINT ( 'NONE', #3399 ) ;
#2931 = VERTEX_POINT ( 'NONE', #5932 ) ;
#2932 = AXIS2_PLACEMENT_3D ( 'NONE', #1228, #6978, #3166 ) ;
#2933 = ORIENTED_EDGE ( 'NONE', *, *, #2386, .T. ) ;
#2934 = FACE_OUTER_BOUND ( 'NONE', #4637, .T. ) ;
#2935 = CARTESIAN_POINT ( 'NONE',  ( 0.8250000000000019540, 0.9999999999999988898, 0.07866077735406369620 ) ) ;
#2936 = VECTOR ( 'NONE', #7222, 1000.000000000000114 ) ;
#2937 = EDGE_LOOP ( 'NONE', ( #3221, #5469, #6417, #3664 ) ) ;
#2938 = VERTEX_POINT ( 'NONE', #5320 ) ;
#2939 = LINE ( 'NONE', #4687, #3090 ) ;
#2940 = ORIENTED_EDGE ( 'NONE', *, *, #5552, .T. ) ;
#2941 = DIRECTION ( 'NONE',  ( -0.000000000000000000, -1.065228634467009955E-16, -1.000000000000000000 ) ) ;
#2942 = EDGE_CURVE ( 'NONE', #2128, #1365, #2147, .T. ) ;
#2943 = CARTESIAN_POINT ( 'NONE',  ( -0.04999999999999859418, 0.6999999999999977351, 0.02999999999999856601 ) ) ;
#2944 = ORIENTED_EDGE ( 'NONE', *, *, #4993, .T. ) ;
#2945 = EDGE_CURVE ( 'NONE', #1995, #4391, #3872, .T. ) ;
#2946 = ORIENTED_EDGE ( 'NONE', *, *, #5841, .F. ) ;
#2947 = VECTOR ( 'NONE', #6713, 1000.000000000000000 ) ;
#2948 = CARTESIAN_POINT ( 'NONE',  ( -3.115000000000000213, -1.649999999999999911, 0.1699999999999994016 ) ) ;
#2949 = LINE ( 'NONE', #1056, #4654 ) ;
#2950 = CARTESIAN_POINT ( 'NONE',  ( 0.3250000000000020095, 1.245779075397750235, 0.1705002310154649925 ) ) ;
#2951 = ORIENTED_EDGE ( 'NONE', *, *, #5176, .F. ) ;
#2952 = ORIENTED_EDGE ( 'NONE', *, *, #2918, .F. ) ;
#2953 = CARTESIAN_POINT ( 'NONE',  ( -3.115000000000000213, -1.000000000000000000, 0.3300000000000000155 ) ) ;
#2954 = ORIENTED_EDGE ( 'NONE', *, *, #3878, .F. ) ;
#2955 = PLANE ( 'NONE',  #65 ) ;
#2956 = CARTESIAN_POINT ( 'NONE',  ( -3.115000000000000213, -1.749999999999990008, 0.3752010000000010059 ) ) ;
#2957 = DIRECTION ( 'NONE',  ( -0.7071067811865471286, 0.000000000000000000, 0.7071067811865479058 ) ) ;
#2958 = EDGE_CURVE ( 'NONE', #5423, #532, #5773, .T. ) ;
#2959 = EDGE_CURVE ( 'NONE', #5483, #5514, #1976, .T. ) ;
#2960 = VECTOR ( 'NONE', #5612, 1000.000000000000000 ) ;
#2961 = CARTESIAN_POINT ( 'NONE',  ( -1.325000000000000178, 0.9999999999999988898, 0.07999999999999918288 ) ) ;
#2962 = PLANE ( 'NONE',  #1291 ) ;
#2963 = DIRECTION ( 'NONE',  ( 5.243344273594249610E-32, 1.000000000000000000, -1.200639317332292868E-47 ) ) ;
#2964 = DIRECTION ( 'NONE',  ( 2.289834988289389802E-16, -0.000000000000000000, 1.000000000000000000 ) ) ;
#2965 = ORIENTED_EDGE ( 'NONE', *, *, #7930, .F. ) ;
#2966 = FACE_OUTER_BOUND ( 'NONE', #1752, .T. ) ;
#2967 = ADVANCED_FACE ( 'NONE', ( #7056 ), #712, .T. ) ;
#2968 = CARTESIAN_POINT ( 'NONE',  ( 1.350000000000000089, 0.9999999999999988898, 0.3099999999999980549 ) ) ;
#2969 = EDGE_CURVE ( 'NONE', #7853, #7254, #5486, .T. ) ;
#2970 = VERTEX_POINT ( 'NONE', #2238 ) ;
#2971 = DIRECTION ( 'NONE',  ( -5.243344273594249610E-32, -1.000000000000000000, 1.200639317332292868E-47 ) ) ;
#2972 = LINE ( 'NONE', #5508, #7408 ) ;
#2973 = VERTEX_POINT ( 'NONE', #7978 ) ;
#2974 = VERTEX_POINT ( 'NONE', #6772 ) ;
#2975 = ORIENTED_EDGE ( 'NONE', *, *, #3726, .T. ) ;
#2976 = CARTESIAN_POINT ( 'NONE',  ( -3.500000000000001332, -1.000000000000000000, 1.000000000000000444 ) ) ;
#2977 = EDGE_CURVE ( 'NONE', #138, #3778, #1637, .T. ) ;
#2978 = CARTESIAN_POINT ( 'NONE',  ( 3.265000000000000124, -1.649999999999999911, 0.1199999999999979972 ) ) ;
#2979 = VECTOR ( 'NONE', #6033, 1000.000000000000000 ) ;
#2980 = ORIENTED_EDGE ( 'NONE', *, *, #444, .T. ) ;
#2981 = VERTEX_POINT ( 'NONE', #6724 ) ;
#2982 = LINE ( 'NONE', #8053, #2083 ) ;
#2983 = ORIENTED_EDGE ( 'NONE', *, *, #7873, .F. ) ;
#2984 = CARTESIAN_POINT ( 'NONE',  ( -1.674999999999999822, 0.9999999999999991118, 0.07999999999999930778 ) ) ;
#2985 = FACE_OUTER_BOUND ( 'NONE', #4785, .T. ) ;
#2986 = VERTEX_POINT ( 'NONE', #424 ) ;
#2987 = ORIENTED_EDGE ( 'NONE', *, *, #284, .F. ) ;
#2988 = DIRECTION ( 'NONE',  ( -1.000000000000000000, 0.000000000000000000, 2.289834988289389802E-16 ) ) ;
#2989 = CARTESIAN_POINT ( 'NONE',  ( -1.837499999999999911, 0.9199999999999990408, 0.07999999999999940492 ) ) ;
#2990 = CARTESIAN_POINT ( 'NONE',  ( -1.824999999999999956, 1.299999999999990274, 0.05000000000000019706 ) ) ;
#2991 = ORIENTED_EDGE ( 'NONE', *, *, #2122, .F. ) ;
#2992 = EDGE_LOOP ( 'NONE', ( #6049, #8022, #6834, #2215 ) ) ;
#2993 = CARTESIAN_POINT ( 'NONE',  ( 1.350000000000000089, 0.9999999999999988898, 0.3099999999999980549 ) ) ;
#2994 = ORIENTED_EDGE ( 'NONE', *, *, #1103, .F. ) ;
#2995 = DIRECTION ( 'NONE',  ( 0.000000000000000000, 1.065228634467009955E-16, 1.000000000000000000 ) ) ;
#2996 = LINE ( 'NONE', #8070, #1122 ) ;
#2997 = VECTOR ( 'NONE', #2455, 1000.000000000000000 ) ;
#2998 = EDGE_CURVE ( 'NONE', #2929, #4243, #7391, .T. ) ;
#2999 = LINE ( 'NONE', #4917, #5032 ) ;
#3000 = ADVANCED_FACE ( 'NONE', ( #2275 ), #6063, .T. ) ;
#3001 = FACE_OUTER_BOUND ( 'NONE', #946, .T. ) ;
#3002 = CARTESIAN_POINT ( 'NONE',  ( -41.67662438884190834, -1.493867268293630035, 1.000000000000009992 ) ) ;
#3003 = VECTOR ( 'NONE', #4325, 999.9999999999998863 ) ;
#3004 = DIRECTION ( 'NONE',  ( 1.000000000000000000, 0.000000000000000000, -2.289834988289389802E-16 ) ) ;
#3005 = CARTESIAN_POINT ( 'NONE',  ( 0.6750000000000010436, 1.299999999999999378, 0.1099999999999980160 ) ) ;
#3006 = ORIENTED_EDGE ( 'NONE', *, *, #5298, .T. ) ;
#3007 = DIRECTION ( 'NONE',  ( -1.000000000000000000, 0.000000000000000000, -0.000000000000000000 ) ) ;
#3008 = EDGE_CURVE ( 'NONE', #348, #374, #2366, .T. ) ;
#3009 = DIRECTION ( 'NONE',  ( 1.000000000000000000, 4.948562843061550213E-17, -2.177367650947074402E-16 ) ) ;
#3010 = EDGE_CURVE ( 'NONE', #2037, #2882, #255, .T. ) ;
#3011 = AXIS2_PLACEMENT_3D ( 'NONE', #7546, #3225, #5754 ) ;
#3012 = VERTEX_POINT ( 'NONE', #5402 ) ;
#3013 = CARTESIAN_POINT ( 'NONE',  ( -2.049999999999999822, 0.9999999999999988898, 0.02999999999999601250 ) ) ;
#3014 = CARTESIAN_POINT ( 'NONE',  ( 2.050000000000000711, 0.9999999999999988898, 0.02999999999999964501 ) ) ;
#3015 = VECTOR ( 'NONE', #1867, 1000.000000000000000 ) ;
#3016 = ORIENTED_EDGE ( 'NONE', *, *, #6199, .F. ) ;
#3017 = ADVANCED_FACE ( 'NONE', ( #3621 ), #6681, .T. ) ;
#3018 = EDGE_LOOP ( 'NONE', ( #6229, #3591, #1786, #152 ) ) ;
#3019 = EDGE_LOOP ( 'NONE', ( #2162, #7878, #7492, #3655 ) ) ;
#3020 = LINE ( 'NONE', #6983, #2217 ) ;
#3021 = EDGE_CURVE ( 'NONE', #404, #4806, #297, .T. ) ;
#3022 = CARTESIAN_POINT ( 'NONE',  ( -2.324999999999999734, 0.9999999999999988898, 0.3099999999999979994 ) ) ;
#3023 = AXIS2_PLACEMENT_3D ( 'NONE', #6805, #1087, #5021 ) ;
#3024 = ORIENTED_EDGE ( 'NONE', *, *, #4057, .T. ) ;
#3025 = ORIENTED_EDGE ( 'NONE', *, *, #5030, .F. ) ;
#3026 = CARTESIAN_POINT ( 'NONE',  ( -3.299999999999999822, -1.000000000000000000, 0.5100000000000000089 ) ) ;
#3027 = VECTOR ( 'NONE', #1736, 1000.000000000000000 ) ;
#3028 = ORIENTED_EDGE ( 'NONE', *, *, #1088, .T. ) ;
#3029 = DIRECTION ( 'NONE',  ( 2.289834988289389802E-16, -0.000000000000000000, 1.000000000000000000 ) ) ;
#3030 = DIRECTION ( 'NONE',  ( 1.000000000000000000, -5.243344273594249610E-32, -2.289834988289389802E-16 ) ) ;
#3031 = ORIENTED_EDGE ( 'NONE', *, *, #2646, .F. ) ;
#3032 = VECTOR ( 'NONE', #1186, 1000.000000000000000 ) ;
#3033 = ORIENTED_EDGE ( 'NONE', *, *, #4390, .T. ) ;
#3034 = CARTESIAN_POINT ( 'NONE',  ( -2.174999999999999822, 1.249999999999986455, 3.618524750670371048E-15 ) ) ;
#3035 = FACE_OUTER_BOUND ( 'NONE', #1043, .T. ) ;
#3036 = AXIS2_PLACEMENT_3D ( 'NONE', #7234, #2745, #1984 ) ;
#3037 = DIRECTION ( 'NONE',  ( 0.000000000000000000, 0.8872168012345964527, 0.4613527366419867826 ) ) ;
#3038 = ORIENTED_EDGE ( 'NONE', *, *, #6708, .F. ) ;
#3039 = CARTESIAN_POINT ( 'NONE',  ( 2.174999999999999822, 1.245779075397750235, 0.1705002310154639933 ) ) ;
#3040 = VERTEX_POINT ( 'NONE', #7937 ) ;
#3041 = LINE ( 'NONE', #1774, #1539 ) ;
#3042 = DIRECTION ( 'NONE',  ( -5.326143172335038067E-17, 1.000000000000000000, -5.326143172335105860E-17 ) ) ;
#3044 = CARTESIAN_POINT ( 'NONE',  ( 2.174999999999999822, 0.9499999999999869660, 0.03619548911246010109 ) ) ;
#3043 = AXIS2_PLACEMENT_3D ( 'NONE', #3282, #8020, #4784 ) ;
#3045 = CARTESIAN_POINT ( 'NONE',  ( 3.265000000000000124, -1.824999999999989964, 0.3699999999999989964 ) ) ;
#3046 = CYLINDRICAL_SURFACE ( 'NONE', #5842, 0.04999999999999985706 ) ;
#3047 = CARTESIAN_POINT ( 'NONE',  ( 1.675000000000000044, 1.249999999999986233, 2.385244779468109755E-15 ) ) ;
#3048 = EDGE_LOOP ( 'NONE', ( #3412, #6411, #7797, #7538, #2357, #5787, #4072, #6997, #340, #3434, #326 ) ) ;
#3049 = CIRCLE ( 'NONE', #2382, 0.04999999999999720640 ) ;
#3050 = CARTESIAN_POINT ( 'NONE',  ( 1.175000000000000044, 1.299999999999990274, 0.04999999999999939215 ) ) ;
#3051 = CARTESIAN_POINT ( 'NONE',  ( 3.115000000000000213, -1.464196000000000053, 0.3699999999999989964 ) ) ;
#3052 = EDGE_CURVE ( 'NONE', #1585, #778, #969, .T. ) ;
#3053 = ADVANCED_FACE ( 'NONE', ( #6151 ), #7223, .T. ) ;
#3054 = VERTEX_POINT ( 'NONE', #3577 ) ;
#3055 = DIRECTION ( 'NONE',  ( -2.289834988289389802E-16, 0.000000000000000000, -1.000000000000000000 ) ) ;
#3056 = DIRECTION ( 'NONE',  ( -2.289834988289389802E-16, 0.000000000000000000, -1.000000000000000000 ) ) ;
#3057 = EDGE_LOOP ( 'NONE', ( #2116, #2510, #4481, #7708 ) ) ;
#3058 = ORIENTED_EDGE ( 'NONE', *, *, #7707, .T. ) ;
#3059 = EDGE_LOOP ( 'NONE', ( #5644, #6291, #1262, #4622 ) ) ;
#3060 = EDGE_CURVE ( 'NONE', #1671, #4764, #924, .T. ) ;
#3061 = DIRECTION ( 'NONE',  ( 1.000000000000000000, -0.000000000000000000, -2.289834988289389802E-16 ) ) ;
#3062 = ADVANCED_FACE ( 'NONE', ( #4861 ), #7268, .T. ) ;
#3063 = EDGE_CURVE ( 'NONE', #5225, #8217, #7435, .T. ) ;
#3064 = DIRECTION ( 'NONE',  ( 0.000000000000000000, -0.9738685962292472631, -0.2271122129663562805 ) ) ;
#3065 = ORIENTED_EDGE ( 'NONE', *, *, #7608, .T. ) ;
#3066 = ORIENTED_EDGE ( 'NONE', *, *, #2803, .F. ) ;
#3067 = CARTESIAN_POINT ( 'NONE',  ( -3.265000000000000124, -1.799999999999990274, 0.4700000000000009726 ) ) ;
#3068 = ORIENTED_EDGE ( 'NONE', *, *, #1874, .F. ) ;
#3069 = PLANE ( 'NONE',  #8072 ) ;
#3070 = DIRECTION ( 'NONE',  ( -2.232893331421829163E-16, 0.2216211035889688874, -0.9751328557914595851 ) ) ;
#3071 = VECTOR ( 'NONE', #4569, 1000.000000000000000 ) ;
#3072 = EDGE_CURVE ( 'NONE', #3569, #4359, #6020, .T. ) ;
#3073 = EDGE_CURVE ( 'NONE', #1408, #7648, #5359, .T. ) ;
#3074 = AXIS2_PLACEMENT_3D ( 'NONE', #4994, #6359, #5073 ) ;
#3075 = ORIENTED_EDGE ( 'NONE', *, *, #1088, .F. ) ;
#3076 = CARTESIAN_POINT ( 'NONE',  ( 1.824999999999999956, 0.9999999999999988898, 0.3099999999999979994 ) ) ;
#3077 =( GEOMETRIC_REPRESENTATION_CONTEXT ( 3 ) GLOBAL_UNCERTAINTY_ASSIGNED_CONTEXT ( ( #1218 ) ) GLOBAL_UNIT_ASSIGNED_CONTEXT ( ( #6010, #4688, #4773 ) ) REPRESENTATION_CONTEXT ( 'NONE', 'WORKASPACE' ) );
#3078 = PLANE ( 'NONE',  #248 ) ;
#3079 = CARTESIAN_POINT ( 'NONE',  ( -0.8249999999999980682, 0.9999999999999988898, 0.07999999999999909961 ) ) ;
#3080 = VERTEX_POINT ( 'NONE', #5449 ) ;
#3081 = CARTESIAN_POINT ( 'NONE',  ( 5.325000000000000178, 0.9999999999999988898, 0.3099999999999970002 ) ) ;
#3082 = CARTESIAN_POINT ( 'NONE',  ( -2.324999999999999734, 0.9999999999999988898, 0.07999999999999941880 ) ) ;
#3083 = LINE ( 'NONE', #6859, #7119 ) ;
#3084 = CARTESIAN_POINT ( 'NONE',  ( 3.265000000000000124, -1.799999999999990274, 0.5199999999999997957 ) ) ;
#3085 = DIRECTION ( 'NONE',  ( 0.000000000000000000, 0.7071067811865433539, 0.7071067811865517916 ) ) ;
#3086 = DIRECTION ( 'NONE',  ( -0.000000000000000000, 1.065228634467009955E-16, 1.000000000000000000 ) ) ;
#3087 = ORIENTED_EDGE ( 'NONE', *, *, #2304, .F. ) ;
#3088 = DIRECTION ( 'NONE',  ( -2.289834988289389802E-16, 0.000000000000000000, -1.000000000000000000 ) ) ;
#3089 = DIRECTION ( 'NONE',  ( 0.7071067811865470176, 0.000000000000000000, 0.7071067811865480168 ) ) ;
#3090 = VECTOR ( 'NONE', #7879, 1000.000000000000000 ) ;
#3091 = ORIENTED_EDGE ( 'NONE', *, *, #2845, .F. ) ;
#3092 = DIRECTION ( 'NONE',  ( -2.289834988289389802E-16, -2.289834988289389802E-16, -1.000000000000000000 ) ) ;
#3093 = CARTESIAN_POINT ( 'NONE',  ( 3.265000000000000124, -1.649999999999999911, 0.1699999999999977918 ) ) ;
#3094 = ORIENTED_EDGE ( 'NONE', *, *, #1824, .F. ) ;
#3095 = ORIENTED_EDGE ( 'NONE', *, *, #6812, .F. ) ;
#3096 = ORIENTED_EDGE ( 'NONE', *, *, #7561, .F. ) ;
#3097 = CARTESIAN_POINT ( 'NONE',  ( 0.6750000000000010436, 0.9999999999999988898, 0.07866077735406383498 ) ) ;
#3098 = EDGE_CURVE ( 'NONE', #1796, #7225, #1731, .T. ) ;
#3099 = PLANE ( 'NONE',  #4758 ) ;
#3100 = CARTESIAN_POINT ( 'NONE',  ( 0.1000000000000014488, 0.9199999999999975975, 0.07999999999999897471 ) ) ;
#3101 = EDGE_CURVE ( 'NONE', #158, #3738, #5573, .T. ) ;
#3102 = EDGE_LOOP ( 'NONE', ( #414, #7880, #5232, #4956 ) ) ;
#3103 = ORIENTED_EDGE ( 'NONE', *, *, #7518, .T. ) ;
#3104 = CARTESIAN_POINT ( 'NONE',  ( 2.765000000000000124, -1.780000000000000027, 0.1888888888888869966 ) ) ;
#3105 = EDGE_CURVE ( 'NONE', #458, #1365, #470, .T. ) ;
#3106 = EDGE_LOOP ( 'NONE', ( #3580, #4059, #2983, #3378 ) ) ;
#3107 = LINE ( 'NONE', #1845, #601 ) ;
#3108 = CARTESIAN_POINT ( 'NONE',  ( -0.8249999999999979572, 1.350000000000000089, 0.3100000000000010525 ) ) ;
#3109 = EDGE_CURVE ( 'NONE', #2683, #5511, #4294, .T. ) ;
#3110 = EDGE_CURVE ( 'NONE', #849, #6114, #4541, .T. ) ;
#3111 = ORIENTED_EDGE ( 'NONE', *, *, #230, .F. ) ;
#3112 = VECTOR ( 'NONE', #257, 999.9999999999998863 ) ;
#3113 = CARTESIAN_POINT ( 'NONE',  ( -3.265000000000000124, -1.649999999999999911, 0.1200000000000000094 ) ) ;
#3114 = FILL_AREA_STYLE ('',( #628 ) ) ;
#3115 = EDGE_CURVE ( 'NONE', #740, #6916, #55, .T. ) ;
#3116 = CARTESIAN_POINT ( 'NONE',  ( -41.67662438884190834, -0.02000000000000091982, 1.000000000000009548 ) ) ;
#3117 = CARTESIAN_POINT ( 'NONE',  ( -0.6749999999999980460, 1.299999999999990274, 0.04999999999999988481 ) ) ;
#3118 = DIRECTION ( 'NONE',  ( -1.000000000000000000, -1.144917494144693668E-16, 1.144917494144857357E-16 ) ) ;
#3119 = CARTESIAN_POINT ( 'NONE',  ( -3.265000000000000124, -1.649999999999999911, 0.1699999999999994293 ) ) ;
#3120 = CARTESIAN_POINT ( 'NONE',  ( -0.3249999999999980127, 0.9199999999999860512, -7.771561172376099727E-16 ) ) ;
#3121 = CARTESIAN_POINT ( 'NONE',  ( -2.325000000000000178, 1.249999999999990008, -4.440892098500630106E-16 ) ) ;
#3122 = DIRECTION ( 'NONE',  ( 2.289834988289389802E-16, -1.200639317332289951E-47, 1.000000000000000000 ) ) ;
#3123 = VERTEX_POINT ( 'NONE', #763 ) ;
#3124 = CARTESIAN_POINT ( 'NONE',  ( 0.8250000000000019540, 1.673724317761259961, 0.3099999999999981104 ) ) ;
#3125 = CARTESIAN_POINT ( 'NONE',  ( 3.270000000000000462, 0.8999999999999980238, 0.8400000000000079625 ) ) ;
#3126 = VECTOR ( 'NONE', #4692, 1000.000000000000000 ) ;
#3127 = VERTEX_POINT ( 'NONE', #1981 ) ;
#3128 = DIRECTION ( 'NONE',  ( -5.326143172335051625E-17, -1.000000000000000000, 5.326143172335119418E-17 ) ) ;
#3129 = DIRECTION ( 'NONE',  ( -0.7071067811865474617, -0.000000000000000000, 0.7071067811865474617 ) ) ;
#3130 = ORIENTED_EDGE ( 'NONE', *, *, #4993, .F. ) ;
#3131 = ORIENTED_EDGE ( 'NONE', *, *, #3063, .F. ) ;
#3132 = ORIENTED_EDGE ( 'NONE', *, *, #1874, .T. ) ;
#3133 = VECTOR ( 'NONE', #1020, 1000.000000000000000 ) ;
#3134 = VECTOR ( 'NONE', #6454, 1000.000000000000000 ) ;
#3135 = FILL_AREA_STYLE_COLOUR ( '', #7946 ) ;
#3136 = LINE ( 'NONE', #571, #6744 ) ;
#3137 = LINE ( 'NONE', #3850, #1795 ) ;
#3138 = ORIENTED_EDGE ( 'NONE', *, *, #231, .F. ) ;
#3139 = ORIENTED_EDGE ( 'NONE', *, *, #3614, .F. ) ;
#3140 = CARTESIAN_POINT ( 'NONE',  ( -1.550000000000000266, 0.9999999999999988898, 0.02999999999999769518 ) ) ;
#3141 = ORIENTED_EDGE ( 'NONE', *, *, #2504, .T. ) ;
#3142 = LINE ( 'NONE', #4364, #3411 ) ;
#3143 = AXIS2_PLACEMENT_3D ( 'NONE', #5946, #1523, #7731 ) ;
#3144 = DIRECTION ( 'NONE',  ( -0.7071067811865520136, 0.000000000000000000, -0.7071067811865431318 ) ) ;
#3145 = ADVANCED_FACE ( 'NONE', ( #3249 ), #6485, .T. ) ;
#3146 = UNCERTAINTY_MEASURE_WITH_UNIT (LENGTH_MEASURE( 1.000000000000000082E-05 ), #5201, 'distance_accuracy_value', 'NONE');
#3147 = VECTOR ( 'NONE', #4749, 1000.000000000000000 ) ;
#3148 = AXIS2_PLACEMENT_3D ( 'NONE', #6633, #201, #333 ) ;
#3149 = ORIENTED_EDGE ( 'NONE', *, *, #2834, .F. ) ;
#3150 = EDGE_CURVE ( 'NONE', #998, #4112, #1478, .T. ) ;
#3151 = CARTESIAN_POINT ( 'NONE',  ( -47.10249999999999915, 0.6999999999999990674, 0.03000000000000963007 ) ) ;
#3152 = FACE_OUTER_BOUND ( 'NONE', #3565, .T. ) ;
#3153 = CARTESIAN_POINT ( 'NONE',  ( 3.265000000000000124, -1.050000000000000044, 0.5099999999999980105 ) ) ;
#3154 = CARTESIAN_POINT ( 'NONE',  ( -0.9499999999999995115, 0.9999999999999988898, 0.02999999999999903091 ) ) ;
#3155 = CARTESIAN_POINT ( 'NONE',  ( -3.265000000000000124, -1.824999999999989964, 0.1700000000000000122 ) ) ;
#3156 = AXIS2_PLACEMENT_3D ( 'NONE', #7484, #1779, #1817 ) ;
#3157 = AXIS2_PLACEMENT_3D ( 'NONE', #951, #3510, #6042 ) ;
#3158 = EDGE_CURVE ( 'NONE', #7440, #4907, #6404, .T. ) ;
#3159 = EDGE_CURVE ( 'NONE', #1083, #6514, #7064, .T. ) ;
#3160 = VECTOR ( 'NONE', #314, 1000.000000000000000 ) ;
#3161 = FACE_OUTER_BOUND ( 'NONE', #2791, .T. ) ;
#3162 = EDGE_CURVE ( 'NONE', #504, #5267, #7101, .T. ) ;
#3163 = AXIS2_PLACEMENT_3D ( 'NONE', #2553, #1388, #2700 ) ;
#3164 = LINE ( 'NONE', #3788, #3792 ) ;
#3165 = AXIS2_PLACEMENT_3D ( 'NONE', #3224, #5674, #654 ) ;
#3166 = DIRECTION ( 'NONE',  ( 0.000000000000000000, 0.000000000000000000, -1.000000000000000000 ) ) ;
#3167 = DIRECTION ( 'NONE',  ( 0.000000000000000000, 1.000000000000000000, -2.289834988289389802E-16 ) ) ;
#3168 = VERTEX_POINT ( 'NONE', #845 ) ;
#3169 = CARTESIAN_POINT ( 'NONE',  ( -0.1749999999999980738, 0.9999999999999988898, 0.3099999999999982769 ) ) ;
#3170 = LINE ( 'NONE', #4934, #8200 ) ;
#3171 = CARTESIAN_POINT ( 'NONE',  ( 1.824999999999999956, 1.350000000000000089, 0.1099999999999979605 ) ) ;
#3172 = VECTOR ( 'NONE', #5855, 1000.000000000000000 ) ;
#3173 = VECTOR ( 'NONE', #3586, 1000.000000000000000 ) ;
#3174 = EDGE_CURVE ( 'NONE', #198, #404, #6524, .T. ) ;
#3175 = VECTOR ( 'NONE', #5944, 1000.000000000000000 ) ;
#3176 = VERTEX_POINT ( 'NONE', #2062 ) ;
#3177 = CARTESIAN_POINT ( 'NONE',  ( 3.265000000000000124, -1.100000000000000089, 0.5099999999999980105 ) ) ;
#3178 = LINE ( 'NONE', #8246, #2632 ) ;
#3179 = VERTEX_POINT ( 'NONE', #3407 ) ;
#3180 = ORIENTED_EDGE ( 'NONE', *, *, #6918, .T. ) ;
#3181 = ORIENTED_EDGE ( 'NONE', *, *, #1949, .T. ) ;
#3182 = VECTOR ( 'NONE', #5897, 1000.000000000000000 ) ;
#3183 = DIRECTION ( 'NONE',  ( 5.243344273594249610E-32, 1.000000000000000000, -1.200639317332292868E-47 ) ) ;
#3184 = CARTESIAN_POINT ( 'NONE',  ( 0.1750000000000009881, 1.299999999999994715, 0.1099999999999980160 ) ) ;
#3185 = DIRECTION ( 'NONE',  ( 1.000000000000000000, -0.000000000000000000, -2.289834988289389802E-16 ) ) ;
#3186 = ORIENTED_EDGE ( 'NONE', *, *, #2079, .F. ) ;
#3187 = ORIENTED_EDGE ( 'NONE', *, *, #7987, .T. ) ;
#3188 = ORIENTED_EDGE ( 'NONE', *, *, #1917, .T. ) ;
#3189 = DIRECTION ( 'NONE',  ( 1.000000000000000000, -0.000000000000000000, -2.289834988289389802E-16 ) ) ;
#3190 = CARTESIAN_POINT ( 'NONE',  ( -0.1749999999999979905, 0.9999999999999988898, 0.07866077735406400151 ) ) ;
#3191 = VECTOR ( 'NONE', #1472, 1000.000000000000000 ) ;
#3192 = ORIENTED_EDGE ( 'NONE', *, *, #4175, .F. ) ;
#3193 = DIRECTION ( 'NONE',  ( 1.000000000000000000, -5.243344273594249610E-32, -2.289834988289389802E-16 ) ) ;
#3194 = FACE_OUTER_BOUND ( 'NONE', #2767, .T. ) ;
#3195 = EDGE_CURVE ( 'NONE', #5720, #158, #3366, .T. ) ;
#3196 = LINE ( 'NONE', #3153, #5888 ) ;
#3197 = CIRCLE ( 'NONE', #4138, 0.05000000000000429101 ) ;
#3198 = DIRECTION ( 'NONE',  ( -0.000000000000000000, -1.065228634467009955E-16, -1.000000000000000000 ) ) ;
#3199 = CARTESIAN_POINT ( 'NONE',  ( -3.399999999999999467, 0.9999999999999986677, 0.3099999999999998868 ) ) ;
#3200 = ORIENTED_EDGE ( 'NONE', *, *, #1390, .T. ) ;
#3201 = EDGE_CURVE ( 'NONE', #59, #566, #1318, .T. ) ;
#3202 = VECTOR ( 'NONE', #2043, 1000.000000000000000 ) ;
#3203 = CARTESIAN_POINT ( 'NONE',  ( 2.325000000000000178, 0.9431866336109967497, 0.06541154699933740546 ) ) ;
#3204 = LINE ( 'NONE', #521, #159 ) ;
#3205 = CARTESIAN_POINT ( 'NONE',  ( -3.265000000000000124, -1.149999999999999911, 0.06782713613135760156 ) ) ;
#3206 = FACE_OUTER_BOUND ( 'NONE', #4902, .T. ) ;
#3207 = EDGE_CURVE ( 'NONE', #6949, #5451, #134, .T. ) ;
#3208 = ORIENTED_EDGE ( 'NONE', *, *, #5586, .T. ) ;
#3209 = DIRECTION ( 'NONE',  ( 2.289834988289389802E-16, -0.000000000000000000, 1.000000000000000000 ) ) ;
#3210 = EDGE_CURVE ( 'NONE', #1750, #6595, #5202, .T. ) ;
#3211 = LINE ( 'NONE', #6837, #1536 ) ;
#3212 = PLANE ( 'NONE',  #87 ) ;
#3213 = EDGE_CURVE ( 'NONE', #6847, #6125, #7816, .T. ) ;
#3214 = ORIENTED_EDGE ( 'NONE', *, *, #2582, .F. ) ;
#3215 = CARTESIAN_POINT ( 'NONE',  ( -0.8999999999999994671, 0.8499999999999999778, 0.07999999999999947431 ) ) ;
#3216 = DIRECTION ( 'NONE',  ( 0.000000000000000000, 2.289834988289389802E-16, 1.000000000000000000 ) ) ;
#3217 = ADVANCED_FACE ( 'NONE', ( #719 ), #221, .T. ) ;
#3218 = ORIENTED_EDGE ( 'NONE', *, *, #4580, .T. ) ;
#3219 = ORIENTED_EDGE ( 'NONE', *, *, #5752, .F. ) ;
#3220 = AXIS2_PLACEMENT_3D ( 'NONE', #868, #6051, #2224 ) ;
#3221 = ORIENTED_EDGE ( 'NONE', *, *, #1042, .F. ) ;
#3222 = EDGE_CURVE ( 'NONE', #7211, #6591, #4662, .T. ) ;
#3223 = CARTESIAN_POINT ( 'NONE',  ( -2.174999999999999822, 1.350000000000000089, 0.1099999999999990014 ) ) ;
#3224 = CARTESIAN_POINT ( 'NONE',  ( -0.3249999999999980127, 1.299999999999990274, 0.1099999999999990014 ) ) ;
#3225 = DIRECTION ( 'NONE',  ( -2.289834988289389802E-16, -1.065228634467009955E-16, -1.000000000000000000 ) ) ;
#3226 = VERTEX_POINT ( 'NONE', #7188 ) ;
#3227 = EDGE_LOOP ( 'NONE', ( #1255, #407, #1618, #2472, #3989, #4323, #319, #6492, #8016, #5971, #4144, #1330, #1629, #43, #93, #7465, #6087, #759 ) ) ;
#3228 = ORIENTED_EDGE ( 'NONE', *, *, #4478, .T. ) ;
#3229 = DIRECTION ( 'NONE',  ( 0.000000000000000000, -1.065228634467009955E-16, -1.000000000000000000 ) ) ;
#3230 = CARTESIAN_POINT ( 'NONE',  ( 3.102499999999999591, -1.749999999999999334, 0.6149999999999979927 ) ) ;
#3231 = ORIENTED_EDGE ( 'NONE', *, *, #1861, .F. ) ;
#3232 = CARTESIAN_POINT ( 'NONE',  ( -0.8249999999999979572, 1.299999999999990274, 0.04999999999999989869 ) ) ;
#3233 = LINE ( 'NONE', #5765, #7175 ) ;
#3234 = FACE_OUTER_BOUND ( 'NONE', #1913, .T. ) ;
#3235 = DIRECTION ( 'NONE',  ( 0.000000000000000000, 1.065228634467009955E-16, 1.000000000000000000 ) ) ;
#3236 = CARTESIAN_POINT ( 'NONE',  ( -3.270000000000000018, 1.649999999999999689, 0.3099999999999989986 ) ) ;
#3237 = VERTEX_POINT ( 'NONE', #1354 ) ;
#3238 = VECTOR ( 'NONE', #7737, 1000.000000000000341 ) ;
#3239 = LINE ( 'NONE', #3319, #5798 ) ;
#3240 = LINE ( 'NONE', #7755, #2326 ) ;
#3241 = CARTESIAN_POINT ( 'NONE',  ( -3.265000000000000124, -1.899999999999999911, 0.5200000000000000178 ) ) ;
#3242 = FACE_OUTER_BOUND ( 'NONE', #5843, .T. ) ;
#3243 = ORIENTED_EDGE ( 'NONE', *, *, #7214, .T. ) ;
#3244 = EDGE_CURVE ( 'NONE', #3080, #2211, #4504, .T. ) ;
#3245 = CARTESIAN_POINT ( 'NONE',  ( 3.265000000000000124, -1.899999999999999911, 0.8199999999999980638 ) ) ;
#3246 = DIRECTION ( 'NONE',  ( 0.7071067811865520136, -0.000000000000000000, 0.7071067811865431318 ) ) ;
#3247 = LINE ( 'NONE', #5200, #5036 ) ;
#3248 = EDGE_CURVE ( 'NONE', #1822, #5967, #3879, .T. ) ;
#3249 = FACE_OUTER_BOUND ( 'NONE', #60, .T. ) ;
#3250 = LINE ( 'NONE', #4129, #2670 ) ;
#3251 = DIRECTION ( 'NONE',  ( -0.7071067811865510144, 0.000000000000000000, 0.7071067811865441310 ) ) ;
#3252 = CARTESIAN_POINT ( 'NONE',  ( -0.6749999999999980460, 1.245779075397750235, -6.776263578034402713E-16 ) ) ;
#3253 = EDGE_CURVE ( 'NONE', #4933, #2321, #2665, .T. ) ;
#3254 = ORIENTED_EDGE ( 'NONE', *, *, #484, .T. ) ;
#3255 = ADVANCED_FACE ( 'NONE', ( #5333 ), #4136, .T. ) ;
#3256 = ORIENTED_EDGE ( 'NONE', *, *, #3405, .F. ) ;
#3257 = ORIENTED_EDGE ( 'NONE', *, *, #1870, .T. ) ;
#3258 = DIRECTION ( 'NONE',  ( 0.000000000000000000, 0.7071067811865417996, -0.7071067811865532349 ) ) ;
#3259 = EDGE_CURVE ( 'NONE', #7517, #4433, #6571, .T. ) ;
#3260 = CARTESIAN_POINT ( 'NONE',  ( -0.3249999999999980127, 0.9199999999999866063, 0.03619548911246095457 ) ) ;
#3261 = LINE ( 'NONE', #3768, #6710 ) ;
#3262 = ORIENTED_EDGE ( 'NONE', *, *, #6512, .T. ) ;
#3263 = EDGE_CURVE ( 'NONE', #4028, #6889, #214, .T. ) ;
#3264 = EDGE_LOOP ( 'NONE', ( #1397, #7106, #1442, #2805 ) ) ;
#3265 = AXIS2_PLACEMENT_3D ( 'NONE', #259, #2737, #2282 ) ;
#3266 = VERTEX_POINT ( 'NONE', #4709 ) ;
#3267 = LINE ( 'NONE', #75, #4746 ) ;
#3268 = CARTESIAN_POINT ( 'NONE',  ( -0.3999999999999993006, 0.9999999999999988898, 0.07999999999999925226 ) ) ;
#3269 = AXIS2_PLACEMENT_3D ( 'NONE', #6574, #902, #4590 ) ;
#3270 = VERTEX_POINT ( 'NONE', #4836 ) ;
#3271 = DIRECTION ( 'NONE',  ( 2.289834988289389802E-16, -0.000000000000000000, 1.000000000000000000 ) ) ;
#3272 = DIRECTION ( 'NONE',  ( 2.289834988289399663E-16, 2.289834988289376983E-16, 1.000000000000000000 ) ) ;
#3273 = COLOUR_RGB ( '',1.000000000000000000, 1.000000000000000000, 1.000000000000000000 ) ;
#3274 = FACE_OUTER_BOUND ( 'NONE', #5540, .T. ) ;
#3275 = CARTESIAN_POINT ( 'NONE',  ( -2.765000000000000124, -0.6000000000000009770, 0.4874554975804329948 ) ) ;
#3276 = ORIENTED_EDGE ( 'NONE', *, *, #1864, .F. ) ;
#3277 = AXIS2_PLACEMENT_3D ( 'NONE', #7897, #7279, #7989 ) ;
#3278 = VECTOR ( 'NONE', #2941, 1000.000000000000000 ) ;
#3279 = DIRECTION ( 'NONE',  ( 1.000000000000000000, 4.948562843061550213E-17, -2.177367650947074402E-16 ) ) ;
#3280 = DIRECTION ( 'NONE',  ( 0.000000000000000000, 0.000000000000000000, 1.000000000000000000 ) ) ;
#3281 = DIRECTION ( 'NONE',  ( -2.439197797730288502E-32, 1.000000000000000000, -1.065228634467009955E-16 ) ) ;
#3282 = CARTESIAN_POINT ( 'NONE',  ( 3.825000000000000178, 0.9999999999999988898, 0.3099999999999979994 ) ) ;
#3283 = EDGE_LOOP ( 'NONE', ( #6739, #235, #4913, #4610 ) ) ;
#3284 = DIRECTION ( 'NONE',  ( 0.000000000000000000, 1.065228634467009955E-16, 1.000000000000000000 ) ) ;
#3285 = CARTESIAN_POINT ( 'NONE',  ( 3.219999999999999751, 0.5100000000000000089, 0.9399999999999987255 ) ) ;
#3286 = FACE_OUTER_BOUND ( 'NONE', #6974, .T. ) ;
#3287 = VECTOR ( 'NONE', #399, 1000.000000000000000 ) ;
#3288 = AXIS2_PLACEMENT_3D ( 'NONE', #6141, #3699, #506 ) ;
#3289 = CARTESIAN_POINT ( 'NONE',  ( 3.102500000000000036, -1.000000000000000000, 0.4028473352920770023 ) ) ;
#3290 = CARTESIAN_POINT ( 'NONE',  ( 0.6750000000000010436, 1.299999999999990274, 0.04999999999999960032 ) ) ;
#3291 = LINE ( 'NONE', #4003, #5005 ) ;
#3292 = DIRECTION ( 'NONE',  ( -2.439197797730288502E-32, 1.000000000000000000, -1.065228634467009955E-16 ) ) ;
#3293 = ORIENTED_EDGE ( 'NONE', *, *, #843, .T. ) ;
#3294 = FACE_OUTER_BOUND ( 'NONE', #7842, .T. ) ;
#3295 = VERTEX_POINT ( 'NONE', #4093 ) ;
#3296 = VECTOR ( 'NONE', #212, 1000.000000000000000 ) ;
#3297 = VERTEX_POINT ( 'NONE', #6616 ) ;
#3298 = EDGE_CURVE ( 'NONE', #6620, #6453, #6656, .T. ) ;
#3299 = CYLINDRICAL_SURFACE ( 'NONE', #3971, 0.05000000000000071054 ) ;
#3300 = EDGE_CURVE ( 'NONE', #4091, #368, #7905, .T. ) ;
#3301 = ORIENTED_EDGE ( 'NONE', *, *, #8044, .T. ) ;
#3302 = DIRECTION ( 'NONE',  ( 5.243344273594249610E-32, 1.000000000000000000, -1.200639317332292868E-47 ) ) ;
#3303 = ORIENTED_EDGE ( 'NONE', *, *, #6652, .T. ) ;
#3304 = CIRCLE ( 'NONE', #7956, 0.05000000000000070360 ) ;
#3305 = VERTEX_POINT ( 'NONE', #7364 ) ;
#3306 = ORIENTED_EDGE ( 'NONE', *, *, #5887, .F. ) ;
#3307 = LINE ( 'NONE', #5800, #854 ) ;
#3308 = ADVANCED_FACE ( 'NONE', ( #3415 ), #3544, .F. ) ;
#3309 = CARTESIAN_POINT ( 'NONE',  ( -3.299999999999999822, 0.6948629999999990092, 1.000000000000000000 ) ) ;
#3310 = ADVANCED_FACE ( 'NONE', ( #3459 ), #5420, .T. ) ;
#3311 = ORIENTED_EDGE ( 'NONE', *, *, #7822, .T. ) ;
#3312 = CARTESIAN_POINT ( 'NONE',  ( -2.050000000000002043, 0.9999999999999988898, 0.02999999999999815661 ) ) ;
#3313 = CARTESIAN_POINT ( 'NONE',  ( 3.299999999999999822, -1.000000000000000000, 0.8199999999999979527 ) ) ;
#3314 = EDGE_CURVE ( 'NONE', #6021, #687, #6079, .T. ) ;
#3315 = DIRECTION ( 'NONE',  ( -1.619157848017760137E-16, 0.7071067811864969466, -0.7071067811865980879 ) ) ;
#3316 = ADVANCED_FACE ( 'NONE', ( #2160 ), #229, .F. ) ;
#3317 = DIRECTION ( 'NONE',  ( 0.7071067811865414665, 0.7071067811865536790, 0.000000000000000000 ) ) ;
#3318 = ORIENTED_EDGE ( 'NONE', *, *, #4827, .F. ) ;
#3319 = CARTESIAN_POINT ( 'NONE',  ( -2.174999999999999822, 0.9199999999999860512, 0.03619548911246139866 ) ) ;
#3320 = PLANE ( 'NONE',  #8039 ) ;
#3321 = AXIS2_PLACEMENT_3D ( 'NONE', #8234, #557, #6245 ) ;
#3322 = CARTESIAN_POINT ( 'NONE',  ( -3.102500000000000036, -0.8000000000000020428, 0.1799999999999999656 ) ) ;
#3323 = FACE_OUTER_BOUND ( 'NONE', #7604, .T. ) ;
#3324 = ORIENTED_EDGE ( 'NONE', *, *, #7419, .F. ) ;
#3325 = SURFACE_STYLE_FILL_AREA ( #5233 ) ;
#3326 = DIRECTION ( 'NONE',  ( -1.619157848017760137E-16, 0.7071067811864969466, -0.7071067811865980879 ) ) ;
#3327 = CARTESIAN_POINT ( 'NONE',  ( -0.1749999999999979905, 0.9999999999999988898, 0.1705002310154649925 ) ) ;
#3328 = DIRECTION ( 'NONE',  ( 0.000000000000000000, 0.000000000000000000, -1.000000000000000000 ) ) ;
#3329 = CIRCLE ( 'NONE', #6128, 0.05000000000000430489 ) ;
#3330 = CARTESIAN_POINT ( 'NONE',  ( -0.8249999999999979572, 0.9999999999999988898, 0.07866077735406419580 ) ) ;
#3331 = CARTESIAN_POINT ( 'NONE',  ( 0.3250000000000019540, 1.245779075397750235, -1.002887009549091601E-15 ) ) ;
#3332 = DIRECTION ( 'NONE',  ( 0.000000000000000000, 1.065228634467009955E-16, 1.000000000000000000 ) ) ;
#3333 = CARTESIAN_POINT ( 'NONE',  ( 4.325000000000000178, 0.9999999999999988898, 0.07999999999999869715 ) ) ;
#3334 = EDGE_LOOP ( 'NONE', ( #725, #2894, #5106, #4650 ) ) ;
#3335 = DIRECTION ( 'NONE',  ( -2.289834988289389802E-16, 0.000000000000000000, -1.000000000000000000 ) ) ;
#3336 = ORIENTED_EDGE ( 'NONE', *, *, #7208, .T. ) ;
#3337 = ORIENTED_EDGE ( 'NONE', *, *, #4889, .T. ) ;
#3338 = CARTESIAN_POINT ( 'NONE',  ( -2.174999999999999822, 0.9999999999999988898, 0.3099999999999989431 ) ) ;
#3339 = ORIENTED_EDGE ( 'NONE', *, *, #1552, .F. ) ;
#3340 = DIRECTION ( 'NONE',  ( 1.000000000000000000, -5.243344273594249610E-32, -2.289834988289389802E-16 ) ) ;
#3341 = ORIENTED_EDGE ( 'NONE', *, *, #6397, .T. ) ;
#3342 = ORIENTED_EDGE ( 'NONE', *, *, #3052, .T. ) ;
#3343 = EDGE_LOOP ( 'NONE', ( #3141, #1211, #5095, #7848, #6703, #372, #457, #828, #2437, #6536, #7593 ) ) ;
#3344 = EDGE_CURVE ( 'NONE', #1899, #970, #4800, .T. ) ;
#3345 = DIRECTION ( 'NONE',  ( -2.289834988289389802E-16, 0.000000000000000000, -1.000000000000000000 ) ) ;
#3346 = LINE ( 'NONE', #2130, #8208 ) ;
#3347 = AXIS2_PLACEMENT_3D ( 'NONE', #4202, #5400, #4737 ) ;
#3348 = ADVANCED_FACE ( 'NONE', ( #7286 ), #2337, .F. ) ;
#3349 = ORIENTED_EDGE ( 'NONE', *, *, #4844, .F. ) ;
#3350 = DIRECTION ( 'NONE',  ( -2.439197797730288502E-32, 1.000000000000000000, -1.065228634467009955E-16 ) ) ;
#3351 = CARTESIAN_POINT ( 'NONE',  ( 1.824999999999999956, 0.9999999999999988898, 0.3099999999999979994 ) ) ;
#3352 = EDGE_CURVE ( 'NONE', #702, #458, #270, .T. ) ;
#3353 = DIRECTION ( 'NONE',  ( -2.289834988289389802E-16, -2.289834988289389802E-16, -1.000000000000000000 ) ) ;
#3354 = LINE ( 'NONE', #291, #1114 ) ;
#3355 = ORIENTED_EDGE ( 'NONE', *, *, #4983, .F. ) ;
#3356 = CARTESIAN_POINT ( 'NONE',  ( 0.1750000000000009881, 0.9999999999999988898, 0.07866077735406400151 ) ) ;
#3357 = EDGE_CURVE ( 'NONE', #4886, #687, #2832, .T. ) ;
#3358 = DIRECTION ( 'NONE',  ( 5.243344273594270410E-32, -1.000000000000000000, 2.289834988289389802E-16 ) ) ;
#3359 = LINE ( 'NONE', #7139, #6375 ) ;
#3360 = PLANE ( 'NONE',  #5689 ) ;
#3361 = VERTEX_POINT ( 'NONE', #4757 ) ;
#3362 = CARTESIAN_POINT ( 'NONE',  ( 3.500000000000000000, -0.8000000000000010436, 0.1799999999999979672 ) ) ;
#3363 = CARTESIAN_POINT ( 'NONE',  ( -41.67662438884190834, -1.899999999999999911, 1.000000000000009992 ) ) ;
#3364 = DIRECTION ( 'NONE',  ( 1.000000000000000000, -5.243344273594249610E-32, -2.289834988289389802E-16 ) ) ;
#3365 = VECTOR ( 'NONE', #2422, 1000.000000000000000 ) ;
#3366 = LINE ( 'NONE', #3330, #5313 ) ;
#3367 = FACE_OUTER_BOUND ( 'NONE', #3057, .T. ) ;
#3368 = FILL_AREA_STYLE_COLOUR ( '', #3273 ) ;
#3369 = CARTESIAN_POINT ( 'NONE',  ( -0.6749999999999980460, 1.249999999999990008, -7.860465750519907147E-16 ) ) ;
#3370 = VERTEX_POINT ( 'NONE', #402 ) ;
#3371 = FACE_OUTER_BOUND ( 'NONE', #7330, .T. ) ;
#3372 = ORIENTED_EDGE ( 'NONE', *, *, #5955, .F. ) ;
#3373 = VECTOR ( 'NONE', #5882, 1000.000000000000114 ) ;
#3374 = VERTEX_POINT ( 'NONE', #3498 ) ;
#3375 = LINE ( 'NONE', #2634, #4249 ) ;
#3376 = ORIENTED_EDGE ( 'NONE', *, *, #1492, .T. ) ;
#3377 = DIRECTION ( 'NONE',  ( 2.289834988289389802E-16, -0.000000000000000000, 1.000000000000000000 ) ) ;
#3378 = ORIENTED_EDGE ( 'NONE', *, *, #2292, .F. ) ;
#3379 = VERTEX_POINT ( 'NONE', #4048 ) ;
#3380 = ORIENTED_EDGE ( 'NONE', *, *, #7584, .F. ) ;
#3381 = VECTOR ( 'NONE', #5619, 1000.000000000000000 ) ;
#3382 = DIRECTION ( 'NONE',  ( 0.000000000000000000, 0.000000000000000000, 1.000000000000000000 ) ) ;
#3383 = LINE ( 'NONE', #194, #747 ) ;
#3384 = AXIS2_PLACEMENT_3D ( 'NONE', #3568, #2478, #6144 ) ;
#3385 = VERTEX_POINT ( 'NONE', #1486 ) ;
#3386 = DIRECTION ( 'NONE',  ( 0.7071067811865520136, -0.000000000000000000, 0.7071067811865431318 ) ) ;
#3387 = CARTESIAN_POINT ( 'NONE',  ( -2.400000000000001688, 0.8499999999999989786, 0.07999999999999772571 ) ) ;
#3388 = ADVANCED_BREP_SHAPE_REPRESENTATION ( 'FH34SRJ-10S-0.5SH(99)', ( #4747, #8125 ), #3077 ) ;
#3389 = DIRECTION ( 'NONE',  ( -2.289834988289389802E-16, 0.000000000000000000, -1.000000000000000000 ) ) ;
#3390 = EDGE_CURVE ( 'NONE', #2278, #4966, #6034, .T. ) ;
#3391 = LINE ( 'NONE', #2228, #1912 ) ;
#3392 = ORIENTED_EDGE ( 'NONE', *, *, #5395, .T. ) ;
#3393 = VECTOR ( 'NONE', #252, 1000.000000000000000 ) ;
#3394 = EDGE_CURVE ( 'NONE', #6632, #5866, #7323, .T. ) ;
#3395 = VECTOR ( 'NONE', #3386, 999.9999999999998863 ) ;
#3396 = DIRECTION ( 'NONE',  ( 2.289834988289389802E-16, -0.000000000000000000, 1.000000000000000000 ) ) ;
#3397 = DIRECTION ( 'NONE',  ( 0.000000000000000000, 1.065228634467009955E-16, 1.000000000000000000 ) ) ;
#3398 = DIRECTION ( 'NONE',  ( -1.000000000000000000, 0.000000000000000000, -0.000000000000000000 ) ) ;
#3399 = CARTESIAN_POINT ( 'NONE',  ( -0.8249999999999979572, 0.9199999999999868283, -6.856147594103133023E-16 ) ) ;
#3400 = ORIENTED_EDGE ( 'NONE', *, *, #7276, .F. ) ;
#3401 = LINE ( 'NONE', #5820, #1890 ) ;
#3402 = EDGE_CURVE ( 'NONE', #4922, #7428, #3680, .T. ) ;
#3403 = LINE ( 'NONE', #5937, #3932 ) ;
#3404 = DIRECTION ( 'NONE',  ( 1.000000000000000000, -5.243344273594249610E-32, -2.289834988289389802E-16 ) ) ;
#3405 = EDGE_CURVE ( 'NONE', #141, #6939, #4877, .T. ) ;
#3406 = ADVANCED_FACE ( 'NONE', ( #5624 ), #1745, .T. ) ;
#3407 = CARTESIAN_POINT ( 'NONE',  ( -0.1749999999999979905, 1.299999999999990274, 0.04999999999999959338 ) ) ;
#3408 = DIRECTION ( 'NONE',  ( 0.000000000000000000, 0.7071067811865980879, 0.7071067811864969466 ) ) ;
#3409 = DIRECTION ( 'NONE',  ( -1.000000000000000000, -1.015698121961848388E-17, 2.285320774414003636E-16 ) ) ;
#3410 = PLANE ( 'NONE',  #609 ) ;
#3411 = VECTOR ( 'NONE', #1179, 1000.000000000000114 ) ;
#3412 = ORIENTED_EDGE ( 'NONE', *, *, #1207, .T. ) ;
#3413 = PLANE ( 'NONE',  #4895 ) ;
#3414 = ORIENTED_EDGE ( 'NONE', *, *, #6046, .F. ) ;
#3415 = FACE_OUTER_BOUND ( 'NONE', #7432, .T. ) ;
#3416 = EDGE_CURVE ( 'NONE', #2098, #4049, #1073, .T. ) ;
#3417 = VECTOR ( 'NONE', #886, 1000.000000000000000 ) ;
#3418 = EDGE_LOOP ( 'NONE', ( #2223, #7662, #7022, #7361, #4954 ) ) ;
#3419 = VECTOR ( 'NONE', #6912, 1000.000000000000000 ) ;
#3420 = PLANE ( 'NONE',  #7936 ) ;
#3421 = ORIENTED_EDGE ( 'NONE', *, *, #1352, .F. ) ;
#3422 = VERTEX_POINT ( 'NONE', #7530 ) ;
#3423 = CIRCLE ( 'NONE', #4100, 0.02999999999999989828 ) ;
#3424 = ORIENTED_EDGE ( 'NONE', *, *, #346, .F. ) ;
#3425 = CARTESIAN_POINT ( 'NONE',  ( -47.10249999999999915, 0.6999999999999990674, 0.03000000000000963007 ) ) ;
#3426 = DIRECTION ( 'NONE',  ( -2.289834988289389802E-16, 0.000000000000000000, -1.000000000000000000 ) ) ;
#3427 = AXIS2_PLACEMENT_3D ( 'NONE', #5788, #7071, #7777 ) ;
#3428 = VECTOR ( 'NONE', #3660, 999.9999999999998863 ) ;
#3429 = VERTEX_POINT ( 'NONE', #526 ) ;
#3430 = CARTESIAN_POINT ( 'NONE',  ( 3.500000000000000000, 0.9999999999999988898, 0.07999999999999760081 ) ) ;
#3431 = ORIENTED_EDGE ( 'NONE', *, *, #2852, .T. ) ;
#3432 = DIRECTION ( 'NONE',  ( -2.289834988289389802E-16, 1.200639317332289951E-47, -1.000000000000000000 ) ) ;
#3433 = APPLICATION_PROTOCOL_DEFINITION ( 'draft international standard', 'automotive_design', 1998, #6343 ) ;
#3434 = ORIENTED_EDGE ( 'NONE', *, *, #3195, .F. ) ;
#3435 = CARTESIAN_POINT ( 'NONE',  ( -3.265000000000000124, -1.749999999999991562, 0.4200000000000000400 ) ) ;
#3436 = CARTESIAN_POINT ( 'NONE',  ( -2.174999999999999822, 1.249999999999988898, 1.011922027653137735E-15 ) ) ;
#3437 = ORIENTED_EDGE ( 'NONE', *, *, #7468, .F. ) ;
#3438 = EDGE_CURVE ( 'NONE', #3845, #1247, #5662, .T. ) ;
#3439 = ORIENTED_EDGE ( 'NONE', *, *, #5502, .F. ) ;
#3440 = CARTESIAN_POINT ( 'NONE',  ( -0.1749999999999979905, 0.9199999999999868283, -8.786316581706659134E-16 ) ) ;
#3441 = FACE_OUTER_BOUND ( 'NONE', #6422, .T. ) ;
#3442 = DIRECTION ( 'NONE',  ( -1.000000000000000000, 5.243344273594249610E-32, 2.289834988289389802E-16 ) ) ;
#3443 = CARTESIAN_POINT ( 'NONE',  ( 3.270000000000000018, 1.673724317761259961, 0.3099999999999975553 ) ) ;
#3444 = VERTEX_POINT ( 'NONE', #6941 ) ;
#3445 = LINE ( 'NONE', #4823, #2573 ) ;
#3446 = DIRECTION ( 'NONE',  ( 1.000000000000000000, 4.948562843061550213E-17, -2.177367650947074402E-16 ) ) ;
#3447 = LINE ( 'NONE', #4167, #2047 ) ;
#3448 = EDGE_CURVE ( 'NONE', #7648, #2041, #5000, .T. ) ;
#3449 = FACE_OUTER_BOUND ( 'NONE', #4668, .T. ) ;
#3450 = ADVANCED_FACE ( 'NONE', ( #3794 ), #1112, .T. ) ;
#3451 = CARTESIAN_POINT ( 'NONE',  ( 3.265000000000000124, -1.100000000000000089, 0.3978428499183340183 ) ) ;
#3452 = DIRECTION ( 'NONE',  ( 2.289834988289389802E-16, -0.000000000000000000, 1.000000000000000000 ) ) ;
#3453 = CARTESIAN_POINT ( 'NONE',  ( -3.102500000000000924, -1.750000000000000000, 1.000000000000001110 ) ) ;
#3454 = LINE ( 'NONE', #57, #6607 ) ;
#3455 = EDGE_CURVE ( 'NONE', #5122, #849, #3304, .T. ) ;
#3456 = ORIENTED_EDGE ( 'NONE', *, *, #2397, .F. ) ;
#3457 = CARTESIAN_POINT ( 'NONE',  ( 3.265000000000000124, -1.600000000000000089, 0.1199999999999979833 ) ) ;
#3458 = CARTESIAN_POINT ( 'NONE',  ( -1.175000000000000266, 1.673724317761259961, 0.3099999999999986100 ) ) ;
#3459 = FACE_OUTER_BOUND ( 'NONE', #313, .T. ) ;
#3460 = EDGE_CURVE ( 'NONE', #3444, #2970, #4965, .T. ) ;
#3461 = VECTOR ( 'NONE', #1893, 1000.000000000000000 ) ;
#3462 = EDGE_CURVE ( 'NONE', #810, #4949, #1784, .T. ) ;
#3463 = AXIS2_PLACEMENT_3D ( 'NONE', #7595, #1730, #4330 ) ;
#3464 = ORIENTED_EDGE ( 'NONE', *, *, #6761, .F. ) ;
#3465 = LINE ( 'NONE', #7781, #3134 ) ;
#3466 = ORIENTED_EDGE ( 'NONE', *, *, #5185, .F. ) ;
#3467 = ORIENTED_EDGE ( 'NONE', *, *, #6160, .F. ) ;
#3468 = ORIENTED_EDGE ( 'NONE', *, *, #7201, .F. ) ;
#3469 = CARTESIAN_POINT ( 'NONE',  ( 6.584999999999999964, -0.6000000000000009770, 0.3299999999999970179 ) ) ;
#3470 = PLANE ( 'NONE',  #4894 ) ;
#3471 = EDGE_LOOP ( 'NONE', ( #7585, #7537, #4276, #8000 ) ) ;
#3472 = ORIENTED_EDGE ( 'NONE', *, *, #1215, .F. ) ;
#3473 = DIRECTION ( 'NONE',  ( -1.000000000000000000, 5.243344273594249610E-32, 2.289834988289389802E-16 ) ) ;
#3474 = DIRECTION ( 'NONE',  ( -1.000000000000000000, 0.000000000000000000, 2.289834988289389802E-16 ) ) ;
#3475 = ORIENTED_EDGE ( 'NONE', *, *, #3394, .F. ) ;
#3476 = CARTESIAN_POINT ( 'NONE',  ( -2.952500000000000124, -1.899999999999999911, 0.02999999999999970399 ) ) ;
#3477 = VECTOR ( 'NONE', #2848, 1000.000000000000000 ) ;
#3478 = DIRECTION ( 'NONE',  ( 2.289834988289389802E-16, -0.000000000000000000, 1.000000000000000000 ) ) ;
#3479 = ORIENTED_EDGE ( 'NONE', *, *, #4827, .T. ) ;
#3480 = VECTOR ( 'NONE', #4264, 1000.000000000000114 ) ;
#3481 = EDGE_LOOP ( 'NONE', ( #4425, #5875, #5919, #2334, #7262, #5796, #2259, #426 ) ) ;
#3482 = FACE_OUTER_BOUND ( 'NONE', #3643, .T. ) ;
#3483 = CARTESIAN_POINT ( 'NONE',  ( 2.764999999999998348, -0.7000000000000008438, 0.6899999999999978373 ) ) ;
#3484 = LINE ( 'NONE', #4253, #7972 ) ;
#3485 = DIRECTION ( 'NONE',  ( -0.7071067811865520136, 0.000000000000000000, -0.7071067811865431318 ) ) ;
#3486 = ORIENTED_EDGE ( 'NONE', *, *, #7047, .T. ) ;
#3487 = LINE ( 'NONE', #1515, #151 ) ;
#3488 = CARTESIAN_POINT ( 'NONE',  ( 2.325000000000000178, 0.9999999999999988898, 0.1705002310154639933 ) ) ;
#3489 = LINE ( 'NONE', #1562, #4995 ) ;
#3490 = LINE ( 'NONE', #7354, #3571 ) ;
#3491 = LINE ( 'NONE', #4263, #6992 ) ;
#3492 = LINE ( 'NONE', #1025, #6004 ) ;
#3493 = DIRECTION ( 'NONE',  ( 1.000000000000000000, -0.000000000000000000, -2.289834988289389802E-16 ) ) ;
#3494 = PLANE ( 'NONE',  #6348 ) ;
#3495 = VERTEX_POINT ( 'NONE', #5705 ) ;
#3496 = CARTESIAN_POINT ( 'NONE',  ( -3.265000000000000124, -1.649999999999999911, 0.1200000000000000094 ) ) ;
#3497 = CARTESIAN_POINT ( 'NONE',  ( -3.500000000000000000, 0.9999999999999988898, 0.07999999999999950206 ) ) ;
#3498 = CARTESIAN_POINT ( 'NONE',  ( -3.115000000000000213, -1.899999999999999911, 0.5200000000000001288 ) ) ;
#3499 = AXIS2_PLACEMENT_3D ( 'NONE', #4176, #5501, #4219 ) ;
#3500 = ADVANCED_FACE ( 'NONE', ( #2460 ), #6868, .T. ) ;
#3501 = EDGE_CURVE ( 'NONE', #7824, #3606, #1825, .T. ) ;
#3502 = EDGE_CURVE ( 'NONE', #2750, #740, #8080, .T. ) ;
#3503 = VECTOR ( 'NONE', #349, 1000.000000000000000 ) ;
#3504 = ORIENTED_EDGE ( 'NONE', *, *, #5653, .T. ) ;
#3505 = CARTESIAN_POINT ( 'NONE',  ( 3.400000000000000355, 0.9999999999999988898, 0.9999999999999988898 ) ) ;
#3507 = ORIENTED_EDGE ( 'NONE', *, *, #691, .T. ) ;
#3506 = VERTEX_POINT ( 'NONE', #561 ) ;
#3508 = VERTEX_POINT ( 'NONE', #3125 ) ;
#3509 = ORIENTED_EDGE ( 'NONE', *, *, #2075, .F. ) ;
#3510 = DIRECTION ( 'NONE',  ( 1.000000000000000000, -5.243344273594249610E-32, -2.289834988289389802E-16 ) ) ;
#3511 = CARTESIAN_POINT ( 'NONE',  ( 3.500000000000000000, -1.000000000000000000, 0.3299999999999979616 ) ) ;
#3512 = ADVANCED_FACE ( 'NONE', ( #5043 ), #1863, .T. ) ;
#3513 = EDGE_CURVE ( 'NONE', #2717, #5516, #4269, .T. ) ;
#3514 = EDGE_CURVE ( 'NONE', #1319, #4764, #6169, .T. ) ;
#3515 = VERTEX_POINT ( 'NONE', #7607 ) ;
#3516 = ORIENTED_EDGE ( 'NONE', *, *, #3867, .F. ) ;
#3517 = CARTESIAN_POINT ( 'NONE',  ( -3.265000000000000124, -1.149999999999999911, 0.06782713613135760156 ) ) ;
#3518 = DIRECTION ( 'NONE',  ( 5.243344273594249610E-32, 1.000000000000000000, -1.200639317332292868E-47 ) ) ;
#3519 = VERTEX_POINT ( 'NONE', #802 ) ;
#3520 = DIRECTION ( 'NONE',  ( 5.243344273594270410E-32, -1.000000000000000000, 2.289834988289389802E-16 ) ) ;
#3521 = CARTESIAN_POINT ( 'NONE',  ( 3.245000000000000107, 1.603724317761259899, 0.9149999999999980371 ) ) ;
#3522 = ORIENTED_EDGE ( 'NONE', *, *, #4061, .F. ) ;
#3523 = EDGE_CURVE ( 'NONE', #4105, #1671, #7725, .T. ) ;
#3524 = AXIS2_PLACEMENT_3D ( 'NONE', #1466, #4649, #2772 ) ;
#3525 = ORIENTED_EDGE ( 'NONE', *, *, #7660, .T. ) ;
#3526 = CARTESIAN_POINT ( 'NONE',  ( -0.1749999999999980738, 1.673724317761259961, 0.3099999999999983324 ) ) ;
#3527 = CARTESIAN_POINT ( 'NONE',  ( 1.824999999999999956, 0.9999999999999988898, 0.07866077735406343252 ) ) ;
#3528 = DIRECTION ( 'NONE',  ( 0.000000000000000000, -4.336808689941645394E-15, 1.000000000000000000 ) ) ;
#3529 = CARTESIAN_POINT ( 'NONE',  ( -0.6749999999999980460, 0.9499999999999869660, 0.03619548911246106560 ) ) ;
#3530 = ORIENTED_EDGE ( 'NONE', *, *, #3460, .T. ) ;
#3531 = ORIENTED_EDGE ( 'NONE', *, *, #6259, .F. ) ;
#3532 = DIRECTION ( 'NONE',  ( 1.000000000000000000, -5.243344273594249610E-32, -2.289834988289389802E-16 ) ) ;
#3533 = VECTOR ( 'NONE', #1144, 1000.000000000000000 ) ;
#3534 = PLANE ( 'NONE',  #6871 ) ;
#3535 = DIRECTION ( 'NONE',  ( 0.000000000000000000, 0.000000000000000000, -1.000000000000000000 ) ) ;
#3536 = LINE ( 'NONE', #5325, #7417 ) ;
#3537 = LINE ( 'NONE', #6162, #4604 ) ;
#3538 = DIRECTION ( 'NONE',  ( 1.000000000000000000, -5.243344273594249610E-32, -2.289834988289389802E-16 ) ) ;
#3539 = PLANE ( 'NONE',  #240 ) ;
#3540 = FACE_OUTER_BOUND ( 'NONE', #7438, .T. ) ;
#3541 = EDGE_LOOP ( 'NONE', ( #3303, #2070, #81, #5785 ) ) ;
#3542 = CARTESIAN_POINT ( 'NONE',  ( 2.825000000000000178, 0.9999999999999988898, 0.3099999999999979994 ) ) ;
#3543 = VECTOR ( 'NONE', #4685, 999.9999999999998863 ) ;
#3544 = PLANE ( 'NONE',  #4502 ) ;
#3545 = VECTOR ( 'NONE', #3279, 1000.000000000000000 ) ;
#3546 = AXIS2_PLACEMENT_3D ( 'NONE', #8013, #5392, #1675 ) ;
#3547 = ORIENTED_EDGE ( 'NONE', *, *, #3868, .T. ) ;
#3548 = CARTESIAN_POINT ( 'NONE',  ( -1.175000000000000044, 1.350000000000000089, 0.1599999999999993372 ) ) ;
#3550 = VERTEX_POINT ( 'NONE', #2663 ) ;
#3549 = VERTEX_POINT ( 'NONE', #132 ) ;
#3551 = ORIENTED_EDGE ( 'NONE', *, *, #6707, .T. ) ;
#3552 = ORIENTED_EDGE ( 'NONE', *, *, #2977, .T. ) ;
#3553 = CARTESIAN_POINT ( 'NONE',  ( 2.174999999999999822, 1.249999999999990008, -1.776356839400250070E-15 ) ) ;
#3554 = AXIS2_PLACEMENT_3D ( 'NONE', #192, #238, #7333 ) ;
#3555 = CARTESIAN_POINT ( 'NONE',  ( -3.220000000000000639, 0.5100000000000000089, 0.9400000000000002798 ) ) ;
#3556 = EDGE_CURVE ( 'NONE', #2619, #8126, #4539, .T. ) ;
#3557 = VECTOR ( 'NONE', #1321, 999.9999999999998863 ) ;
#3558 = VECTOR ( 'NONE', #412, 1000.000000000000000 ) ;
#3559 = CIRCLE ( 'NONE', #5149, 0.05000000000000070360 ) ;
#3560 = ORIENTED_EDGE ( 'NONE', *, *, #7100, .F. ) ;
#3561 = ORIENTED_EDGE ( 'NONE', *, *, #2247, .F. ) ;
#3562 = CARTESIAN_POINT ( 'NONE',  ( 3.220000000000000195, 1.899999999999999689, 0.9399999999999982814 ) ) ;
#3563 = CARTESIAN_POINT ( 'NONE',  ( -47.10249999999999915, 0.9999999999999988898, 0.03000000000000959885 ) ) ;
#3564 = ADVANCED_FACE ( 'NONE', ( #2056 ), #3212, .T. ) ;
#3565 = EDGE_LOOP ( 'NONE', ( #2538, #5713, #5850, #6728, #7876, #5189, #6398, #332, #4591, #8112 ) ) ;
#3566 = CARTESIAN_POINT ( 'NONE',  ( 0.5749999999999999556, 0.9999999999999988898, 0.05499999999999879291 ) ) ;
#3567 = AXIS2_PLACEMENT_3D ( 'NONE', #5040, #7565, #5659 ) ;
#3568 = CARTESIAN_POINT ( 'NONE',  ( 2.325000000000000178, 0.9499999999999869660, 0.03619548911246006639 ) ) ;
#3569 = VERTEX_POINT ( 'NONE', #3876 ) ;
#3570 = EDGE_CURVE ( 'NONE', #4243, #5219, #1272, .T. ) ;
#3571 = VECTOR ( 'NONE', #4040, 1000.000000000000000 ) ;
#3572 = VECTOR ( 'NONE', #2022, 1000.000000000000000 ) ;
#3573 = EDGE_CURVE ( 'NONE', #2347, #6924, #6436, .T. ) ;
#3574 = VERTEX_POINT ( 'NONE', #1351 ) ;
#3575 = LINE ( 'NONE', #3483, #6146 ) ;
#3576 = PLANE ( 'NONE',  #3601 ) ;
#3577 = CARTESIAN_POINT ( 'NONE',  ( 0.6750000000000011546, 0.9999999999999988898, 0.3099999999999984990 ) ) ;
#3578 = EDGE_CURVE ( 'NONE', #6175, #6624, #1387, .T. ) ;
#3579 = ORIENTED_EDGE ( 'NONE', *, *, #4580, .F. ) ;
#3580 = ORIENTED_EDGE ( 'NONE', *, *, #890, .T. ) ;
#3581 = VECTOR ( 'NONE', #2502, 1000.000000000000000 ) ;
#3582 = DIRECTION ( 'NONE',  ( 0.000000000000000000, 0.000000000000000000, -1.000000000000000000 ) ) ;
#3583 = VERTEX_POINT ( 'NONE', #6522 ) ;
#3584 = LINE ( 'NONE', #2281, #1146 ) ;
#3585 = DIRECTION ( 'NONE',  ( 1.000000000000000000, -0.000000000000000000, -2.289834988289389802E-16 ) ) ;
#3586 = DIRECTION ( 'NONE',  ( -5.326143172335051625E-17, -1.000000000000000000, 5.326143172335119418E-17 ) ) ;
#3587 = DIRECTION ( 'NONE',  ( -1.000000000000000000, 5.243344273594249610E-32, 2.289834988289389802E-16 ) ) ;
#3588 = PLANE ( 'NONE',  #4503 ) ;
#3589 = CARTESIAN_POINT ( 'NONE',  ( 0.1750000000000009603, 1.245779075397750235, -8.944667923005411581E-16 ) ) ;
#3590 = CARTESIAN_POINT ( 'NONE',  ( 1.175000000000000044, 1.299999999999999378, 0.1099999999999980160 ) ) ;
#3591 = ORIENTED_EDGE ( 'NONE', *, *, #5752, .T. ) ;
#3592 = DIRECTION ( 'NONE',  ( 2.289834988289389802E-16, -0.000000000000000000, 1.000000000000000000 ) ) ;
#3593 = DIRECTION ( 'NONE',  ( 1.000000000000000000, -0.000000000000000000, -2.289834988289389802E-16 ) ) ;
#3594 = VECTOR ( 'NONE', #6109, 1000.000000000000114 ) ;
#3595 = VERTEX_POINT ( 'NONE', #6402 ) ;
#3596 = LINE ( 'NONE', #6583, #8056 ) ;
#3597 = LINE ( 'NONE', #4841, #7669 ) ;
#3599 = ORIENTED_EDGE ( 'NONE', *, *, #1304, .T. ) ;
#3598 = ORIENTED_EDGE ( 'NONE', *, *, #4296, .F. ) ;
#3600 = ORIENTED_EDGE ( 'NONE', *, *, #3298, .F. ) ;
#3601 = AXIS2_PLACEMENT_3D ( 'NONE', #880, #4738, #4076 ) ;
#3602 = ORIENTED_EDGE ( 'NONE', *, *, #7324, .T. ) ;
#3603 = LINE ( 'NONE', #6177, #1680 ) ;
#3604 = CARTESIAN_POINT ( 'NONE',  ( 1.175000000000000044, 1.299999999999990274, 0.04999999999999939909 ) ) ;
#3605 = VECTOR ( 'NONE', #3272, 1000.000000000000000 ) ;
#3606 = VERTEX_POINT ( 'NONE', #6365 ) ;
#3607 = ADVANCED_FACE ( 'NONE', ( #3286 ), #5778, .F. ) ;
#3608 = ORIENTED_EDGE ( 'NONE', *, *, #1814, .F. ) ;
#3609 = PLANE ( 'NONE',  #5071 ) ;
#3610 = ORIENTED_EDGE ( 'NONE', *, *, #6918, .F. ) ;
#3611 = DIRECTION ( 'NONE',  ( 2.804146475863970139E-32, 1.000000000000000000, -1.065228634467009955E-16 ) ) ;
#3612 = DIRECTION ( 'NONE',  ( 1.000000000000000000, -0.000000000000000000, -2.289834988289389802E-16 ) ) ;
#3613 = EDGE_LOOP ( 'NONE', ( #5527, #4411, #7998, #676 ) ) ;
#3614 = EDGE_CURVE ( 'NONE', #3853, #3980, #3998, .T. ) ;
#3615 = EDGE_CURVE ( 'NONE', #6174, #1542, #2541, .T. ) ;
#3616 = VERTEX_POINT ( 'NONE', #5115 ) ;
#3617 = EDGE_CURVE ( 'NONE', #4884, #2402, #3247, .T. ) ;
#3618 = AXIS2_PLACEMENT_3D ( 'NONE', #7630, #3897, #5141 ) ;
#3619 = DIRECTION ( 'NONE',  ( -2.289834988289389802E-16, -1.065228634467009955E-16, -1.000000000000000000 ) ) ;
#3620 = LINE ( 'NONE', #6150, #5715 ) ;
#3621 = FACE_OUTER_BOUND ( 'NONE', #6206, .T. ) ;
#3622 = EDGE_LOOP ( 'NONE', ( #3707, #6102, #6998, #8021, #4422, #213, #7920, #5500, #7114, #5601, #7790 ) ) ;
#3623 = ORIENTED_EDGE ( 'NONE', *, *, #1060, .F. ) ;
#3624 = LINE ( 'NONE', #2953, #1233 ) ;
#3625 = ORIENTED_EDGE ( 'NONE', *, *, #5133, .T. ) ;
#3626 = CARTESIAN_POINT ( 'NONE',  ( -1.674999999999999822, 1.350000000000000089, 0.1599999999999998368 ) ) ;
#3627 = CARTESIAN_POINT ( 'NONE',  ( 1.399999999999999689, 0.8499999999999989786, 0.07999999999999844735 ) ) ;
#3628 = CARTESIAN_POINT ( 'NONE',  ( 0.9000000000000006883, 0.8499999999999989786, 0.07999999999999864164 ) ) ;
#3629 = EDGE_CURVE ( 'NONE', #7931, #3920, #1898, .T. ) ;
#3630 = ADVANCED_FACE ( 'NONE', ( #716 ), #4500, .T. ) ;
#3631 = AXIS2_PLACEMENT_3D ( 'NONE', #5447, #2858, #2988 ) ;
#3632 = LINE ( 'NONE', #5985, #2352 ) ;
#3633 = EDGE_CURVE ( 'NONE', #1733, #3569, #7764, .T. ) ;
#3634 = CARTESIAN_POINT ( 'NONE',  ( 0.6750000000000010436, 1.299999999999990274, 0.1705002310154649925 ) ) ;
#3635 = CARTESIAN_POINT ( 'NONE',  ( 3.115000000000000213, -1.799999999999990274, 0.5199999999999990186 ) ) ;
#3636 = CARTESIAN_POINT ( 'NONE',  ( -2.174999999999999822, 1.350000000000000089, 0.1599999999999998646 ) ) ;
#3637 = ORIENTED_EDGE ( 'NONE', *, *, #4070, .F. ) ;
#3638 = LINE ( 'NONE', #6126, #24 ) ;
#3639 = DIRECTION ( 'NONE',  ( 2.289834988289389802E-16, -0.000000000000000000, 1.000000000000000000 ) ) ;
#3640 = ORIENTED_EDGE ( 'NONE', *, *, #671, .T. ) ;
#3641 = FACE_OUTER_BOUND ( 'NONE', #5374, .T. ) ;
#3642 = CARTESIAN_POINT ( 'NONE',  ( -1.175000000000000044, 1.299999999999990274, 0.1705002310154649925 ) ) ;
#3643 = EDGE_LOOP ( 'NONE', ( #4132, #1660, #7369, #7550 ) ) ;
#3644 = ORIENTED_EDGE ( 'NONE', *, *, #66, .F. ) ;
#3645 = VERTEX_POINT ( 'NONE', #7060 ) ;
#3646 = CARTESIAN_POINT ( 'NONE',  ( -3.002499999999999947, -0.8000000000000014877, 0.1799999999999999378 ) ) ;
#3647 = LINE ( 'NONE', #6225, #6883 ) ;
#3648 = VECTOR ( 'NONE', #8123, 1000.000000000000000 ) ;
#3649 = EDGE_LOOP ( 'NONE', ( #109, #7032, #6758, #1097, #6876, #670 ) ) ;
#3650 = ORIENTED_EDGE ( 'NONE', *, *, #5696, .F. ) ;
#3651 = DIRECTION ( 'NONE',  ( 0.000000000000000000, -1.000000000000000000, 2.289834988289389802E-16 ) ) ;
#3652 = EDGE_LOOP ( 'NONE', ( #5467, #7968, #4283, #1790 ) ) ;
#3653 = DIRECTION ( 'NONE',  ( 2.229998385641999896E-16, -0.2271122129663560585, 0.9738685962292472631 ) ) ;
#3654 = DIRECTION ( 'NONE',  ( 0.000000000000000000, 0.7071067811865443531, 0.7071067811865506814 ) ) ;
#3655 = ORIENTED_EDGE ( 'NONE', *, *, #3073, .F. ) ;
#3656 = UNCERTAINTY_MEASURE_WITH_UNIT (LENGTH_MEASURE( 1.000000000000000082E-05 ), #7023, 'distance_accuracy_value', 'NONE');
#3657 = ORIENTED_EDGE ( 'NONE', *, *, #731, .F. ) ;
#3658 = CARTESIAN_POINT ( 'NONE',  ( 3.115000000000000213, -1.649999999999999911, 0.1699999999999979028 ) ) ;
#3659 = SURFACE_SIDE_STYLE ('',( #1807 ) ) ;
#3660 = DIRECTION ( 'NONE',  ( 0.000000000000000000, -0.9738685962292472631, -0.2271122129663562805 ) ) ;
#3661 = ADVANCED_FACE ( 'NONE', ( #3912 ), #7688, .F. ) ;
#3662 = ORIENTED_EDGE ( 'NONE', *, *, #1610, .T. ) ;
#3663 = CARTESIAN_POINT ( 'NONE',  ( -2.325000000000000178, 1.299999999999990496, -0.8336977386159070136 ) ) ;
#3664 = ORIENTED_EDGE ( 'NONE', *, *, #8097, .T. ) ;
#3665 = LINE ( 'NONE', #6351, #3706 ) ;
#3666 = CARTESIAN_POINT ( 'NONE',  ( 0.9500000000000029532, 0.9999999999999988898, 0.02999999999999709843 ) ) ;
#3667 = VECTOR ( 'NONE', #1974, 1000.000000000000000 ) ;
#3668 = ORIENTED_EDGE ( 'NONE', *, *, #4530, .T. ) ;
#3669 = VECTOR ( 'NONE', #2564, 1000.000000000000000 ) ;
#3670 = EDGE_CURVE ( 'NONE', #707, #4946, #5822, .T. ) ;
#3671 = DIRECTION ( 'NONE',  ( 0.7071067811865475727, 0.7071067811865475727, -2.372388238963347828E-16 ) ) ;
#3672 = LINE ( 'NONE', #479, #3381 ) ;
#3673 = VECTOR ( 'NONE', #5811, 1000.000000000000000 ) ;
#3674 = CARTESIAN_POINT ( 'NONE',  ( 0.8250000000000019540, 0.9999999999999988898, 0.07866077735406369620 ) ) ;
#3675 = DIRECTION ( 'NONE',  ( 1.000000000000000000, 0.000000000000000000, -2.289834988289389802E-16 ) ) ;
#3676 = EDGE_CURVE ( 'NONE', #419, #947, #4659, .T. ) ;
#3677 = ORIENTED_EDGE ( 'NONE', *, *, #6209, .T. ) ;
#3678 = LINE ( 'NONE', #5738, #1769 ) ;
#3679 = EDGE_CURVE ( 'NONE', #7497, #4295, #4039, .T. ) ;
#3680 = LINE ( 'NONE', #6788, #753 ) ;
#3681 = EDGE_CURVE ( 'NONE', #3226, #6693, #2823, .T. ) ;
#3682 = VECTOR ( 'NONE', #8135, 1000.000000000000000 ) ;
#3683 = ORIENTED_EDGE ( 'NONE', *, *, #592, .T. ) ;
#3684 = CARTESIAN_POINT ( 'NONE',  ( -2.952500000000000124, -1.899999999999999911, 0.07999999999999940492 ) ) ;
#3685 = PLANE ( 'NONE',  #6226 ) ;
#3686 = VECTOR ( 'NONE', #1162, 1000.000000000000000 ) ;
#3687 = ORIENTED_EDGE ( 'NONE', *, *, #4733, .F. ) ;
#3688 = ORIENTED_EDGE ( 'NONE', *, *, #7276, .T. ) ;
#3689 = ORIENTED_EDGE ( 'NONE', *, *, #776, .F. ) ;
#3690 = CARTESIAN_POINT ( 'NONE',  ( 1.324999999999999956, 0.9499999999999869660, 0.03619548911246057293 ) ) ;
#3691 = EDGE_CURVE ( 'NONE', #1822, #4545, #4788, .T. ) ;
#3692 = EDGE_CURVE ( 'NONE', #4853, #2202, #5385, .T. ) ;
#3693 = CARTESIAN_POINT ( 'NONE',  ( 0.8250000000000019540, 1.350000000000000089, 0.1099999999999979605 ) ) ;
#3694 = AXIS2_PLACEMENT_3D ( 'NONE', #7590, #4944, #7469 ) ;
#3695 = AXIS2_PLACEMENT_3D ( 'NONE', #3290, #6440, #56 ) ;
#3696 = CARTESIAN_POINT ( 'NONE',  ( -47.10249999999999915, 0.9999999999999988898, 0.03000000000000959885 ) ) ;
#3697 = ORIENTED_EDGE ( 'NONE', *, *, #4532, .F. ) ;
#3698 = ORIENTED_EDGE ( 'NONE', *, *, #5793, .F. ) ;
#3699 = DIRECTION ( 'NONE',  ( 0.000000000000000000, 1.000000000000000000, -2.289834988289389802E-16 ) ) ;
#3700 = VECTOR ( 'NONE', #1623, 1000.000000000000000 ) ;
#3701 = EDGE_LOOP ( 'NONE', ( #1496, #5553, #5737, #986 ) ) ;
#3702 = CARTESIAN_POINT ( 'NONE',  ( -0.3249999999999980127, 1.299999999999990274, 0.04999999999999964889 ) ) ;
#3703 = CARTESIAN_POINT ( 'NONE',  ( -6.785000000000000142, -0.7000000000000049516, 0.6900000000000009459 ) ) ;
#3704 = ORIENTED_EDGE ( 'NONE', *, *, #5442, .F. ) ;
#3705 = VECTOR ( 'NONE', #7732, 1000.000000000000000 ) ;
#3706 = VECTOR ( 'NONE', #2570, 1000.000000000000000 ) ;
#3707 = ORIENTED_EDGE ( 'NONE', *, *, #2452, .T. ) ;
#3708 = CARTESIAN_POINT ( 'NONE',  ( 2.765000000000000124, -1.779999999999999583, 0.8933333333333302040 ) ) ;
#3709 = DIRECTION ( 'NONE',  ( 1.000000000000000000, 1.368972691285004410E-17, -2.281621152141676082E-16 ) ) ;
#3710 = VECTOR ( 'NONE', #5746, 1000.000000000000000 ) ;
#3711 = DIRECTION ( 'NONE',  ( -2.289834988289389802E-16, 0.000000000000000000, -1.000000000000000000 ) ) ;
#3712 = CIRCLE ( 'NONE', #2370, 0.04999999999999979461 ) ;
#3713 = ORIENTED_EDGE ( 'NONE', *, *, #3263, .F. ) ;
#3714 = DIRECTION ( 'NONE',  ( 0.000000000000000000, 0.000000000000000000, 1.000000000000000000 ) ) ;
#3715 = CARTESIAN_POINT ( 'NONE',  ( -3.400000000000000355, 0.9999999999999993339, 1.000000000000000444 ) ) ;
#3717 = CYLINDRICAL_SURFACE ( 'NONE', #8068, 0.05000000000000070360 ) ;
#3716 = VECTOR ( 'NONE', #602, 1000.000000000000000 ) ;
#3718 = CARTESIAN_POINT ( 'NONE',  ( -0.1749999999999980738, 0.9999999999999988898, 0.3099999999999979994 ) ) ;
#3719 = FACE_OUTER_BOUND ( 'NONE', #4763, .T. ) ;
#3720 = FACE_OUTER_BOUND ( 'NONE', #3701, .T. ) ;
#3721 = ORIENTED_EDGE ( 'NONE', *, *, #6512, .F. ) ;
#3722 = EDGE_CURVE ( 'NONE', #7141, #7723, #2865, .T. ) ;
#3723 = DIRECTION ( 'NONE',  ( 1.000000000000000000, 6.753181414994839650E-18, -7.193682217002943262E-34 ) ) ;
#3724 = CARTESIAN_POINT ( 'NONE',  ( -2.325000000000000178, 0.9999999999999991118, 0.07866077735406451499 ) ) ;
#3725 = EDGE_CURVE ( 'NONE', #6913, #4436, #6731, .T. ) ;
#3726 = EDGE_CURVE ( 'NONE', #608, #4243, #2243, .T. ) ;
#3727 = EDGE_LOOP ( 'NONE', ( #1728, #4881, #4332, #6354 ) ) ;
#3728 = CARTESIAN_POINT ( 'NONE',  ( -3.265000000000000124, -1.599999999999998757, 0.05000000000000182770 ) ) ;
#3729 = FACE_OUTER_BOUND ( 'NONE', #8215, .T. ) ;
#3730 = VERTEX_POINT ( 'NONE', #4701 ) ;
#3731 = EDGE_CURVE ( 'NONE', #4862, #3549, #1518, .T. ) ;
#3732 = ORIENTED_EDGE ( 'NONE', *, *, #5443, .T. ) ;
#3733 = EDGE_LOOP ( 'NONE', ( #1911, #1575, #4984, #2839, #6575, #400 ) ) ;
#3734 = CARTESIAN_POINT ( 'NONE',  ( -47.10249999999999915, 1.000000000000000000, 0.03000000000000959885 ) ) ;
#3735 = EDGE_CURVE ( 'NONE', #2970, #30, #4081, .T. ) ;
#3736 = CARTESIAN_POINT ( 'NONE',  ( 3.265000000000000124, -1.899999999999999911, 0.5199999999999980194 ) ) ;
#3737 = CARTESIAN_POINT ( 'NONE',  ( 0.6750000000000010436, 1.349999999999999867, 0.3099999999999984990 ) ) ;
#3738 = VERTEX_POINT ( 'NONE', #6069 ) ;
#3739 = ORIENTED_EDGE ( 'NONE', *, *, #2556, .F. ) ;
#3740 = CARTESIAN_POINT ( 'NONE',  ( 3.102500000000000036, -0.8000000000000010436, 0.1799999999999980227 ) ) ;
#3741 = ORIENTED_EDGE ( 'NONE', *, *, #2891, .F. ) ;
#3742 = CARTESIAN_POINT ( 'NONE',  ( 2.400000000000000355, 0.9199999999999973754, 0.07999999999999773959 ) ) ;
#3743 = FACE_OUTER_BOUND ( 'NONE', #1168, .T. ) ;
#3744 = AXIS2_PLACEMENT_3D ( 'NONE', #2318, #4860, #1683 ) ;
#3745 = EDGE_LOOP ( 'NONE', ( #2549, #7416, #2114, #3421 ) ) ;
#3746 = DIRECTION ( 'NONE',  ( 0.7071067811865474617, 0.000000000000000000, -0.7071067811865474617 ) ) ;
#3747 = LINE ( 'NONE', #3663, #2711 ) ;
#3748 = CARTESIAN_POINT ( 'NONE',  ( 3.265000000000000124, -1.228897383693329903, 0.3978428499183340183 ) ) ;
#3749 = DIRECTION ( 'NONE',  ( -0.7071067811865532349, 0.000000000000000000, 0.7071067811865416886 ) ) ;
#3750 = CARTESIAN_POINT ( 'NONE',  ( -2.884999999999998899, -1.899999999999999911, 1.050000000000000044 ) ) ;
#3751 = LINE ( 'NONE', #6281, #830 ) ;
#3752 = PLANE ( 'NONE',  #3321 ) ;
#3753 = CARTESIAN_POINT ( 'NONE',  ( 2.785000000000000142, -1.800000000000000488, 0.9199999999999985967 ) ) ;
#3754 = ORIENTED_EDGE ( 'NONE', *, *, #4137, .F. ) ;
#3755 = DIRECTION ( 'NONE',  ( 1.000000000000000000, -5.243344273594249610E-32, -2.289834988289389802E-16 ) ) ;
#3756 = DIRECTION ( 'NONE',  ( -2.289834988289389802E-16, 0.000000000000000000, -1.000000000000000000 ) ) ;
#3757 = VECTOR ( 'NONE', #6585, 1000.000000000000000 ) ;
#3758 = VERTEX_POINT ( 'NONE', #5409 ) ;
#3759 = LINE ( 'NONE', #4460, #7519 ) ;
#3760 = LINE ( 'NONE', #5784, #2365 ) ;
#3761 = ORIENTED_EDGE ( 'NONE', *, *, #5446, .T. ) ;
#3762 = ORIENTED_EDGE ( 'NONE', *, *, #218, .F. ) ;
#3763 = ORIENTED_EDGE ( 'NONE', *, *, #2094, .F. ) ;
#3764 = EDGE_CURVE ( 'NONE', #6334, #5806, #3489, .T. ) ;
#3765 = SURFACE_STYLE_USAGE ( .BOTH. , #5861 ) ;
#3766 = EDGE_CURVE ( 'NONE', #2233, #1032, #6024, .T. ) ;
#3767 = DIRECTION ( 'NONE',  ( 0.000000000000000000, -0.9738685962292471521, -0.2271122129663564748 ) ) ;
#3768 = CARTESIAN_POINT ( 'NONE',  ( 2.325000000000000178, 0.9999999999999988898, 0.07999999999999918288 ) ) ;
#3769 = EDGE_LOOP ( 'NONE', ( #507, #2142, #1940, #7257 ) ) ;
#3770 = ORIENTED_EDGE ( 'NONE', *, *, #899, .F. ) ;
#3771 = LINE ( 'NONE', #4435, #72 ) ;
#3772 = ORIENTED_EDGE ( 'NONE', *, *, #3617, .T. ) ;
#3773 = CARTESIAN_POINT ( 'NONE',  ( -1.324999999999999956, 1.299999999999990274, 0.04999999999999994726 ) ) ;
#3774 = DIRECTION ( 'NONE',  ( 1.000000000000000000, -0.000000000000000000, -2.289834988289389802E-16 ) ) ;
#3775 = ADVANCED_FACE ( 'NONE', ( #1601 ), #887, .F. ) ;
#3776 = VECTOR ( 'NONE', #2735, 1000.000000000000000 ) ;
#3777 = EDGE_CURVE ( 'NONE', #2239, #6794, #3447, .T. ) ;
#3778 = VERTEX_POINT ( 'NONE', #1476 ) ;
#3779 = AXIS2_PLACEMENT_3D ( 'NONE', #5490, #8023, #2190 ) ;
#3780 = CARTESIAN_POINT ( 'NONE',  ( 0.8250000000000019540, 1.245779075397750235, 0.1705002310154649925 ) ) ;
#3781 = CARTESIAN_POINT ( 'NONE',  ( -2.325000000000000178, 1.350000000000000089, 0.3100000000000019962 ) ) ;
#3782 = PLANE ( 'NONE',  #4974 ) ;
#3783 = EDGE_CURVE ( 'NONE', #6306, #1545, #6686, .T. ) ;
#3784 = LINE ( 'NONE', #3154, #6224 ) ;
#3785 = CARTESIAN_POINT ( 'NONE',  ( -1.175000000000000044, 0.9499999999999869660, 0.03619548911246116968 ) ) ;
#3786 = EDGE_CURVE ( 'NONE', #516, #138, #3403, .T. ) ;
#3787 = FACE_OUTER_BOUND ( 'NONE', #473, .T. ) ;
#3788 = CARTESIAN_POINT ( 'NONE',  ( 3.265000000000000124, -1.824999999999989964, 0.3699999999999989964 ) ) ;
#3789 = LINE ( 'NONE', #639, #4792 ) ;
#3790 = CARTESIAN_POINT ( 'NONE',  ( 2.933678328689710124, -0.8000000000000010436, 0.5563695153646159852 ) ) ;
#3791 = ORIENTED_EDGE ( 'NONE', *, *, #6122, .T. ) ;
#3792 = VECTOR ( 'NONE', #6315, 1000.000000000000000 ) ;
#3793 = PLANE ( 'NONE',  #4703 ) ;
#3794 = FACE_OUTER_BOUND ( 'NONE', #6096, .T. ) ;
#3795 = AXIS2_PLACEMENT_3D ( 'NONE', #7635, #4487, #4111 ) ;
#3796 = VERTEX_POINT ( 'NONE', #7943 ) ;
#3797 = PLANE ( 'NONE',  #7647 ) ;
#3798 = LINE ( 'NONE', #6407, #5683 ) ;
#3799 = ORIENTED_EDGE ( 'NONE', *, *, #2404, .T. ) ;
#3800 = ORIENTED_EDGE ( 'NONE', *, *, #5148, .T. ) ;
#3801 = ORIENTED_EDGE ( 'NONE', *, *, #7674, .T. ) ;
#3802 = VECTOR ( 'NONE', #1973, 1000.000000000000000 ) ;
#3803 = CARTESIAN_POINT ( 'NONE',  ( 0.6000000000000000888, 0.8499999999999989786, 0.07999999999999855838 ) ) ;
#3804 = ADVANCED_FACE ( 'NONE', ( #5455 ), #7985, .T. ) ;
#3805 = PLANE ( 'NONE',  #5813 ) ;
#3806 = CARTESIAN_POINT ( 'NONE',  ( -1.950000000000000400, 0.9999999999999988898, 0.02999999999999925990 ) ) ;
#3807 = VERTEX_POINT ( 'NONE', #6645 ) ;
#3808 = VERTEX_POINT ( 'NONE', #4826 ) ;
#3809 = ORIENTED_EDGE ( 'NONE', *, *, #6270, .F. ) ;
#3810 = ADVANCED_FACE ( 'NONE', ( #928 ), #5279, .F. ) ;
#3811 = CARTESIAN_POINT ( 'NONE',  ( -3.265000000000000124, -1.799999999999990274, 0.5200000000000006839 ) ) ;
#3812 = VECTOR ( 'NONE', #197, 1000.000000000000000 ) ;
#3813 = FACE_OUTER_BOUND ( 'NONE', #366, .T. ) ;
#3814 = VECTOR ( 'NONE', #2329, 1000.000000000000000 ) ;
#3815 = ADVANCED_FACE ( 'NONE', ( #518 ), #6898, .F. ) ;
#3816 = AXIS2_PLACEMENT_3D ( 'NONE', #5103, #7794, #1463 ) ;
#3817 = EDGE_CURVE ( 'NONE', #7714, #3127, #1379, .T. ) ;
#3818 = ORIENTED_EDGE ( 'NONE', *, *, #899, .T. ) ;
#3819 = DIRECTION ( 'NONE',  ( -1.000000000000000000, 5.243344273594249610E-32, 2.289834988289389802E-16 ) ) ;
#3820 = LINE ( 'NONE', #7556, #7578 ) ;
#3821 = ADVANCED_FACE ( 'NONE', ( #1737 ), #1187, .T. ) ;
#3822 = DIRECTION ( 'NONE',  ( 1.000000000000000000, -5.243344273594249610E-32, 0.000000000000000000 ) ) ;
#3823 = DIRECTION ( 'NONE',  ( -5.326143172335038067E-17, 1.000000000000000000, -5.326143172335105860E-17 ) ) ;
#3824 = DIRECTION ( 'NONE',  ( -2.285724380627539830E-16, 0.05989229072794666903, -0.9982048454657787007 ) ) ;
#3825 = ORIENTED_EDGE ( 'NONE', *, *, #2959, .T. ) ;
#3826 = VECTOR ( 'NONE', #498, 1000.000000000000000 ) ;
#3827 = EDGE_CURVE ( 'NONE', #7007, #6775, #581, .T. ) ;
#3828 = VECTOR ( 'NONE', #7162, 999.9999999999998863 ) ;
#3829 = DIRECTION ( 'NONE',  ( -1.000000000000000000, -5.064598682745559595E-17, 2.171725397418661469E-16 ) ) ;
#3830 = VECTOR ( 'NONE', #4103, 1000.000000000000000 ) ;
#3831 = DIRECTION ( 'NONE',  ( 1.000000000000000000, -5.243344273594249610E-32, -2.289834988289389802E-16 ) ) ;
#3832 = AXIS2_PLACEMENT_3D ( 'NONE', #3067, #6803, #415 ) ;
#3833 = DIRECTION ( 'NONE',  ( 0.000000000000000000, 0.000000000000000000, 1.000000000000000000 ) ) ;
#3834 = DIRECTION ( 'NONE',  ( 2.289834988289389802E-16, -0.000000000000000000, 1.000000000000000000 ) ) ;
#3835 = EDGE_LOOP ( 'NONE', ( #5913, #3732, #6171, #6302, #3414, #5948, #2177, #4230 ) ) ;
#3836 = LINE ( 'NONE', #1862, #1093 ) ;
#3837 = PLANE ( 'NONE',  #7789 ) ;
#3838 = DIRECTION ( 'NONE',  ( 0.000000000000000000, 0.7071067811865220376, -0.7071067811865729968 ) ) ;
#3839 = AXIS2_PLACEMENT_3D ( 'NONE', #26, #3970, #6494 ) ;
#3840 = AXIS2_PLACEMENT_3D ( 'NONE', #5503, #1528, #7197 ) ;
#3841 = CIRCLE ( 'NONE', #1957, 0.05000000000000070360 ) ;
#3842 = ORIENTED_EDGE ( 'NONE', *, *, #6908, .T. ) ;
#3843 = LINE ( 'NONE', #6288, #1527 ) ;
#3844 = LINE ( 'NONE', #1163, #3557 ) ;
#3845 = VERTEX_POINT ( 'NONE', #3082 ) ;
#3846 = ORIENTED_EDGE ( 'NONE', *, *, #6261, .T. ) ;
#3847 = ORIENTED_EDGE ( 'NONE', *, *, #2560, .T. ) ;
#3848 = DIRECTION ( 'NONE',  ( -1.000000000000000000, -5.064598682745559595E-17, 2.171725397418661469E-16 ) ) ;
#3849 = CARTESIAN_POINT ( 'NONE',  ( 1.675000000000000044, 0.9999999999999988898, 0.07866077735406350191 ) ) ;
#3850 = CARTESIAN_POINT ( 'NONE',  ( 1.162500000000000089, 0.9199999999999990408, 0.07999999999999871103 ) ) ;
#3851 = ORIENTED_EDGE ( 'NONE', *, *, #6606, .F. ) ;
#3852 = ORIENTED_EDGE ( 'NONE', *, *, #6345, .T. ) ;
#3853 = VERTEX_POINT ( 'NONE', #3715 ) ;
#3854 = DIRECTION ( 'NONE',  ( 1.000000000000000000, 0.000000000000000000, -2.289834988289389802E-16 ) ) ;
#3855 = LINE ( 'NONE', #1846, #7375 ) ;
#3856 = VECTOR ( 'NONE', #2293, 1000.000000000000000 ) ;
#3857 = EDGE_CURVE ( 'NONE', #7457, #6021, #6820, .T. ) ;
#3858 = EDGE_LOOP ( 'NONE', ( #7701, #3791, #4158, #4713, #8129, #5169, #805, #2952, #5567, #5588 ) ) ;
#3859 = DIRECTION ( 'NONE',  ( 1.000000000000000000, -0.000000000000000000, -2.289834988289389802E-16 ) ) ;
#3860 = LINE ( 'NONE', #6385, #6511 ) ;
#3861 = DIRECTION ( 'NONE',  ( -2.289834988289389802E-16, -6.488950002325740340E-17, -1.000000000000000000 ) ) ;
#3862 = VECTOR ( 'NONE', #757, 1000.000000000000000 ) ;
#3863 = CARTESIAN_POINT ( 'NONE',  ( -2.425000000000000266, 0.8499999999999989786, 0.05499999999999950068 ) ) ;
#3864 = EDGE_CURVE ( 'NONE', #1796, #4359, #8116, .T. ) ;
#3865 = CARTESIAN_POINT ( 'NONE',  ( -0.3249999999999980682, 1.245779075397750235, -7.860465750519907147E-16 ) ) ;
#3866 = ORIENTED_EDGE ( 'NONE', *, *, #8247, .F. ) ;
#3867 = EDGE_CURVE ( 'NONE', #6600, #3758, #4334, .T. ) ;
#3868 = EDGE_CURVE ( 'NONE', #6957, #8091, #4868, .T. ) ;
#3869 = CARTESIAN_POINT ( 'NONE',  ( -0.6749999999999980460, 1.350000000000000089, 0.1599999999999993372 ) ) ;
#3870 = CYLINDRICAL_SURFACE ( 'NONE', #1242, 0.05000000000000070360 ) ;
#3871 = LINE ( 'NONE', #211, #1580 ) ;
#3872 = LINE ( 'NONE', #6396, #619 ) ;
#3873 = ORIENTED_EDGE ( 'NONE', *, *, #3679, .F. ) ;
#3874 = CARTESIAN_POINT ( 'NONE',  ( 3.115000000000000213, -1.100000000000000089, 0.3752009999999990075 ) ) ;
#3875 = DIRECTION ( 'NONE',  ( 1.000000000000000000, 0.000000000000000000, -2.289834988289389802E-16 ) ) ;
#3876 = CARTESIAN_POINT ( 'NONE',  ( 3.270000000000000462, 0.9999999999999988898, 0.3099999999999977773 ) ) ;
#3877 = ADVANCED_FACE ( 'NONE', ( #6779 ), #6279, .T. ) ;
#3878 = EDGE_CURVE ( 'NONE', #2033, #8108, #4374, .T. ) ;
#3879 = LINE ( 'NONE', #3289, #1696 ) ;
#3880 = ORIENTED_EDGE ( 'NONE', *, *, #3390, .F. ) ;
#3881 = CARTESIAN_POINT ( 'NONE',  ( -3.265000000000000124, -1.899999999999999911, 0.5200000000000000178 ) ) ;
#3882 = DIRECTION ( 'NONE',  ( -2.439197797730288502E-32, 1.000000000000000000, -1.065228634467009955E-16 ) ) ;
#3883 = ORIENTED_EDGE ( 'NONE', *, *, #2794, .T. ) ;
#3884 = VERTEX_POINT ( 'NONE', #8026 ) ;
#3885 = VECTOR ( 'NONE', #3271, 1000.000000000000000 ) ;
#3886 = ORIENTED_EDGE ( 'NONE', *, *, #1678, .F. ) ;
#3887 = DIRECTION ( 'NONE',  ( 5.243344273594249610E-32, 1.000000000000000000, -1.200639317332292868E-47 ) ) ;
#3888 = AXIS2_PLACEMENT_3D ( 'NONE', #2287, #4830, #1698 ) ;
#3889 = CARTESIAN_POINT ( 'NONE',  ( 1.675000000000000044, 1.299999999999990274, 0.04999999999999930195 ) ) ;
#3890 = PLANE ( 'NONE',  #3011 ) ;
#3891 = ORIENTED_EDGE ( 'NONE', *, *, #7423, .T. ) ;
#3892 = ORIENTED_EDGE ( 'NONE', *, *, #1316, .F. ) ;
#3893 = ORIENTED_EDGE ( 'NONE', *, *, #2651, .F. ) ;
#3894 = CARTESIAN_POINT ( 'NONE',  ( 0.1750000000000009881, 1.350000000000000089, 0.1599999999999990041 ) ) ;
#3895 = DIRECTION ( 'NONE',  ( 0.000000000000000000, -0.9738685962292471521, -0.2271122129663560307 ) ) ;
#3896 = ORIENTED_EDGE ( 'NONE', *, *, #7366, .F. ) ;
#3897 = DIRECTION ( 'NONE',  ( 1.000000000000000000, -5.243344273594249610E-32, -2.289834988289389802E-16 ) ) ;
#3898 = CARTESIAN_POINT ( 'NONE',  ( -3.102499999999999591, -1.749999999999999334, 0.6149999999999999911 ) ) ;
#3899 = PLANE ( 'NONE',  #4879 ) ;
#3900 = AXIS2_PLACEMENT_3D ( 'NONE', #6520, #2697, #3284 ) ;
#3901 = DIRECTION ( 'NONE',  ( -1.000000000000000000, 0.000000000000000000, 2.289834988289389802E-16 ) ) ;
#3902 = EDGE_LOOP ( 'NONE', ( #5749, #3306, #5594, #4515 ) ) ;
#3903 = VECTOR ( 'NONE', #6970, 1000.000000000000000 ) ;
#3904 = ADVANCED_FACE ( 'NONE', ( #8186 ), #6932, .T. ) ;
#3905 = DIRECTION ( 'NONE',  ( 2.289834988289389802E-16, -1.200639317332289951E-47, 1.000000000000000000 ) ) ;
#3906 = CARTESIAN_POINT ( 'NONE',  ( 3.325000000000000178, 0.9999999999999988898, 0.3099999999999979994 ) ) ;
#3907 = PLANE ( 'NONE',  #1445 ) ;
#3908 = DIRECTION ( 'NONE',  ( -1.000000000000000000, 2.804146475863970139E-32, -2.987057121330055487E-48 ) ) ;
#3909 = ORIENTED_EDGE ( 'NONE', *, *, #2491, .F. ) ;
#3910 = FACE_OUTER_BOUND ( 'NONE', #8130, .T. ) ;
#3911 = LINE ( 'NONE', #2151, #4233 ) ;
#3912 = FACE_OUTER_BOUND ( 'NONE', #1368, .T. ) ;
#3913 = EDGE_CURVE ( 'NONE', #4145, #7966, #1064, .T. ) ;
#3914 = EDGE_CURVE ( 'NONE', #129, #1498, #2996, .T. ) ;
#3915 = DIRECTION ( 'NONE',  ( 2.289834988289389802E-16, 1.065228634467009955E-16, 1.000000000000000000 ) ) ;
#3916 = ORIENTED_EDGE ( 'NONE', *, *, #6708, .T. ) ;
#3917 = CARTESIAN_POINT ( 'NONE',  ( 2.250000000000000444, 0.8999999999999980238, 0.2899999999999979816 ) ) ;
#3918 = CARTESIAN_POINT ( 'NONE',  ( 2.325000000000000178, 1.673724317761259961, 0.3099999999999977773 ) ) ;
#3919 = ADVANCED_FACE ( 'NONE', ( #2488 ), #7559, .F. ) ;
#3920 = VERTEX_POINT ( 'NONE', #2374 ) ;
#3921 = CARTESIAN_POINT ( 'NONE',  ( 1.175000000000000044, 0.9431866336109969717, 0.06541154699933807160 ) ) ;
#3922 = ORIENTED_EDGE ( 'NONE', *, *, #1052, .F. ) ;
#3923 = ORIENTED_EDGE ( 'NONE', *, *, #4429, .T. ) ;
#3924 = PLANE ( 'NONE',  #4903 ) ;
#3925 = EDGE_CURVE ( 'NONE', #1677, #2973, #4915, .T. ) ;
#3926 = CIRCLE ( 'NONE', #3384, 0.02999999999999989828 ) ;
#3927 = ORIENTED_EDGE ( 'NONE', *, *, #7264, .F. ) ;
#3928 = CARTESIAN_POINT ( 'NONE',  ( 1.324999999999999956, 1.299999999999990274, 0.1705002310154649925 ) ) ;
#3929 = EDGE_CURVE ( 'NONE', #3975, #6255, #5493, .T. ) ;
#3930 = VERTEX_POINT ( 'NONE', #86 ) ;
#3931 = ORIENTED_EDGE ( 'NONE', *, *, #697, .F. ) ;
#3932 = VECTOR ( 'NONE', #5981, 1000.000000000000000 ) ;
#3933 = ORIENTED_EDGE ( 'NONE', *, *, #2181, .F. ) ;
#3934 = FACE_OUTER_BOUND ( 'NONE', #5629, .T. ) ;
#3935 = DIRECTION ( 'NONE',  ( 0.000000000000000000, 1.065228634467009955E-16, 1.000000000000000000 ) ) ;
#3936 = VECTOR ( 'NONE', #6498, 1000.000000000000000 ) ;
#3937 = VERTEX_POINT ( 'NONE', #1301 ) ;
#3938 = DIRECTION ( 'NONE',  ( 1.000000000000000000, -5.243344273594249610E-32, -2.289834988289389802E-16 ) ) ;
#3939 = LINE ( 'NONE', #7009, #1447 ) ;
#3940 = AXIS2_PLACEMENT_3D ( 'NONE', #3177, #5708, #2545 ) ;
#3941 = CARTESIAN_POINT ( 'NONE',  ( -1.837499999999999911, 0.9999999999999988898, 0.07999999999999930778 ) ) ;
#3942 = DIRECTION ( 'NONE',  ( -1.000000000000000000, -5.064598682745559595E-17, 2.171725397418661469E-16 ) ) ;
#3943 = ORIENTED_EDGE ( 'NONE', *, *, #6122, .F. ) ;
#3944 = AXIS2_PLACEMENT_3D ( 'NONE', #7638, #3905, #5153 ) ;
#3945 = VECTOR ( 'NONE', #2038, 1000.000000000000000 ) ;
#3946 = DIRECTION ( 'NONE',  ( -1.000000000000000000, -0.000000000000000000, 2.289834988289389802E-16 ) ) ;
#3947 = AXIS2_PLACEMENT_3D ( 'NONE', #7065, #5782, #2023 ) ;
#3948 = FACE_OUTER_BOUND ( 'NONE', #7108, .T. ) ;
#3949 = DIRECTION ( 'NONE',  ( 1.000000000000000000, -5.243344273594249610E-32, -2.289834988289389802E-16 ) ) ;
#3950 = CARTESIAN_POINT ( 'NONE',  ( -0.4249999999999999889, 0.9999999999999988898, 0.05499999999999909128 ) ) ;
#3951 = ORIENTED_EDGE ( 'NONE', *, *, #3314, .F. ) ;
#3952 = CARTESIAN_POINT ( 'NONE',  ( 3.265000000000000124, -1.749999999999992895, 0.4199999999999989297 ) ) ;
#3953 = VECTOR ( 'NONE', #927, 1000.000000000000000 ) ;
#3954 = DIRECTION ( 'NONE',  ( 0.000000000000000000, 1.000000000000000000, -2.289834988289389802E-16 ) ) ;
#3955 = CARTESIAN_POINT ( 'NONE',  ( -0.3249999999999980127, 1.299999999999990274, 0.1705002310154649925 ) ) ;
#3956 = CYLINDRICAL_SURFACE ( 'NONE', #2230, 0.02999999999999989828 ) ;
#3957 = AXIS2_PLACEMENT_3D ( 'NONE', #4928, #1576, #6085 ) ;
#3958 = VECTOR ( 'NONE', #7765, 1000.000000000000000 ) ;
#3959 = CIRCLE ( 'NONE', #3832, 0.04999999999999975298 ) ;
#3960 = DIRECTION ( 'NONE',  ( -1.000000000000000000, 0.000000000000000000, -0.000000000000000000 ) ) ;
#3961 = EDGE_CURVE ( 'NONE', #970, #7458, #1926, .T. ) ;
#3962 = ORIENTED_EDGE ( 'NONE', *, *, #3817, .F. ) ;
#3963 = DIRECTION ( 'NONE',  ( -1.000000000000000000, 0.000000000000000000, 2.289834988289389802E-16 ) ) ;
#3964 = CARTESIAN_POINT ( 'NONE',  ( -1.600000000000000089, 0.9999999999999988898, 0.07999999999999919675 ) ) ;
#3965 = ORIENTED_EDGE ( 'NONE', *, *, #3021, .F. ) ;
#3966 = DIRECTION ( 'NONE',  ( 0.000000000000000000, 0.000000000000000000, -1.000000000000000000 ) ) ;
#3967 = VERTEX_POINT ( 'NONE', #1339 ) ;
#3968 = AXIS2_PLACEMENT_3D ( 'NONE', #6317, #1267, #5701 ) ;
#3969 = VERTEX_POINT ( 'NONE', #3236 ) ;
#3970 = DIRECTION ( 'NONE',  ( -0.7071067811865431318, -7.532303909457119365E-17, -0.7071067811865520136 ) ) ;
#3971 = AXIS2_PLACEMENT_3D ( 'NONE', #3223, #2674, #4511 ) ;
#3972 = EDGE_CURVE ( 'NONE', #990, #7497, #7713, .T. ) ;
#3973 = EDGE_CURVE ( 'NONE', #6514, #4634, #7086, .T. ) ;
#3974 = ADVANCED_FACE ( 'NONE', ( #5146 ), #2653, .F. ) ;
#3975 = VERTEX_POINT ( 'NONE', #2045 ) ;
#3976 = CARTESIAN_POINT ( 'NONE',  ( -1.925000000000000044, 0.9999999999999988898, 0.05499999999999938965 ) ) ;
#3977 = ORIENTED_EDGE ( 'NONE', *, *, #843, .F. ) ;
#3978 = VECTOR ( 'NONE', #3009, 1000.000000000000000 ) ;
#3979 = ORIENTED_EDGE ( 'NONE', *, *, #7158, .T. ) ;
#3980 = VERTEX_POINT ( 'NONE', #3199 ) ;
#3981 = LINE ( 'NONE', #780, #6208 ) ;
#3982 = DIRECTION ( 'NONE',  ( 0.000000000000000000, -1.065228634467009955E-16, -1.000000000000000000 ) ) ;
#3983 = EDGE_CURVE ( 'NONE', #566, #1611, #2005, .T. ) ;
#3984 = ORIENTED_EDGE ( 'NONE', *, *, #1495, .T. ) ;
#3985 = DIRECTION ( 'NONE',  ( -1.000000000000000000, -5.064598682745559595E-17, 2.171725397418661469E-16 ) ) ;
#3986 = DIRECTION ( 'NONE',  ( 1.619157848017590039E-16, 0.7071067811865729968, 0.7071067811865220376 ) ) ;
#3987 = PLANE ( 'NONE',  #7253 ) ;
#3988 = LINE ( 'NONE', #4729, #701 ) ;
#3989 = ORIENTED_EDGE ( 'NONE', *, *, #5887, .T. ) ;
#3990 = LINE ( 'NONE', #89, #3802 ) ;
#3991 = CARTESIAN_POINT ( 'NONE',  ( 0.3250000000000020095, 0.9999999999999988898, 0.07866077735406379334 ) ) ;
#3992 = VECTOR ( 'NONE', #6771, 1000.000000000000114 ) ;
#3993 = PLANE ( 'NONE',  #6639 ) ;
#3994 = LINE ( 'NONE', #1345, #3296 ) ;
#3995 = ORIENTED_EDGE ( 'NONE', *, *, #7201, .T. ) ;
#3996 = DIRECTION ( 'NONE',  ( 0.7071067811865520136, -0.000000000000000000, 0.7071067811865431318 ) ) ;
#3997 = DIRECTION ( 'NONE',  ( -2.289834988289389802E-16, 0.000000000000000000, -1.000000000000000000 ) ) ;
#3998 = LINE ( 'NONE', #6483, #3182 ) ;
#3999 = DIRECTION ( 'NONE',  ( -0.7071067811865536790, 0.7071067811865414665, 1.533293416683343471E-15 ) ) ;
#4000 = VECTOR ( 'NONE', #7390, 1000.000000000000000 ) ;
#4001 = DIRECTION ( 'NONE',  ( 1.000000000000000000, 0.000000000000000000, -2.289834988289389802E-16 ) ) ;
#4002 = DIRECTION ( 'NONE',  ( 0.000000000000000000, -1.065228634467009955E-16, -1.000000000000000000 ) ) ;
#4003 = CARTESIAN_POINT ( 'NONE',  ( 0.3250000000000019540, 1.249999999999990008, -1.111307226797642045E-15 ) ) ;
#4004 = LINE ( 'NONE', #848, #5282 ) ;
#4005 = ORIENTED_EDGE ( 'NONE', *, *, #3300, .F. ) ;
#4006 = CARTESIAN_POINT ( 'NONE',  ( 2.174999999999999822, 0.9199999999999870504, 0.1705002310154639933 ) ) ;
#4007 = VERTEX_POINT ( 'NONE', #632 ) ;
#4008 = ORIENTED_EDGE ( 'NONE', *, *, #4085, .T. ) ;
#4009 = CARTESIAN_POINT ( 'NONE',  ( 2.325000000000000178, 0.9999999999999988898, 0.3099999999999979994 ) ) ;
#4010 = VECTOR ( 'NONE', #4559, 1000.000000000000000 ) ;
#4011 = ORIENTED_EDGE ( 'NONE', *, *, #6340, .F. ) ;
#4012 = CARTESIAN_POINT ( 'NONE',  ( -1.324999999999999956, 0.9199999999999866063, 0.03619548911246119743 ) ) ;
#4013 = ORIENTED_EDGE ( 'NONE', *, *, #6199, .T. ) ;
#4014 = ORIENTED_EDGE ( 'NONE', *, *, #2644, .T. ) ;
#4015 = ORIENTED_EDGE ( 'NONE', *, *, #8181, .F. ) ;
#4016 = CARTESIAN_POINT ( 'NONE',  ( 1.350000000000000089, 0.9999999999999988898, 0.3099999999999980549 ) ) ;
#4017 = DIRECTION ( 'NONE',  ( 1.000000000000000000, -5.243344273594249610E-32, -2.289834988289389802E-16 ) ) ;
#4018 = EDGE_CURVE ( 'NONE', #3937, #32, #669, .T. ) ;
#4019 = AXIS2_PLACEMENT_3D ( 'NONE', #627, #4908, #3746 ) ;
#4020 = EDGE_CURVE ( 'NONE', #8137, #7648, #5652, .T. ) ;
#4021 = VERTEX_POINT ( 'NONE', #5768 ) ;
#4022 = LINE ( 'NONE', #6544, #54 ) ;
#4023 = DIRECTION ( 'NONE',  ( 0.000000000000000000, 0.7071067811865980879, 0.7071067811864969466 ) ) ;
#4024 = CARTESIAN_POINT ( 'NONE',  ( 2.325000000000000178, 0.9999999999999988898, 0.3099999999999979994 ) ) ;
#4025 = EDGE_CURVE ( 'NONE', #2778, #5378, #4563, .T. ) ;
#4026 = CARTESIAN_POINT ( 'NONE',  ( -1.175000000000000044, 1.350000000000000089, 0.1099999999999989597 ) ) ;
#4027 = CARTESIAN_POINT ( 'NONE',  ( 0.1750000000000009881, 1.299999999999999378, 0.1099999999999980160 ) ) ;
#4028 = VERTEX_POINT ( 'NONE', #1377 ) ;
#4029 = EDGE_CURVE ( 'NONE', #532, #7652, #6470, .T. ) ;
#4030 = PLANE ( 'NONE',  #3944 ) ;
#4031 = LINE ( 'NONE', #5930, #1474 ) ;
#4032 = CARTESIAN_POINT ( 'NONE',  ( -2.174999999999999822, 0.9499999999999869660, 0.03619548911246139866 ) ) ;
#4033 = DIRECTION ( 'NONE',  ( 0.2163711612039609100, 0.9520331092974131382, 0.2163711612039582732 ) ) ;
#4034 = EDGE_CURVE ( 'NONE', #8126, #3595, #2530, .T. ) ;
#4035 = ORIENTED_EDGE ( 'NONE', *, *, #5238, .T. ) ;
#4036 = PRESENTATION_STYLE_ASSIGNMENT (( #2054 ) ) ;
#4037 = EDGE_CURVE ( 'NONE', #6383, #1943, #5849, .T. ) ;
#4038 = DIRECTION ( 'NONE',  ( -1.000000000000000000, 5.243344273594249610E-32, 2.289834988289389802E-16 ) ) ;
#4039 = LINE ( 'NONE', #5363, #4635 ) ;
#4040 = DIRECTION ( 'NONE',  ( 1.000000000000000000, -0.000000000000000000, -2.289834988289389802E-16 ) ) ;
#4041 = AXIS2_PLACEMENT_3D ( 'NONE', #5661, #6982, #4964 ) ;
#4042 = CARTESIAN_POINT ( 'NONE',  ( 2.325000000000000178, 1.245779075397750235, -1.788933584601082316E-15 ) ) ;
#4043 = CARTESIAN_POINT ( 'NONE',  ( 2.174999999999999822, 0.9999999999999988898, 0.07866077735406315496 ) ) ;
#4044 = LINE ( 'NONE', #3333, #4614 ) ;
#4045 = ORIENTED_EDGE ( 'NONE', *, *, #6719, .F. ) ;
#4046 = CARTESIAN_POINT ( 'NONE',  ( -0.3374999999999980238, 0.9199999999999990408, 0.07999999999999909961 ) ) ;
#4047 = ORIENTED_EDGE ( 'NONE', *, *, #4186, .F. ) ;
#4048 = CARTESIAN_POINT ( 'NONE',  ( 1.675000000000000044, 1.349999999999999867, 0.3099999999999979994 ) ) ;
#4049 = VERTEX_POINT ( 'NONE', #5729 ) ;
#4050 = PLANE ( 'NONE',  #7768 ) ;
#4051 = ORIENTED_EDGE ( 'NONE', *, *, #4398, .F. ) ;
#4052 = ORIENTED_EDGE ( 'NONE', *, *, #7208, .F. ) ;
#4053 = ORIENTED_EDGE ( 'NONE', *, *, #1656, .T. ) ;
#4054 = VECTOR ( 'NONE', #4960, 1000.000000000000000 ) ;
#4055 = CARTESIAN_POINT ( 'NONE',  ( -2.952500000000000124, 0.9999999999999988898, 0.07999999999999939104 ) ) ;
#4056 = LINE ( 'NONE', #7745, #1282 ) ;
#4057 = EDGE_CURVE ( 'NONE', #1871, #179, #42, .T. ) ;
#4058 = VECTOR ( 'NONE', #827, 1000.000000000000000 ) ;
#4059 = ORIENTED_EDGE ( 'NONE', *, *, #1103, .T. ) ;
#4060 = DIRECTION ( 'NONE',  ( -1.000000000000000000, 0.000000000000000000, 2.289834988289389802E-16 ) ) ;
#4061 = EDGE_CURVE ( 'NONE', #2148, #50, #1889, .T. ) ;
#4062 = VERTEX_POINT ( 'NONE', #6973 ) ;
#4063 = DIRECTION ( 'NONE',  ( -1.000000000000000000, 0.000000000000000000, 2.289834988289389802E-16 ) ) ;
#4064 = DIRECTION ( 'NONE',  ( 0.000000000000000000, 0.000000000000000000, 1.000000000000000000 ) ) ;
#4065 = LINE ( 'NONE', #4154, #2356 ) ;
#4066 = LINE ( 'NONE', #4027, #6572 ) ;
#4067 = ORIENTED_EDGE ( 'NONE', *, *, #13, .F. ) ;
#4068 = VECTOR ( 'NONE', #1952, 1000.000000000000000 ) ;
#4069 = EDGE_CURVE ( 'NONE', #6635, #3295, #6705, .T. ) ;
#4070 = EDGE_CURVE ( 'NONE', #1238, #6939, #2612, .T. ) ;
#4071 = VECTOR ( 'NONE', #5118, 1000.000000000000000 ) ;
#4072 = ORIENTED_EDGE ( 'NONE', *, *, #1341, .F. ) ;
#4073 = DIRECTION ( 'NONE',  ( -2.289834988289389802E-16, 0.000000000000000000, -1.000000000000000000 ) ) ;
#4074 = EDGE_CURVE ( 'NONE', #5516, #8201, #4448, .T. ) ;
#4075 = FACE_OUTER_BOUND ( 'NONE', #7241, .T. ) ;
#4076 = DIRECTION ( 'NONE',  ( -2.289834988289389802E-16, 0.000000000000000000, -1.000000000000000000 ) ) ;
#4077 = DIRECTION ( 'NONE',  ( 1.000000000000000000, -5.243344273594249610E-32, -2.289834988289389802E-16 ) ) ;
#4078 = ORIENTED_EDGE ( 'NONE', *, *, #7939, .F. ) ;
#4079 = DIRECTION ( 'NONE',  ( 0.2163711612039750376, 0.9520331092974100295, 0.2163711612039575793 ) ) ;
#4080 = CARTESIAN_POINT ( 'NONE',  ( -3.115000000000000213, -1.899999999999999911, 0.8199999999999999512 ) ) ;
#4081 = LINE ( 'NONE', #2106, #5657 ) ;
#4082 = DIRECTION ( 'NONE',  ( 0.000000000000000000, 1.065228634467009955E-16, 1.000000000000000000 ) ) ;
#4083 = AXIS2_PLACEMENT_3D ( 'NONE', #741, #6337, #6419 ) ;
#4084 = EDGE_CURVE ( 'NONE', #686, #4774, #6313, .T. ) ;
#4085 = EDGE_CURVE ( 'NONE', #6410, #7383, #3391, .T. ) ;
#4086 = CARTESIAN_POINT ( 'NONE',  ( 3.265000000000000124, -1.649999999999999911, 0.1199999999999979972 ) ) ;
#4087 = ORIENTED_EDGE ( 'NONE', *, *, #3352, .T. ) ;
#4088 = CARTESIAN_POINT ( 'NONE',  ( -3.265000000000000124, -1.550000000000000266, -3.252606517456513302E-16 ) ) ;
#4089 = LINE ( 'NONE', #766, #735 ) ;
#4090 = AXIS2_PLACEMENT_3D ( 'NONE', #3553, #4767, #5917 ) ;
#4091 = VERTEX_POINT ( 'NONE', #6634 ) ;
#4092 = CARTESIAN_POINT ( 'NONE',  ( 2.174999999999999822, 0.9431866336109969717, 0.06541154699933750261 ) ) ;
#4093 = CARTESIAN_POINT ( 'NONE',  ( -1.175000000000000044, 0.9199999999999866063, 0.03619548911246119050 ) ) ;
#4094 = AXIS2_PLACEMENT_3D ( 'NONE', #4486, #7013, #8115 ) ;
#4095 = ORIENTED_EDGE ( 'NONE', *, *, #8140, .F. ) ;
#4096 = VECTOR ( 'NONE', #4461, 1000.000000000000000 ) ;
#4097 = DIRECTION ( 'NONE',  ( 0.000000000000000000, 0.9751328557914595851, 0.2216211035889688874 ) ) ;
#4098 = ORIENTED_EDGE ( 'NONE', *, *, #1958, .T. ) ;
#4099 = EDGE_LOOP ( 'NONE', ( #2965, #5016, #8009, #1050, #1709, #8257 ) ) ;
#4100 = AXIS2_PLACEMENT_3D ( 'NONE', #5307, #907, #5918 ) ;
#4101 = VERTEX_POINT ( 'NONE', #3436 ) ;
#4102 = PLANE ( 'NONE',  #195 ) ;
#4103 = DIRECTION ( 'NONE',  ( 5.243344273594249610E-32, 1.000000000000000000, -1.200639317332292868E-47 ) ) ;
#4104 = VECTOR ( 'NONE', #1685, 1000.000000000000000 ) ;
#4105 = VERTEX_POINT ( 'NONE', #7217 ) ;
#4106 = LINE ( 'NONE', #405, #3395 ) ;
#4107 = VERTEX_POINT ( 'NONE', #2270 ) ;
#4108 = DIRECTION ( 'NONE',  ( -0.000000000000000000, -0.8035571933447460680, -0.5952275506257370674 ) ) ;
#4109 = ORIENTED_EDGE ( 'NONE', *, *, #875, .F. ) ;
#4110 = CARTESIAN_POINT ( 'NONE',  ( -2.765000000000000124, -0.6000000000000009770, 0.6900000000000000577 ) ) ;
#4111 = DIRECTION ( 'NONE',  ( 0.000000000000000000, 0.000000000000000000, 1.000000000000000000 ) ) ;
#4112 = VERTEX_POINT ( 'NONE', #4777 ) ;
#4113 = EDGE_CURVE ( 'NONE', #778, #4353, #4815, .T. ) ;
#4114 = VERTEX_POINT ( 'NONE', #5393 ) ;
#4115 = CARTESIAN_POINT ( 'NONE',  ( 3.265000000000000124, -1.799999999999990274, 0.5199999999999990186 ) ) ;
#4116 = PLANE ( 'NONE',  #2285 ) ;
#4117 = CARTESIAN_POINT ( 'NONE',  ( -3.115000000000000213, -1.550000000000000266, -3.252606517456513302E-16 ) ) ;
#4118 = DIRECTION ( 'NONE',  ( 5.243344273594249610E-32, 1.000000000000000000, -1.200639317332292868E-47 ) ) ;
#4119 = EDGE_CURVE ( 'NONE', #3179, #956, #1591, .T. ) ;
#4120 = ORIENTED_EDGE ( 'NONE', *, *, #829, .T. ) ;
#4121 = PLANE ( 'NONE',  #6688 ) ;
#4122 = CARTESIAN_POINT ( 'NONE',  ( 1.675000000000000044, 0.9199999999999866063, 0.03619548911246039946 ) ) ;
#4123 = DIRECTION ( 'NONE',  ( 1.000000000000000000, 1.095226655160557364E-16, -1.478555984466754179E-16 ) ) ;
#4124 = CARTESIAN_POINT ( 'NONE',  ( -1.324999999999999956, 1.350000000000000089, 0.1099999999999990014 ) ) ;
#4125 = EDGE_CURVE ( 'NONE', #5302, #6174, #2141, .T. ) ;
#4126 = EDGE_CURVE ( 'NONE', #4114, #5720, #7796, .T. ) ;
#4127 = AXIS2_PLACEMENT_3D ( 'NONE', #7950, #398, #6650 ) ;
#4128 = DIRECTION ( 'NONE',  ( -5.326143172335046695E-17, -1.000000000000000000, 5.326143172335039299E-17 ) ) ;
#4129 = CARTESIAN_POINT ( 'NONE',  ( 2.785000000000002807, -1.800000000000000266, 0.9999999999999997780 ) ) ;
#4130 = DIRECTION ( 'NONE',  ( -6.123031769111880128E-17, 6.123031769111880128E-17, -1.000000000000000000 ) ) ;
#4131 = CARTESIAN_POINT ( 'NONE',  ( -2.765000000000000124, -1.780000000000000249, 0.1888888888888863304 ) ) ;
#4132 = ORIENTED_EDGE ( 'NONE', *, *, #1732, .T. ) ;
#4133 = LINE ( 'NONE', #6654, #1412 ) ;
#4134 = CARTESIAN_POINT ( 'NONE',  ( -0.8249999999999979572, 1.299999999999990274, 0.04999999999999984318 ) ) ;
#4135 = EDGE_CURVE ( 'NONE', #1408, #1718, #789, .T. ) ;
#4136 = PLANE ( 'NONE',  #3840 ) ;
#4137 = EDGE_CURVE ( 'NONE', #3370, #3583, #3354, .T. ) ;
#4138 = AXIS2_PLACEMENT_3D ( 'NONE', #3205, #1780, #6316 ) ;
#4139 = ADVANCED_FACE ( 'NONE', ( #5352 ), #963, .T. ) ;
#4140 = AXIS2_PLACEMENT_3D ( 'NONE', #6546, #6508, #2608 ) ;
#4141 = ORIENTED_EDGE ( 'NONE', *, *, #8094, .T. ) ;
#4142 = CARTESIAN_POINT ( 'NONE',  ( -2.765000000000000124, -1.629999999999999893, 0.2999999999999996558 ) ) ;
#4144 = ORIENTED_EDGE ( 'NONE', *, *, #4651, .T. ) ;
#4143 = ORIENTED_EDGE ( 'NONE', *, *, #3929, .T. ) ;
#4145 = VERTEX_POINT ( 'NONE', #7927 ) ;
#4146 = ORIENTED_EDGE ( 'NONE', *, *, #5639, .F. ) ;
#4147 = EDGE_CURVE ( 'NONE', #5894, #2296, #3988, .T. ) ;
#4148 = CARTESIAN_POINT ( 'NONE',  ( 3.265000000000000124, -1.147779969318961868, 0.01787644580804344588 ) ) ;
#4149 = DIRECTION ( 'NONE',  ( -2.289834988289389802E-16, 0.000000000000000000, -1.000000000000000000 ) ) ;
#4150 = ORIENTED_EDGE ( 'NONE', *, *, #2891, .T. ) ;
#4151 = ORIENTED_EDGE ( 'NONE', *, *, #3731, .F. ) ;
#4152 = CYLINDRICAL_SURFACE ( 'NONE', #8260, 0.05000000000000429101 ) ;
#4153 = VERTEX_POINT ( 'NONE', #7885 ) ;
#4154 = CARTESIAN_POINT ( 'NONE',  ( 3.220000000000000195, 0.5337243177612559508, 0.9399999999999987255 ) ) ;
#4155 = AXIS2_PLACEMENT_3D ( 'NONE', #6850, #4444, #6346 ) ;
#4156 = CARTESIAN_POINT ( 'NONE',  ( -0.3249999999999980127, 1.350000000000000089, 0.3100000000000010525 ) ) ;
#4157 = VERTEX_POINT ( 'NONE', #7176 ) ;
#4158 = ORIENTED_EDGE ( 'NONE', *, *, #1832, .T. ) ;
#4159 = LINE ( 'NONE', #4938, #713 ) ;
#4160 = FACE_OUTER_BOUND ( 'NONE', #2265, .T. ) ;
#4161 = DIRECTION ( 'NONE',  ( 0.000000000000000000, 0.9751328557914595851, 0.2216211035889688874 ) ) ;
#4162 = DIRECTION ( 'NONE',  ( 2.439197797730288502E-32, -1.000000000000000000, 1.065228634467009955E-16 ) ) ;
#4163 = ORIENTED_EDGE ( 'NONE', *, *, #120, .F. ) ;
#4164 = ORIENTED_EDGE ( 'NONE', *, *, #2094, .T. ) ;
#4165 = CYLINDRICAL_SURFACE ( 'NONE', #8161, 0.02999999999999989828 ) ;
#4166 = DIRECTION ( 'NONE',  ( 0.000000000000000000, 1.065228634467009955E-16, 1.000000000000000000 ) ) ;
#4167 = CARTESIAN_POINT ( 'NONE',  ( 6.765000000000000568, -1.629999999999998339, 0.2999999999999981015 ) ) ;
#4168 = CARTESIAN_POINT ( 'NONE',  ( -1.324999999999999956, 1.350000000000000089, 0.1099999999999990014 ) ) ;
#4169 = EDGE_CURVE ( 'NONE', #3778, #3569, #5266, .T. ) ;
#4170 = DIRECTION ( 'NONE',  ( 5.243344273594249610E-32, 1.000000000000000000, -1.200639317332292868E-47 ) ) ;
#4171 = CARTESIAN_POINT ( 'NONE',  ( -4.325000000000000178, -0.06999999999979379661, 0.8400000000000109601 ) ) ;
#4172 = CARTESIAN_POINT ( 'NONE',  ( 2.764999999999999236, -0.6000000000000009770, 0.6899999999999987255 ) ) ;
#4173 = DIRECTION ( 'NONE',  ( -2.439197797730288502E-32, 1.000000000000000000, -1.065228634467009955E-16 ) ) ;
#4174 = EDGE_LOOP ( 'NONE', ( #1657, #3644, #5206, #2053 ) ) ;
#4175 = EDGE_CURVE ( 'NONE', #1358, #5663, #4066, .T. ) ;
#4176 = CARTESIAN_POINT ( 'NONE',  ( -0.8249999999999979572, 0.9199999999999860512, -6.661338147750940229E-16 ) ) ;
#4177 = CARTESIAN_POINT ( 'NONE',  ( -2.933678328689710124, -0.8000000000000010436, 0.1799999999999999933 ) ) ;
#4178 = VECTOR ( 'NONE', #6865, 1000.000000000000000 ) ;
#4179 = EDGE_CURVE ( 'NONE', #1899, #5379, #7256, .T. ) ;
#4180 = ADVANCED_FACE ( 'NONE', ( #7301 ), #1424, .F. ) ;
#4181 = VECTOR ( 'NONE', #7596, 1000.000000000000000 ) ;
#4182 = ORIENTED_EDGE ( 'NONE', *, *, #6093, .T. ) ;
#4183 = DIRECTION ( 'NONE',  ( 0.000000000000000000, 0.000000000000000000, -1.000000000000000000 ) ) ;
#4185 = ORIENTED_EDGE ( 'NONE', *, *, #7149, .F. ) ;
#4184 = ORIENTED_EDGE ( 'NONE', *, *, #2998, .T. ) ;
#4186 = EDGE_CURVE ( 'NONE', #471, #1006, #6184, .T. ) ;
#4187 = EDGE_LOOP ( 'NONE', ( #4804, #3772, #7202, #4497, #3219, #7869, #5045, #2631 ) ) ;
#4188 = ORIENTED_EDGE ( 'NONE', *, *, #5446, .F. ) ;
#4189 = CARTESIAN_POINT ( 'NONE',  ( -0.4499999999999990119, 0.9999999999999988898, 0.02999999999999891642 ) ) ;
#4190 = CYLINDRICAL_SURFACE ( 'NONE', #2495, 0.05000000000000002359 ) ;
#4191 = ADVANCED_FACE ( 'NONE', ( #334 ), #5440, .T. ) ;
#4192 = EDGE_CURVE ( 'NONE', #3884, #4933, #5314, .T. ) ;
#4193 = ORIENTED_EDGE ( 'NONE', *, *, #4441, .F. ) ;
#4194 = ORIENTED_EDGE ( 'NONE', *, *, #4069, .F. ) ;
#4195 = LINE ( 'NONE', #6760, #4950 ) ;
#4196 = ORIENTED_EDGE ( 'NONE', *, *, #7006, .F. ) ;
#4197 = LINE ( 'NONE', #6763, #8197 ) ;
#4198 = CARTESIAN_POINT ( 'NONE',  ( 3.115000000000000213, -1.000000000000000000, 0.8199999999999980638 ) ) ;
#4199 = ORIENTED_EDGE ( 'NONE', *, *, #1468, .T. ) ;
#4200 = AXIS2_PLACEMENT_3D ( 'NONE', #509, #3070, #5520 ) ;
#4201 = ORIENTED_EDGE ( 'NONE', *, *, #1317, .T. ) ;
#4202 = CARTESIAN_POINT ( 'NONE',  ( 3.299999999999999822, -1.000000000000000000, 0.3299999999999980727 ) ) ;
#4203 = CARTESIAN_POINT ( 'NONE',  ( -0.6749999999999980460, 0.9999999999999988898, 0.07866077735406419580 ) ) ;
#4204 = CARTESIAN_POINT ( 'NONE',  ( -1.925000000000000044, 0.8499999999999999778, 0.05499999999999939659 ) ) ;
#4205 = ORIENTED_EDGE ( 'NONE', *, *, #7127, .T. ) ;
#4206 = ORIENTED_EDGE ( 'NONE', *, *, #6696, .T. ) ;
#4207 = DIRECTION ( 'NONE',  ( -1.000000000000000000, 5.243344273594249610E-32, 2.289834988289389802E-16 ) ) ;
#4208 = EDGE_LOOP ( 'NONE', ( #23, #1872, #5348, #6447 ) ) ;
#4209 = AXIS2_PLACEMENT_3D ( 'NONE', #7855, #1643, #3535 ) ;
#4210 = VECTOR ( 'NONE', #8214, 1000.000000000000000 ) ;
#4211 = DIRECTION ( 'NONE',  ( 2.804146475863970139E-32, 1.000000000000000000, -1.065228634467009955E-16 ) ) ;
#4212 = DIRECTION ( 'NONE',  ( -2.289834988289389802E-16, 0.000000000000000000, -1.000000000000000000 ) ) ;
#4213 = CARTESIAN_POINT ( 'NONE',  ( 1.350000000000000089, 1.350000000000000089, 0.3099999999999980549 ) ) ;
#4214 = FACE_OUTER_BOUND ( 'NONE', #6193, .T. ) ;
#4215 = LINE ( 'NONE', #6783, #3480 ) ;
#4216 = CARTESIAN_POINT ( 'NONE',  ( 0.6750000000000010436, 0.9199999999999868283, -1.013477496369930829E-15 ) ) ;
#4217 = CARTESIAN_POINT ( 'NONE',  ( 1.100000000000000311, 0.9199999999999997069, 0.07999999999999880818 ) ) ;
#4218 = VERTEX_POINT ( 'NONE', #4198 ) ;
#4219 = DIRECTION ( 'NONE',  ( 0.000000000000000000, -2.289834988289389802E-16, -1.000000000000000000 ) ) ;
#4220 = STYLED_ITEM ( 'NONE', ( #7771 ), #7433 ) ;
#4221 = DIRECTION ( 'NONE',  ( -1.000000000000000000, 5.243344273594249610E-32, 2.289834988289389802E-16 ) ) ;
#4222 = AXIS2_PLACEMENT_3D ( 'NONE', #4412, #5618, #4959 ) ;
#4223 = EDGE_CURVE ( 'NONE', #3645, #1325, #2405, .T. ) ;
#4224 = VECTOR ( 'NONE', #121, 1000.000000000000000 ) ;
#4225 = ORIENTED_EDGE ( 'NONE', *, *, #4029, .T. ) ;
#4226 = CARTESIAN_POINT ( 'NONE',  ( 1.175000000000000044, 1.350000000000000089, 0.1599999999999988376 ) ) ;
#4228 = EDGE_LOOP ( 'NONE', ( #4698, #6786, #6064, #8244 ) ) ;
#4227 = VERTEX_POINT ( 'NONE', #4901 ) ;
#4229 = EDGE_LOOP ( 'NONE', ( #4845, #1944, #7870, #3891, #989, #4385, #5453, #4592 ) ) ;
#4230 = ORIENTED_EDGE ( 'NONE', *, *, #1158, .T. ) ;
#4231 = EDGE_CURVE ( 'NONE', #6491, #5483, #7470, .T. ) ;
#4232 = CARTESIAN_POINT ( 'NONE',  ( -1.949999999999999956, 0.6999999999999995115, 0.02999999999999938480 ) ) ;
#4233 = VECTOR ( 'NONE', #6435, 1000.000000000000000 ) ;
#4234 = LINE ( 'NONE', #3022, #4765 ) ;
#4235 = EDGE_CURVE ( 'NONE', #1592, #6913, #4246, .T. ) ;
#4236 = AXIS2_PLACEMENT_3D ( 'NONE', #5827, #2113, #100 ) ;
#4237 = PRESENTATION_LAYER_ASSIGNMENT (  '', '', ( #7409 ) ) ;
#4238 = VECTOR ( 'NONE', #7035, 1000.000000000000000 ) ;
#4239 = ORIENTED_EDGE ( 'NONE', *, *, #5696, .T. ) ;
#4240 = EDGE_LOOP ( 'NONE', ( #3468, #4011, #1340, #3355, #1367, #4858 ) ) ;
#4241 = CARTESIAN_POINT ( 'NONE',  ( -1.824999999999999956, 1.299999999999990274, 0.05000000000000007910 ) ) ;
#4242 = DIRECTION ( 'NONE',  ( 2.031580073665170638E-16, -0.4613527366419891695, 0.8872168012345953425 ) ) ;
#4243 = VERTEX_POINT ( 'NONE', #6806 ) ;
#4244 = CARTESIAN_POINT ( 'NONE',  ( 0.8250000000000019540, 0.9999999999999988898, 0.3099999999999981659 ) ) ;
#4245 = VECTOR ( 'NONE', #2828, 1000.000000000000000 ) ;
#4246 = LINE ( 'NONE', #5480, #1248 ) ;
#4247 = ADVANCED_FACE ( 'NONE', ( #6891 ), #8105, .F. ) ;
#4248 = ORIENTED_EDGE ( 'NONE', *, *, #5597, .F. ) ;
#4249 = VECTOR ( 'NONE', #6449, 1000.000000000000000 ) ;
#4250 = VECTOR ( 'NONE', #4033, 1000.000000000000114 ) ;
#4251 = ORIENTED_EDGE ( 'NONE', *, *, #4904, .F. ) ;
#4252 = LINE ( 'NONE', #4782, #4420 ) ;
#4253 = CARTESIAN_POINT ( 'NONE',  ( 1.675000000000000044, 0.9199999999999860512, 0.03619548911246039946 ) ) ;
#4254 = DIRECTION ( 'NONE',  ( -1.000000000000000000, 0.000000000000000000, 2.289834988289389802E-16 ) ) ;
#4255 = ORIENTED_EDGE ( 'NONE', *, *, #6408, .F. ) ;
#4256 = ORIENTED_EDGE ( 'NONE', *, *, #6994, .T. ) ;
#4257 = AXIS2_PLACEMENT_3D ( 'NONE', #7646, #2699, #5235 ) ;
#4258 = DIRECTION ( 'NONE',  ( 1.000000000000000000, 0.000000000000000000, -2.289834988289389802E-16 ) ) ;
#4259 = ORIENTED_EDGE ( 'NONE', *, *, #5280, .F. ) ;
#4260 = FACE_OUTER_BOUND ( 'NONE', #6568, .T. ) ;
#4261 = CARTESIAN_POINT ( 'NONE',  ( 0.4250000000000009881, 0.8499999999999989786, 0.05499999999999879985 ) ) ;
#4262 = LINE ( 'NONE', #2375, #2505 ) ;
#4263 = CARTESIAN_POINT ( 'NONE',  ( -47.10249999999999915, 0.9999999999999988898, 0.03000000000000959885 ) ) ;
#4264 = DIRECTION ( 'NONE',  ( -0.2163711612039613263, 0.9520331092974130272, 0.2163711612039584675 ) ) ;
#4265 = DIRECTION ( 'NONE',  ( -1.000000000000000000, -5.064598682745559595E-17, 2.171725397418661469E-16 ) ) ;
#4266 = CARTESIAN_POINT ( 'NONE',  ( -1.675000000000000044, 1.350000000000000089, -0.8336977386159070136 ) ) ;
#4267 = VERTEX_POINT ( 'NONE', #6234 ) ;
#4268 = DIRECTION ( 'NONE',  ( -2.289834988289389802E-16, 0.000000000000000000, -1.000000000000000000 ) ) ;
#4269 = LINE ( 'NONE', #2384, #4376 ) ;
#4270 = VERTEX_POINT ( 'NONE', #1004 ) ;
#4271 = CARTESIAN_POINT ( 'NONE',  ( -3.115000000000000213, -1.464196000000000053, 0.3700000000000010503 ) ) ;
#4272 = CARTESIAN_POINT ( 'NONE',  ( -2.100000000000000089, 0.9999999999999993339, 0.07999999999999939104 ) ) ;
#4273 = VERTEX_POINT ( 'NONE', #6764 ) ;
#4274 = ORIENTED_EDGE ( 'NONE', *, *, #1047, .T. ) ;
#4275 = VECTOR ( 'NONE', #3493, 1000.000000000000000 ) ;
#4276 = ORIENTED_EDGE ( 'NONE', *, *, #3913, .T. ) ;
#4277 = CARTESIAN_POINT ( 'NONE',  ( -1.175000000000000044, 0.9431866336109966387, 0.06541154699933854344 ) ) ;
#4278 = CARTESIAN_POINT ( 'NONE',  ( -2.325000000000000178, 0.9199999999999864952, -3.396819862426049387E-16 ) ) ;
#4279 = EDGE_CURVE ( 'NONE', #1498, #6153, #7430, .T. ) ;
#4280 = ORIENTED_EDGE ( 'NONE', *, *, #2921, .T. ) ;
#4281 = ORIENTED_EDGE ( 'NONE', *, *, #1495, .F. ) ;
#4282 = LINE ( 'NONE', #3026, #5685 ) ;
#4283 = ORIENTED_EDGE ( 'NONE', *, *, #5077, .F. ) ;
#4284 = ADVANCED_FACE ( 'NONE', ( #1723 ), #4286, .T. ) ;
#4285 = PLANE ( 'NONE',  #3023 ) ;
#4286 = PLANE ( 'NONE',  #7761 ) ;
#4287 = VERTEX_POINT ( 'NONE', #1763 ) ;
#4288 = EDGE_CURVE ( 'NONE', #3176, #6104, #6187, .T. ) ;
#4289 = EDGE_CURVE ( 'NONE', #2148, #2371, #8014, .T. ) ;
#4290 = ORIENTED_EDGE ( 'NONE', *, *, #2660, .F. ) ;
#4291 = VECTOR ( 'NONE', #3859, 1000.000000000000000 ) ;
#4292 = DIRECTION ( 'NONE',  ( -2.289834988289389802E-16, 0.000000000000000000, -1.000000000000000000 ) ) ;
#4293 = CARTESIAN_POINT ( 'NONE',  ( -3.115000000000000213, -1.149999999999999911, 0.06782713613135755992 ) ) ;
#4294 = LINE ( 'NONE', #6815, #5297 ) ;
#4295 = VERTEX_POINT ( 'NONE', #8177 ) ;
#4296 = EDGE_CURVE ( 'NONE', #1431, #3123, #5607, .T. ) ;
#4297 = CARTESIAN_POINT ( 'NONE',  ( -1.324999999999999956, 0.9199999999999868283, -5.582571442156824847E-16 ) ) ;
#4298 = ORIENTED_EDGE ( 'NONE', *, *, #4478, .F. ) ;
#4299 = CARTESIAN_POINT ( 'NONE',  ( 3.265000000000000124, -1.749999999999990008, 0.4699999999999999734 ) ) ;
#4300 = DIRECTION ( 'NONE',  ( -2.289834988289389802E-16, 0.000000000000000000, -1.000000000000000000 ) ) ;
#4301 = ADVANCED_FACE ( 'NONE', ( #2985 ), #8143, .T. ) ;
#4302 = PLANE ( 'NONE',  #7523 ) ;
#4303 = CYLINDRICAL_SURFACE ( 'NONE', #8095, 0.05000000000000070360 ) ;
#4304 = EDGE_CURVE ( 'NONE', #3385, #7526, #7506, .T. ) ;
#4305 = DIRECTION ( 'NONE',  ( 0.000000000000000000, 0.000000000000000000, -1.000000000000000000 ) ) ;
#4306 = LINE ( 'NONE', #5499, #3287 ) ;
#4307 = ORIENTED_EDGE ( 'NONE', *, *, #7520, .T. ) ;
#4308 = LINE ( 'NONE', #5992, #5883 ) ;
#4309 = CARTESIAN_POINT ( 'NONE',  ( 0.1625000000000020040, 0.9999999999999988898, 0.07999999999999890532 ) ) ;
#4310 = EDGE_LOOP ( 'NONE', ( #495, #369, #2126, #1489 ) ) ;
#4311 = FACE_OUTER_BOUND ( 'NONE', #5391, .T. ) ;
#4312 = PLANE ( 'NONE',  #4892 ) ;
#4313 = ORIENTED_EDGE ( 'NONE', *, *, #2061, .F. ) ;
#4314 = ORIENTED_EDGE ( 'NONE', *, *, #4470, .F. ) ;
#4315 = ORIENTED_EDGE ( 'NONE', *, *, #5403, .T. ) ;
#4316 = DIRECTION ( 'NONE',  ( 0.000000000000000000, 0.000000000000000000, 1.000000000000000000 ) ) ;
#4317 = PLANE ( 'NONE',  #2635 ) ;
#4318 = VECTOR ( 'NONE', #5419, 1000.000000000000000 ) ;
#4319 = CARTESIAN_POINT ( 'NONE',  ( 0.3250000000000020095, 1.299999999999990274, 0.1705002310154649925 ) ) ;
#4320 = ORIENTED_EDGE ( 'NONE', *, *, #1832, .F. ) ;
#4321 = VERTEX_POINT ( 'NONE', #2943 ) ;
#4322 = DIRECTION ( 'NONE',  ( 0.000000000000000000, -1.000000000000000000, 2.289834988289389802E-16 ) ) ;
#4323 = ORIENTED_EDGE ( 'NONE', *, *, #3867, .T. ) ;
#4324 = CARTESIAN_POINT ( 'NONE',  ( -2.325000000000000178, 3.624702236056390081, -0.8336977386159070136 ) ) ;
#4325 = DIRECTION ( 'NONE',  ( -0.7071067811865441310, 0.7071067811865510144, 0.000000000000000000 ) ) ;
#4326 = ORIENTED_EDGE ( 'NONE', *, *, #3008, .F. ) ;
#4327 = EDGE_CURVE ( 'NONE', #1589, #530, #3926, .T. ) ;
#4328 = EDGE_LOOP ( 'NONE', ( #2489, #6903, #5212, #2677, #3984, #5759, #382, #2572, #734, #2035, #226, #5256, #376, #1176, #6390, #6378, #3208, #5253 ) ) ;
#4329 = FACE_OUTER_BOUND ( 'NONE', #6946, .T. ) ;
#4330 = DIRECTION ( 'NONE',  ( -0.7071067811865520136, 0.000000000000000000, 0.7071067811865431318 ) ) ;
#4331 = CARTESIAN_POINT ( 'NONE',  ( -2.174999999999999822, 1.249999999999990008, -4.336808689942017736E-16 ) ) ;
#4332 = ORIENTED_EDGE ( 'NONE', *, *, #1341, .T. ) ;
#4333 = DIRECTION ( 'NONE',  ( -1.000000000000000000, 5.243344273594249610E-32, 2.289834988289389802E-16 ) ) ;
#4334 = LINE ( 'NONE', #2956, #2468 ) ;
#4335 = VECTOR ( 'NONE', #7131, 1000.000000000000000 ) ;
#4336 = ADVANCED_FACE ( 'NONE', ( #1802 ), #4365, .T. ) ;
#4337 = CYLINDRICAL_SURFACE ( 'NONE', #1931, 0.02999999999999989828 ) ;
#4338 = LINE ( 'NONE', #6203, #5515 ) ;
#4339 = VECTOR ( 'NONE', #122, 1000.000000000000000 ) ;
#4340 = LINE ( 'NONE', #4379, #5593 ) ;
#4341 = DIRECTION ( 'NONE',  ( 0.000000000000000000, 0.7071067811865453523, 0.7071067811865497932 ) ) ;
#4342 = ORIENTED_EDGE ( 'NONE', *, *, #6340, .T. ) ;
#4343 = DIRECTION ( 'NONE',  ( 0.000000000000000000, 0.000000000000000000, -1.000000000000000000 ) ) ;
#4344 = ADVANCED_FACE ( 'NONE', ( #3743 ), #545, .T. ) ;
#4345 = CARTESIAN_POINT ( 'NONE',  ( -47.10249999999999915, 1.000000000000000000, 0.03000000000000959885 ) ) ;
#4346 = ADVANCED_FACE ( 'NONE', ( #6716 ), #6101, .T. ) ;
#4347 = CIRCLE ( 'NONE', #3269, 0.05000000000000070360 ) ;
#4348 = ORIENTED_EDGE ( 'NONE', *, *, #7424, .F. ) ;
#4349 = LINE ( 'NONE', #6873, #3686 ) ;
#4350 = CARTESIAN_POINT ( 'NONE',  ( 0.1000000000000002970, 0.9999999999999988898, 0.07999999999999887756 ) ) ;
#4351 =( GEOMETRIC_REPRESENTATION_CONTEXT ( 3 ) GLOBAL_UNCERTAINTY_ASSIGNED_CONTEXT ( ( #5064 ) ) GLOBAL_UNIT_ASSIGNED_CONTEXT ( ( #2628, #5826, #1983 ) ) REPRESENTATION_CONTEXT ( 'NONE', 'WORKASPACE' ) );
#4352 = ORIENTED_EDGE ( 'NONE', *, *, #5035, .T. ) ;
#4353 = VERTEX_POINT ( 'NONE', #6964 ) ;
#4354 = EDGE_LOOP ( 'NONE', ( #5915, #6148, #5622, #4014 ) ) ;
#4355 = DIRECTION ( 'NONE',  ( -1.000000000000000000, 5.243344273594249610E-32, 2.289834988289389802E-16 ) ) ;
#4356 = VECTOR ( 'NONE', #2269, 1000.000000000000000 ) ;
#4357 = DIRECTION ( 'NONE',  ( -1.000000000000000000, 2.804146475863970139E-32, -2.987057121330055487E-48 ) ) ;
#4358 = DIRECTION ( 'NONE',  ( -1.000000000000000000, -0.000000000000000000, -0.000000000000000000 ) ) ;
#4359 = VERTEX_POINT ( 'NONE', #4477 ) ;
#4360 = VERTEX_POINT ( 'NONE', #623 ) ;
#4361 = CARTESIAN_POINT ( 'NONE',  ( 2.952500000000000124, -1.899999999999999911, 1.050000000000000044 ) ) ;
#4362 = VECTOR ( 'NONE', #4847, 1000.000000000000000 ) ;
#4363 = ORIENTED_EDGE ( 'NONE', *, *, #3158, .F. ) ;
#4364 = CARTESIAN_POINT ( 'NONE',  ( -1.824999999999999956, 1.249999999999990008, -5.421010862427522170E-16 ) ) ;
#4365 = PLANE ( 'NONE',  #2182 ) ;
#4366 = VECTOR ( 'NONE', #5468, 1000.000000000000000 ) ;
#4367 = VECTOR ( 'NONE', #8218, 1000.000000000000114 ) ;
#4368 = EDGE_LOOP ( 'NONE', ( #633, #110, #2013, #6195 ) ) ;
#4369 = CARTESIAN_POINT ( 'NONE',  ( 3.265000000000000124, -1.600000000000000089, 0.04999999999999869826 ) ) ;
#4370 = VECTOR ( 'NONE', #4873, 1000.000000000000000 ) ;
#4371 = LINE ( 'NONE', #5031, #4443 ) ;
#4372 = VECTOR ( 'NONE', #6329, 1000.000000000000000 ) ;
#4373 = CARTESIAN_POINT ( 'NONE',  ( 3.270000000000000462, 1.045602317761259892, 0.8400000000000079625 ) ) ;
#4374 = LINE ( 'NONE', #553, #7099 ) ;
#4375 = EDGE_CURVE ( 'NONE', #2098, #348, #1960, .T. ) ;
#4377 = LINE ( 'NONE', #2494, #5545 ) ;
#4376 = VECTOR ( 'NONE', #3639, 1000.000000000000000 ) ;
#4378 = FACE_OUTER_BOUND ( 'NONE', #3418, .T. ) ;
#4379 = CARTESIAN_POINT ( 'NONE',  ( -2.765000000000000124, -1.199999999999999956, 0.7200000000000001954 ) ) ;
#4380 = DIRECTION ( 'NONE',  ( 0.000000000000000000, 2.289834988289389802E-16, 1.000000000000000000 ) ) ;
#4381 = ORIENTED_EDGE ( 'NONE', *, *, #943, .T. ) ;
#4382 = CARTESIAN_POINT ( 'NONE',  ( 1.824999999999999956, 1.245779075397750235, -1.436567878543293375E-15 ) ) ;
#4383 = CARTESIAN_POINT ( 'NONE',  ( -3.265000000000000124, -1.824999999999989964, 0.3752010000000010059 ) ) ;
#4384 = ADVANCED_FACE ( 'NONE', ( #77 ), #5803, .F. ) ;
#4385 = ORIENTED_EDGE ( 'NONE', *, *, #7050, .T. ) ;
#4386 = LINE ( 'NONE', #1900, #3015 ) ;
#4387 = LINE ( 'NONE', #3093, #3419 ) ;
#4388 = EDGE_CURVE ( 'NONE', #374, #4977, #1252, .T. ) ;
#4389 = VERTEX_POINT ( 'NONE', #1216 ) ;
#4390 = EDGE_CURVE ( 'NONE', #4433, #1910, #5098, .T. ) ;
#4391 = VERTEX_POINT ( 'NONE', #1333 ) ;
#4392 = ORIENTED_EDGE ( 'NONE', *, *, #5138, .T. ) ;
#4393 = ADVANCED_FACE ( 'NONE', ( #3813 ), #8259, .T. ) ;
#4394 = FILL_AREA_STYLE ('',( #3135 ) ) ;
#4395 = CIRCLE ( 'NONE', #5458, 0.05000000000000070360 ) ;
#4396 = FACE_OUTER_BOUND ( 'NONE', #8249, .T. ) ;
#4397 = LINE ( 'NONE', #572, #4731 ) ;
#4398 = EDGE_CURVE ( 'NONE', #4021, #3379, #4439, .T. ) ;
#4399 = ORIENTED_EDGE ( 'NONE', *, *, #6554, .T. ) ;
#4400 = ORIENTED_EDGE ( 'NONE', *, *, #1037, .T. ) ;
#4401 = CARTESIAN_POINT ( 'NONE',  ( -0.4500000000000019540, 0.6999999999999991784, 0.02999999999999896846 ) ) ;
#4402 = ORIENTED_EDGE ( 'NONE', *, *, #7584, .T. ) ;
#4403 = DIRECTION ( 'NONE',  ( 0.000000000000000000, 0.000000000000000000, -1.000000000000000000 ) ) ;
#4404 = CARTESIAN_POINT ( 'NONE',  ( 3.265000000000000124, -1.799999999999990274, 0.3699999999999989964 ) ) ;
#4405 = VECTOR ( 'NONE', #666, 1000.000000000000000 ) ;
#4406 = ORIENTED_EDGE ( 'NONE', *, *, #3629, .F. ) ;
#4407 = DIRECTION ( 'NONE',  ( -5.243344273594270410E-32, 1.000000000000000000, -2.289834988289389802E-16 ) ) ;
#4408 = PLANE ( 'NONE',  #7355 ) ;
#4409 = CARTESIAN_POINT ( 'NONE',  ( -3.265000000000000124, -1.649999999999999911, 0.1699999999999997902 ) ) ;
#4410 = CARTESIAN_POINT ( 'NONE',  ( -1.675000000000000044, 0.9499999999999869660, 0.03619548911246126682 ) ) ;
#4411 = ORIENTED_EDGE ( 'NONE', *, *, #3513, .T. ) ;
#4412 = CARTESIAN_POINT ( 'NONE',  ( -1.324999999999999956, 1.299999999999990274, 0.05000000000000000278 ) ) ;
#4413 = CARTESIAN_POINT ( 'NONE',  ( 3.265000000000000124, -1.799999999999990274, 0.3699999999999989964 ) ) ;
#4414 = DIRECTION ( 'NONE',  ( 1.000000000000000000, -5.243344273594249610E-32, -2.289834988289389802E-16 ) ) ;
#4415 = CARTESIAN_POINT ( 'NONE',  ( -0.04999999999999859418, 0.9999999999999988898, 0.02999999999999892336 ) ) ;
#4416 = VERTEX_POINT ( 'NONE', #1916 ) ;
#4417 = DIRECTION ( 'NONE',  ( 0.000000000000000000, 2.289834988289389802E-16, 1.000000000000000000 ) ) ;
#4418 = CARTESIAN_POINT ( 'NONE',  ( -0.3249999999999980127, 1.249999999999990008, -8.881784197001250351E-16 ) ) ;
#4419 = EDGE_CURVE ( 'NONE', #6811, #6328, #3855, .T. ) ;
#4420 = VECTOR ( 'NONE', #6107, 1000.000000000000000 ) ;
#4421 = ADVANCED_FACE ( 'NONE', ( #7705 ), #7591, .T. ) ;
#4422 = ORIENTED_EDGE ( 'NONE', *, *, #4327, .T. ) ;
#4423 = CARTESIAN_POINT ( 'NONE',  ( -1.824999999999999512, 1.349999999999999867, 0.3099999999999988320 ) ) ;
#4424 = DIRECTION ( 'NONE',  ( -1.000000000000000000, 5.243344273594249610E-32, 2.289834988289389802E-16 ) ) ;
#4425 = ORIENTED_EDGE ( 'NONE', *, *, #184, .T. ) ;
#4426 = VERTEX_POINT ( 'NONE', #6926 ) ;
#4427 = ORIENTED_EDGE ( 'NONE', *, *, #2018, .F. ) ;
#4428 = CARTESIAN_POINT ( 'NONE',  ( 3.265000000000000124, -1.228897383693329903, 0.1699999999999980138 ) ) ;
#4429 = EDGE_CURVE ( 'NONE', #1401, #970, #1293, .T. ) ;
#4430 = EDGE_CURVE ( 'NONE', #4933, #1677, #5022, .T. ) ;
#4431 = CARTESIAN_POINT ( 'NONE',  ( 2.174999999999999822, 0.9199999999999860512, 0.03619548911245999701 ) ) ;
#4432 = CARTESIAN_POINT ( 'NONE',  ( 3.299999999999999822, 0.2899999999999989808, 0.3099999999999979994 ) ) ;
#4433 = VERTEX_POINT ( 'NONE', #6462 ) ;
#4434 = VERTEX_POINT ( 'NONE', #660 ) ;
#4435 = CARTESIAN_POINT ( 'NONE',  ( 4.325000000000000178, 0.9999999999999988898, 0.07999999999999869715 ) ) ;
#4436 = VERTEX_POINT ( 'NONE', #1883 ) ;
#4437 = CARTESIAN_POINT ( 'NONE',  ( -1.324999999999999956, 0.9499999999999869660, 0.03619548911246119743 ) ) ;
#4438 = EDGE_CURVE ( 'NONE', #4754, #3297, #2522, .T. ) ;
#4439 = LINE ( 'NONE', #6338, #2592 ) ;
#4440 = MECHANICAL_DESIGN_GEOMETRIC_PRESENTATION_REPRESENTATION (  '', ( #1225 ), #2441 ) ;
#4441 = EDGE_CURVE ( 'NONE', #5610, #3595, #700, .T. ) ;
#4442 = ORIENTED_EDGE ( 'NONE', *, *, #2393, .T. ) ;
#4443 = VECTOR ( 'NONE', #1259, 1000.000000000000000 ) ;
#4444 = DIRECTION ( 'NONE',  ( -1.000000000000000000, 5.243344273594249610E-32, 2.289834988289389802E-16 ) ) ;
#4445 = LINE ( 'NONE', #7475, #5723 ) ;
#4446 = DIRECTION ( 'NONE',  ( -1.000000000000000000, 0.000000000000000000, 2.289834988289389802E-16 ) ) ;
#4447 = CARTESIAN_POINT ( 'NONE',  ( 0.6750000000000010436, 0.9999999999999988898, 0.07866077735406379334 ) ) ;
#4448 = LINE ( 'NONE', #1261, #2721 ) ;
#4449 = DIRECTION ( 'NONE',  ( 0.2163711612039740939, 0.9520331092974103626, 0.2163711612039576904 ) ) ;
#4450 = DIRECTION ( 'NONE',  ( 0.000000000000000000, 0.000000000000000000, -1.000000000000000000 ) ) ;
#4451 = DIRECTION ( 'NONE',  ( -0.2163711612039591892, 0.9520331092974139153, 0.2163711612039564136 ) ) ;
#4452 = LINE ( 'NONE', #5110, #614 ) ;
#4453 = VERTEX_POINT ( 'NONE', #2603 ) ;
#4454 = VECTOR ( 'NONE', #673, 1000.000000000000000 ) ;
#4455 = DIRECTION ( 'NONE',  ( 0.000000000000000000, -1.000000000000000000, 2.289834988289389802E-16 ) ) ;
#4456 = CYLINDRICAL_SURFACE ( 'NONE', #2361, 0.04999999999999720640 ) ;
#4457 = CARTESIAN_POINT ( 'NONE',  ( -1.324999999999999956, 0.9999999999999988898, 0.07866077735406429294 ) ) ;
#4458 = AXIS2_PLACEMENT_3D ( 'NONE', #3108, #7341, #1632 ) ;
#4459 = ORIENTED_EDGE ( 'NONE', *, *, #3514, .F. ) ;
#4460 = CARTESIAN_POINT ( 'NONE',  ( 3.265000000000000124, -1.899999999999999911, 0.5199999999999980194 ) ) ;
#4461 = DIRECTION ( 'NONE',  ( 2.289834988289389802E-16, -0.000000000000000000, 1.000000000000000000 ) ) ;
#4462 = ORIENTED_EDGE ( 'NONE', *, *, #173, .F. ) ;
#4463 = ORIENTED_EDGE ( 'NONE', *, *, #5086, .F. ) ;
#4464 = VERTEX_POINT ( 'NONE', #3268 ) ;
#4465 = VECTOR ( 'NONE', #7583, 1000.000000000000000 ) ;
#4466 = EDGE_CURVE ( 'NONE', #1995, #7170, #1997, .T. ) ;
#4467 = AXIS2_PLACEMENT_3D ( 'NONE', #1706, #823, #4060 ) ;
#4468 = DIRECTION ( 'NONE',  ( -1.000000000000000000, -0.000000000000000000, -0.000000000000000000 ) ) ;
#4469 = LINE ( 'NONE', #3806, #1520 ) ;
#4470 = EDGE_CURVE ( 'NONE', #7141, #2600, #1371, .T. ) ;
#4471 = VERTEX_POINT ( 'NONE', #114 ) ;
#4472 = ORIENTED_EDGE ( 'NONE', *, *, #1574, .T. ) ;
#4473 = ORIENTED_EDGE ( 'NONE', *, *, #4779, .T. ) ;
#4474 = DIRECTION ( 'NONE',  ( -5.326143172335038067E-17, 1.000000000000000000, -5.326143172335105860E-17 ) ) ;
#4475 = VECTOR ( 'NONE', #34, 1000.000000000000000 ) ;
#4476 = ADVANCED_FACE ( 'NONE', ( #7552 ), #4596, .T. ) ;
#4477 = CARTESIAN_POINT ( 'NONE',  ( 3.270000000000000018, 1.649999999999999689, 0.3099999999999978328 ) ) ;
#4478 = EDGE_CURVE ( 'NONE', #4007, #7517, #2169, .T. ) ;
#4479 = VECTOR ( 'NONE', #4449, 1000.000000000000114 ) ;
#4480 = VECTOR ( 'NONE', #3389, 1000.000000000000000 ) ;
#4481 = ORIENTED_EDGE ( 'NONE', *, *, #4671, .F. ) ;
#4482 = CARTESIAN_POINT ( 'NONE',  ( -1.825000000000000178, 0.9999999999999988898, 0.3099999999999979994 ) ) ;
#4483 = CARTESIAN_POINT ( 'NONE',  ( 2.952500000000007230, -1.899999999999998579, 0.9999999999999993339 ) ) ;
#4484 = EDGE_CURVE ( 'NONE', #7336, #3305, #7788, .T. ) ;
#4485 = CARTESIAN_POINT ( 'NONE',  ( -0.3249999999999980127, 1.299999999999990274, 0.04999999999999980849 ) ) ;
#4486 = CARTESIAN_POINT ( 'NONE',  ( 0.6750000000000010436, 0.9199999999999860512, -9.992007221626412808E-16 ) ) ;
#4487 = DIRECTION ( 'NONE',  ( -1.000000000000000000, 5.243344273594249610E-32, 2.289834988289389802E-16 ) ) ;
#4488 = ORIENTED_EDGE ( 'NONE', *, *, #7097, .F. ) ;
#4489 = ADVANCED_FACE ( 'NONE', ( #6542 ), #3470, .T. ) ;
#4490 = AXIS2_PLACEMENT_3D ( 'NONE', #3690, #1121, #6754 ) ;
#4491 = VECTOR ( 'NONE', #4424, 1000.000000000000000 ) ;
#4492 = LINE ( 'NONE', #7088, #6578 ) ;
#4493 = VECTOR ( 'NONE', #3999, 1000.000000000000000 ) ;
#4494 = FACE_OUTER_BOUND ( 'NONE', #308, .T. ) ;
#4495 = DIRECTION ( 'NONE',  ( 0.000000000000000000, 1.065228634467009955E-16, 1.000000000000000000 ) ) ;
#4496 = CARTESIAN_POINT ( 'NONE',  ( 4.325000000000000178, 0.9999999999999988898, 0.3099999999999979994 ) ) ;
#4497 = ORIENTED_EDGE ( 'NONE', *, *, #6767, .T. ) ;
#4498 = DIRECTION ( 'NONE',  ( -2.289834988289389802E-16, 0.000000000000000000, -1.000000000000000000 ) ) ;
#4499 = DIRECTION ( 'NONE',  ( 0.000000000000000000, 1.065228634467009955E-16, 1.000000000000000000 ) ) ;
#4500 = PLANE ( 'NONE',  #4257 ) ;
#4501 = AXIS2_PLACEMENT_3D ( 'NONE', #5410, #2244, #4789 ) ;
#4502 = AXIS2_PLACEMENT_3D ( 'NONE', #2877, #2206, #2792 ) ;
#4503 = AXIS2_PLACEMENT_3D ( 'NONE', #3002, #6163, #2378 ) ;
#4504 = LINE ( 'NONE', #7026, #1041 ) ;
#4505 = ORIENTED_EDGE ( 'NONE', *, *, #395, .T. ) ;
#4506 = CARTESIAN_POINT ( 'NONE',  ( 3.500000000000000000, -1.000000000000000000, 0.8416139999999979748 ) ) ;
#4507 = FACE_OUTER_BOUND ( 'NONE', #7043, .T. ) ;
#4508 = ORIENTED_EDGE ( 'NONE', *, *, #1714, .F. ) ;
#4509 = ORIENTED_EDGE ( 'NONE', *, *, #4630, .T. ) ;
#4510 = EDGE_LOOP ( 'NONE', ( #5999, #1360, #1505, #3825, #6500, #1866, #1581, #4970 ) ) ;
#4511 = DIRECTION ( 'NONE',  ( 0.000000000000000000, 0.000000000000000000, 1.000000000000000000 ) ) ;
#4512 = CARTESIAN_POINT ( 'NONE',  ( 1.600000000000000089, 0.9199999999999997069, 0.07999999999999862776 ) ) ;
#4513 = CARTESIAN_POINT ( 'NONE',  ( -3.399999999999999911, 0.9999999999999988898, 0.3099999999999999423 ) ) ;
#4514 = EDGE_LOOP ( 'NONE', ( #6714, #4770, #364, #3016 ) ) ;
#4515 = ORIENTED_EDGE ( 'NONE', *, *, #1142, .T. ) ;
#4516 = ORIENTED_EDGE ( 'NONE', *, *, #5608, .F. ) ;
#4517 = CARTESIAN_POINT ( 'NONE',  ( -0.8374999999999980238, 0.9199999999999990408, 0.07999999999999919675 ) ) ;
#4518 = DIRECTION ( 'NONE',  ( 2.229998385641999896E-16, -0.2271122129663560585, 0.9738685962292472631 ) ) ;
#4519 = EDGE_CURVE ( 'NONE', #2841, #5996, #7836, .T. ) ;
#4520 = EDGE_LOOP ( 'NONE', ( #767, #3762, #3318, #7068 ) ) ;
#4521 = EDGE_CURVE ( 'NONE', #531, #3168, #4056, .T. ) ;
#4522 = LINE ( 'NONE', #1920, #930 ) ;
#4523 = LINE ( 'NONE', #4560, #4405 ) ;
#4524 = DIRECTION ( 'NONE',  ( -1.000000000000000000, 0.000000000000000000, 2.289834988289389802E-16 ) ) ;
#4525 = AXIS2_PLACEMENT_3D ( 'NONE', #4032, #6395, #711 ) ;
#4526 = LINE ( 'NONE', #1497, #5264 ) ;
#4527 = CARTESIAN_POINT ( 'NONE',  ( 3.115000000000000213, -1.100000000000000089, 0.5099999999999980105 ) ) ;
#4528 = VERTEX_POINT ( 'NONE', #2844 ) ;
#4529 = EDGE_CURVE ( 'NONE', #1589, #6887, #781, .T. ) ;
#4530 = EDGE_CURVE ( 'NONE', #1721, #7912, #7123, .T. ) ;
#4531 = CARTESIAN_POINT ( 'NONE',  ( -3.115000000000000213, -1.799999999999990274, 0.5200000000000003508 ) ) ;
#4532 = EDGE_CURVE ( 'NONE', #3506, #5423, #2802, .T. ) ;
#4533 = DIRECTION ( 'NONE',  ( -2.287576767830490100E-16, 0.04440061362072340173, -0.9990138064662086315 ) ) ;
#4534 = CARTESIAN_POINT ( 'NONE',  ( 3.265000000000000124, -1.099999999999997868, 0.06782713613135603337 ) ) ;
#4535 = CARTESIAN_POINT ( 'NONE',  ( 4.825000000000000178, 0.9999999999999988898, 0.07999999999999858613 ) ) ;
#4536 = EDGE_LOOP ( 'NONE', ( #5837, #2103, #988, #7434 ) ) ;
#4537 = CARTESIAN_POINT ( 'NONE',  ( -0.9250000000000000444, 0.9999999999999988898, 0.05499999999999919537 ) ) ;
#4538 = CARTESIAN_POINT ( 'NONE',  ( 2.050000000000000711, 0.6999999999999998446, 0.02999999999999826070 ) ) ;
#4539 = LINE ( 'NONE', #3363, #5433 ) ;
#4540 = EDGE_CURVE ( 'NONE', #4603, #3012, #2086, .T. ) ;
#4541 = LINE ( 'NONE', #804, #3572 ) ;
#4542 = DIRECTION ( 'NONE',  ( 5.243344273594249610E-32, 1.000000000000000000, -1.200639317332292868E-47 ) ) ;
#4543 = FACE_OUTER_BOUND ( 'NONE', #7575, .T. ) ;
#4544 = FACE_OUTER_BOUND ( 'NONE', #8015, .T. ) ;
#4545 = VERTEX_POINT ( 'NONE', #3511 ) ;
#4546 = ORIENTED_EDGE ( 'NONE', *, *, #6408, .T. ) ;
#4547 = VECTOR ( 'NONE', #6968, 1000.000000000000000 ) ;
#4548 = VERTEX_POINT ( 'NONE', #1456 ) ;
#4549 = CARTESIAN_POINT ( 'NONE',  ( 3.265000000000000124, -1.600000000000000089, 0.04999999999999871908 ) ) ;
#4550 = EDGE_CURVE ( 'NONE', #1028, #1899, #239, .T. ) ;
#4551 = ORIENTED_EDGE ( 'NONE', *, *, #6696, .F. ) ;
#4552 = CARTESIAN_POINT ( 'NONE',  ( -0.1749999999999980460, 1.349999999999999867, 0.3099999999999982769 ) ) ;
#4553 = EDGE_LOOP ( 'NONE', ( #6077, #7320, #6853, #2814, #2117, #6155, #2399, #1136 ) ) ;
#4554 = ORIENTED_EDGE ( 'NONE', *, *, #381, .T. ) ;
#4555 = ORIENTED_EDGE ( 'NONE', *, *, #1552, .T. ) ;
#4556 = DIRECTION ( 'NONE',  ( 2.439197797730288502E-32, -1.000000000000000000, 1.065228634467009955E-16 ) ) ;
#4557 = DIRECTION ( 'NONE',  ( -1.000000000000000000, 1.099120794378905705E-16, 1.465494392505207935E-16 ) ) ;
#4558 = ORIENTED_EDGE ( 'NONE', *, *, #1294, .T. ) ;
#4559 = DIRECTION ( 'NONE',  ( 5.243344273594249610E-32, 1.000000000000000000, -1.200639317332292868E-47 ) ) ;
#4560 = CARTESIAN_POINT ( 'NONE',  ( 1.175000000000000044, 0.9999999999999988898, 0.07866077735406359905 ) ) ;
#4561 = PLANE ( 'NONE',  #6421 ) ;
#4562 = VECTOR ( 'NONE', #299, 1000.000000000000000 ) ;
#4563 = LINE ( 'NONE', #4527, #7899 ) ;
#4564 = ORIENTED_EDGE ( 'NONE', *, *, #4304, .F. ) ;
#4565 = EDGE_CURVE ( 'NONE', #2974, #7248, #3346, .T. ) ;
#4566 = VECTOR ( 'NONE', #4258, 1000.000000000000000 ) ;
#4567 = LINE ( 'NONE', #2730, #1669 ) ;
#4568 = LINE ( 'NONE', #4653, #2591 ) ;
#4569 = DIRECTION ( 'NONE',  ( 0.000000000000000000, 0.8035571933447460680, 0.5952275506257370674 ) ) ;
#4570 = CARTESIAN_POINT ( 'NONE',  ( 2.049999999999999822, 0.6999999999999999556, 0.02999999999999826764 ) ) ;
#4571 = ORIENTED_EDGE ( 'NONE', *, *, #1465, .T. ) ;
#4572 = EDGE_CURVE ( 'NONE', #7554, #2598, #1583, .T. ) ;
#4573 = LINE ( 'NONE', #2698, #5556 ) ;
#4574 = DIRECTION ( 'NONE',  ( 1.000000000000000000, 0.000000000000000000, -2.289834988289389802E-16 ) ) ;
#4575 = EDGE_CURVE ( 'NONE', #8217, #7077, #820, .T. ) ;
#4576 = CARTESIAN_POINT ( 'NONE',  ( 0.5499999999999980460, 0.6999999999999990674, 0.02999999999999873948 ) ) ;
#4577 = CARTESIAN_POINT ( 'NONE',  ( -3.265000000000000124, -1.799999999999990274, 0.5200000000000003508 ) ) ;
#4578 = CARTESIAN_POINT ( 'NONE',  ( -3.002499999999999947, -1.350000000000000089, 0.1799999999999998823 ) ) ;
#4579 = FACE_OUTER_BOUND ( 'NONE', #6052, .T. ) ;
#4580 = EDGE_CURVE ( 'NONE', #7242, #1681, #3423, .T. ) ;
#4581 = ORIENTED_EDGE ( 'NONE', *, *, #4288, .F. ) ;
#4582 = FACE_OUTER_BOUND ( 'NONE', #8065, .T. ) ;
#4583 = ORIENTED_EDGE ( 'NONE', *, *, #4585, .T. ) ;
#4584 = EDGE_LOOP ( 'NONE', ( #7808, #3025, #5885, #1593 ) ) ;
#4585 = EDGE_CURVE ( 'NONE', #6140, #1953, #3383, .T. ) ;
#4586 = FACE_OUTER_BOUND ( 'NONE', #4514, .T. ) ;
#4587 = ADVANCED_FACE ( 'NONE', ( #281, #5383 ), #2681, .T. ) ;
#4588 = VECTOR ( 'NONE', #1089, 1000.000000000000000 ) ;
#4589 = ORIENTED_EDGE ( 'NONE', *, *, #8107, .T. ) ;
#4590 = DIRECTION ( 'NONE',  ( 0.000000000000000000, 0.000000000000000000, -1.000000000000000000 ) ) ;
#4591 = ORIENTED_EDGE ( 'NONE', *, *, #8027, .T. ) ;
#4592 = ORIENTED_EDGE ( 'NONE', *, *, #5001, .T. ) ;
#4593 = AXIS2_PLACEMENT_3D ( 'NONE', #5617, #2416, #5034 ) ;
#4594 = EDGE_LOOP ( 'NONE', ( #4571, #6083, #3818, #1219 ) ) ;
#4595 = FACE_OUTER_BOUND ( 'NONE', #4520, .T. ) ;
#4596 = CYLINDRICAL_SURFACE ( 'NONE', #1828, 0.02999999999999989828 ) ;
#4597 = ORIENTED_EDGE ( 'NONE', *, *, #4279, .F. ) ;
#4598 = DIRECTION ( 'NONE',  ( 1.000000000000000000, 0.000000000000000000, -2.289834988289389802E-16 ) ) ;
#4599 = PLANE ( 'NONE',  #8250 ) ;
#4600 = AXIS2_PLACEMENT_3D ( 'NONE', #3863, #668, #5767 ) ;
#4601 = FACE_OUTER_BOUND ( 'NONE', #920, .T. ) ;
#4602 = DIRECTION ( 'NONE',  ( -1.000000000000000000, 5.243344273594249610E-32, -0.000000000000000000 ) ) ;
#4603 = VERTEX_POINT ( 'NONE', #5877 ) ;
#4604 = VECTOR ( 'NONE', #4170, 1000.000000000000000 ) ;
#4605 = AXIS2_PLACEMENT_3D ( 'NONE', #4437, #1800, #4403 ) ;
#4606 = DIRECTION ( 'NONE',  ( 2.804146475863970139E-32, 1.000000000000000000, -1.065228634467009955E-16 ) ) ;
#4607 = LINE ( 'NONE', #834, #5112 ) ;
#4608 = FACE_OUTER_BOUND ( 'NONE', #3622, .T. ) ;
#4609 = DIRECTION ( 'NONE',  ( 0.7071067811865520136, -0.000000000000000000, 0.7071067811865431318 ) ) ;
#4610 = ORIENTED_EDGE ( 'NONE', *, *, #6719, .T. ) ;
#4611 = CARTESIAN_POINT ( 'NONE',  ( -0.1749999999999979905, 1.245779075397750235, 0.1705002310154649925 ) ) ;
#4612 = LINE ( 'NONE', #5199, #5935 ) ;
#4613 = DIRECTION ( 'NONE',  ( 1.000000000000000000, 0.000000000000000000, -2.289834988289389802E-16 ) ) ;
#4614 = VECTOR ( 'NONE', #5865, 1000.000000000000000 ) ;
#4615 = EDGE_CURVE ( 'NONE', #1080, #7457, #150, .T. ) ;
#4616 = VECTOR ( 'NONE', #3183, 1000.000000000000000 ) ;
#4617 = VECTOR ( 'NONE', #1285, 1000.000000000000000 ) ;
#4618 = DIRECTION ( 'NONE',  ( -1.000000000000000000, 2.804146475863970139E-32, -2.987057121330055487E-48 ) ) ;
#4619 = PLANE ( 'NONE',  #6870 ) ;
#4620 = CARTESIAN_POINT ( 'NONE',  ( -3.269999999999999574, 1.045602317761259892, 0.8400000000000099609 ) ) ;
#4621 = CARTESIAN_POINT ( 'NONE',  ( -3.270000000000000018, 0.4600000000000005751, 0.8900000000000004574 ) ) ;
#4622 = ORIENTED_EDGE ( 'NONE', *, *, #160, .F. ) ;
#4624 = EDGE_CURVE ( 'NONE', #5060, #7853, #4973, .T. ) ;
#4623 = LINE ( 'NONE', #5244, #7134 ) ;
#4625 = ORIENTED_EDGE ( 'NONE', *, *, #3735, .F. ) ;
#4626 = VECTOR ( 'NONE', #5462, 1000.000000000000000 ) ;
#4627 = ORIENTED_EDGE ( 'NONE', *, *, #1915, .T. ) ;
#4628 = DIRECTION ( 'NONE',  ( 0.000000000000000000, 0.000000000000000000, -1.000000000000000000 ) ) ;
#4629 = VECTOR ( 'NONE', #7769, 1000.000000000000000 ) ;
#4630 = EDGE_CURVE ( 'NONE', #5310, #3297, #1793, .T. ) ;
#4631 = ADVANCED_FACE ( 'NONE', ( #455 ), #4190, .T. ) ;
#4632 = ORIENTED_EDGE ( 'NONE', *, *, #6594, .F. ) ;
#4633 = DIRECTION ( 'NONE',  ( 1.000000000000000000, -5.243344273594249610E-32, -2.289834988289389802E-16 ) ) ;
#4634 = VERTEX_POINT ( 'NONE', #4278 ) ;
#4635 = VECTOR ( 'NONE', #7185, 1000.000000000000000 ) ;
#4636 = EDGE_CURVE ( 'NONE', #4966, #3845, #4234, .T. ) ;
#4637 = EDGE_LOOP ( 'NONE', ( #1841, #3192, #1092, #1086 ) ) ;
#4638 = ORIENTED_EDGE ( 'NONE', *, *, #3438, .F. ) ;
#4639 = DIRECTION ( 'NONE',  ( 1.000000000000000000, 0.000000000000000000, -2.289834988289389802E-16 ) ) ;
#4640 = CARTESIAN_POINT ( 'NONE',  ( 7.299999999999999822, -0.02000000000000092329, 0.8400000000000099609 ) ) ;
#4641 = EDGE_CURVE ( 'NONE', #530, #504, #5557, .T. ) ;
#4642 = EDGE_CURVE ( 'NONE', #2531, #2296, #665, .T. ) ;
#4643 = ORIENTED_EDGE ( 'NONE', *, *, #5457, .T. ) ;
#4644 = CARTESIAN_POINT ( 'NONE',  ( 3.825000000000000178, 0.9999999999999988898, 0.07999999999999890532 ) ) ;
#4645 = CARTESIAN_POINT ( 'NONE',  ( 2.325000000000000178, 0.9999999999999988898, 0.07866077735406309945 ) ) ;
#4646 = CARTESIAN_POINT ( 'NONE',  ( 2.325000000000000178, 0.9999999999999988898, 0.07866077735406309945 ) ) ;
#4647 = CARTESIAN_POINT ( 'NONE',  ( 0.1750000000000009881, 1.350000000000000089, 0.3100000000000010525 ) ) ;
#4648 = AXIS2_PLACEMENT_3D ( 'NONE', #2926, #1030, #5465 ) ;
#4649 = DIRECTION ( 'NONE',  ( -2.289834988289389802E-16, -2.289834988289389802E-16, -1.000000000000000000 ) ) ;
#4650 = ORIENTED_EDGE ( 'NONE', *, *, #6168, .F. ) ;
#4651 = EDGE_CURVE ( 'NONE', #568, #1871, #205, .T. ) ;
#4652 = PLANE ( 'NONE',  #5268 ) ;
#4653 = CARTESIAN_POINT ( 'NONE',  ( -1.324999999999999956, 0.9199999999999860512, 0.03619548911246119743 ) ) ;
#4654 = VECTOR ( 'NONE', #343, 1000.000000000000000 ) ;
#4655 = CARTESIAN_POINT ( 'NONE',  ( -3.299999999999999822, 0.8999999999999990230, 0.8400000000000101830 ) ) ;
#4656 = DIRECTION ( 'NONE',  ( 1.000000000000000000, 4.948562843061550213E-17, -2.177367650947074402E-16 ) ) ;
#4657 = ORIENTED_EDGE ( 'NONE', *, *, #8149, .F. ) ;
#4658 = DIRECTION ( 'NONE',  ( 0.7071067811865474617, 0.7071067811865474617, 0.000000000000000000 ) ) ;
#4659 = LINE ( 'NONE', #6604, #7287 ) ;
#4660 = LINE ( 'NONE', #7813, #4493 ) ;
#4661 = VECTOR ( 'NONE', #3518, 1000.000000000000000 ) ;
#4662 = LINE ( 'NONE', #7858, #6372 ) ;
#4663 = DIRECTION ( 'NONE',  ( -0.7071067811865529018, 0.000000000000000000, 0.7071067811865422437 ) ) ;
#4664 = DIRECTION ( 'NONE',  ( 1.000000000000000000, 0.000000000000000000, -2.289834988289389802E-16 ) ) ;
#4665 = ORIENTED_EDGE ( 'NONE', *, *, #4904, .T. ) ;
#4666 = CARTESIAN_POINT ( 'NONE',  ( 1.675000000000000044, 1.245779075397750235, 0.1705002310154639933 ) ) ;
#4667 = ORIENTED_EDGE ( 'NONE', *, *, #1917, .F. ) ;
#4668 = EDGE_LOOP ( 'NONE', ( #7302, #6086, #2368, #4488 ) ) ;
#4669 = EDGE_CURVE ( 'NONE', #4157, #2974, #1689, .T. ) ;
#4670 = LINE ( 'NONE', #6532, #5296 ) ;
#4671 = EDGE_CURVE ( 'NONE', #6725, #5426, #2431, .T. ) ;
#4672 = VECTOR ( 'NONE', #4292, 1000.000000000000000 ) ;
#4673 = ORIENTED_EDGE ( 'NONE', *, *, #6589, .T. ) ;
#4674 = DIRECTION ( 'NONE',  ( 1.000000000000000000, -5.243344273594249610E-32, -2.289834988289389802E-16 ) ) ;
#4675 = ORIENTED_EDGE ( 'NONE', *, *, #5435, .T. ) ;
#4676 = ORIENTED_EDGE ( 'NONE', *, *, #2504, .F. ) ;
#4677 = ORIENTED_EDGE ( 'NONE', *, *, #7680, .F. ) ;
#4678 = DIRECTION ( 'NONE',  ( -1.000000000000000000, 5.243344273594249610E-32, 2.289834988289389802E-16 ) ) ;
#4679 = VECTOR ( 'NONE', #3452, 1000.000000000000000 ) ;
#4680 = EDGE_CURVE ( 'NONE', #5299, #3361, #2263, .T. ) ;
#4681 = CARTESIAN_POINT ( 'NONE',  ( -3.265000000000000124, -1.749999999999990008, 0.3752010000000010059 ) ) ;
#4682 = EDGE_CURVE ( 'NONE', #5246, #1408, #2903, .T. ) ;
#4683 = VECTOR ( 'NONE', #7306, 1000.000000000000000 ) ;
#4684 = ORIENTED_EDGE ( 'NONE', *, *, #2295, .F. ) ;
#4685 = DIRECTION ( 'NONE',  ( -0.7071067811865275887, 0.000000000000000000, 0.7071067811865675568 ) ) ;
#4686 = ORIENTED_EDGE ( 'NONE', *, *, #3670, .T. ) ;
#4687 = CARTESIAN_POINT ( 'NONE',  ( 2.765000000000000124, -0.6000000000000009770, 0.3299999999999979061 ) ) ;
#4688 =( NAMED_UNIT ( * ) PLANE_ANGLE_UNIT ( ) SI_UNIT ( $, .RADIAN. ) );
#4689 = EDGE_CURVE ( 'NONE', #1413, #8114, #3712, .T. ) ;
#4690 = CARTESIAN_POINT ( 'NONE',  ( 1.449999999999998401, 0.9999999999999988898, 0.02999999999999839601 ) ) ;
#4691 = ADVANCED_FACE ( 'NONE', ( #2349 ), #4317, .T. ) ;
#4692 = DIRECTION ( 'NONE',  ( -0.000000000000000000, -1.065228634467009955E-16, -1.000000000000000000 ) ) ;
#4693 = ORIENTED_EDGE ( 'NONE', *, *, #4790, .T. ) ;
#4694 = DIRECTION ( 'NONE',  ( 0.000000000000000000, 0.000000000000000000, 1.000000000000000000 ) ) ;
#4695 = DIRECTION ( 'NONE',  ( -1.000000000000000000, 0.000000000000000000, -0.000000000000000000 ) ) ;
#4696 = CARTESIAN_POINT ( 'NONE',  ( 1.824999999999999956, 1.299999999999990274, 0.04999999999999918399 ) ) ;
#4697 = CARTESIAN_POINT ( 'NONE',  ( 1.175000000000000044, 1.249999999999986233, 2.581756423231107433E-15 ) ) ;
#4698 = ORIENTED_EDGE ( 'NONE', *, *, #3195, .T. ) ;
#4699 = CARTESIAN_POINT ( 'NONE',  ( -0.6749999999999980460, 1.350000000000000089, 0.1099999999999989597 ) ) ;
#4700 = DIRECTION ( 'NONE',  ( -2.289834988289389802E-16, -2.289834988289389802E-16, -1.000000000000000000 ) ) ;
#4701 = CARTESIAN_POINT ( 'NONE',  ( 2.765000000000000124, -1.200000000000001510, 0.2999999999999978795 ) ) ;
#4702 = DIRECTION ( 'NONE',  ( -0.7071067811865520136, 0.000000000000000000, 0.7071067811865431318 ) ) ;
#4703 = AXIS2_PLACEMENT_3D ( 'NONE', #5042, #4455, #1269 ) ;
#4704 = CARTESIAN_POINT ( 'NONE',  ( 3.265000000000000124, -1.228897383693329903, 0.5099999999999980105 ) ) ;
#4705 = LINE ( 'NONE', #6486, #2213 ) ;
#4706 = CARTESIAN_POINT ( 'NONE',  ( -0.8249999999999979572, 0.9999999999999988898, 0.07866077735406418192 ) ) ;
#4707 = ORIENTED_EDGE ( 'NONE', *, *, #477, .T. ) ;
#4708 = CARTESIAN_POINT ( 'NONE',  ( 0.6625000000000019762, 0.9199999999999990408, 0.07999999999999890532 ) ) ;
#4709 = CARTESIAN_POINT ( 'NONE',  ( -1.675000000000000044, 0.9199999999999864952, -4.604187401705906040E-16 ) ) ;
#4710 = ORIENTED_EDGE ( 'NONE', *, *, #4085, .F. ) ;
#4711 = CARTESIAN_POINT ( 'NONE',  ( 3.115000000000000213, -1.000000000000000000, 0.3299999999999980727 ) ) ;
#4712 = ORIENTED_EDGE ( 'NONE', *, *, #5249, .T. ) ;
#4713 = ORIENTED_EDGE ( 'NONE', *, *, #1564, .T. ) ;
#4714 = ORIENTED_EDGE ( 'NONE', *, *, #782, .T. ) ;
#4715 = EDGE_CURVE ( 'NONE', #3920, #4754, #6838, .T. ) ;
#4716 = PLANE ( 'NONE',  #4090 ) ;
#4717 = VECTOR ( 'NONE', #918, 1000.000000000000000 ) ;
#4718 = DIRECTION ( 'NONE',  ( 0.000000000000000000, 0.000000000000000000, -1.000000000000000000 ) ) ;
#4719 = EDGE_CURVE ( 'NONE', #5871, #3730, #3647, .T. ) ;
#4720 = VECTOR ( 'NONE', #7353, 1000.000000000000000 ) ;
#4721 = ORIENTED_EDGE ( 'NONE', *, *, #1174, .F. ) ;
#4722 = LINE ( 'NONE', #3684, #185 ) ;
#4723 = ORIENTED_EDGE ( 'NONE', *, *, #7925, .T. ) ;
#4724 = CARTESIAN_POINT ( 'NONE',  ( 2.325000000000000178, 1.350000000000000089, 0.1705002310154639933 ) ) ;
#4725 = ORIENTED_EDGE ( 'NONE', *, *, #8236, .T. ) ;
#4726 = EDGE_CURVE ( 'NONE', #7621, #460, #1624, .T. ) ;
#4727 = EDGE_CURVE ( 'NONE', #2974, #2202, #5596, .T. ) ;
#4728 = CARTESIAN_POINT ( 'NONE',  ( 2.325000000000000178, 0.9999999999999988898, 0.07866077735406309945 ) ) ;
#4729 = CARTESIAN_POINT ( 'NONE',  ( 1.750000000000000000, 0.5100000000000000089, 0.9399999999999990585 ) ) ;
#4730 = ORIENTED_EDGE ( 'NONE', *, *, #1615, .F. ) ;
#4731 = VECTOR ( 'NONE', #1328, 1000.000000000000000 ) ;
#4732 = AXIS2_PLACEMENT_3D ( 'NONE', #7171, #6791, #7841 ) ;
#4733 = EDGE_CURVE ( 'NONE', #3379, #6114, #321, .T. ) ;
#4734 = ORIENTED_EDGE ( 'NONE', *, *, #5851, .T. ) ;
#4735 = LINE ( 'NONE', #3696, #3682 ) ;
#4736 = EDGE_CURVE ( 'NONE', #1681, #8237, #4809, .T. ) ;
#4737 = DIRECTION ( 'NONE',  ( 0.000000000000000000, 1.065228634467009955E-16, 1.000000000000000000 ) ) ;
#4738 = DIRECTION ( 'NONE',  ( 1.000000000000000000, -5.243344273594249610E-32, -2.289834988289389802E-16 ) ) ;
#4739 = DIRECTION ( 'NONE',  ( -1.000000000000000000, 0.000000000000000000, -0.000000000000000000 ) ) ;
#4740 = EDGE_LOOP ( 'NONE', ( #7199, #6537, #6587, #1934, #914, #3276, #2435, #3995 ) ) ;
#4741 = EDGE_CURVE ( 'NONE', #7141, #3853, #4660, .T. ) ;
#4742 = LINE ( 'NONE', #2993, #4566 ) ;
#4743 = CYLINDRICAL_SURFACE ( 'NONE', #5546, 0.05000000000000070360 ) ;
#4744 = DIRECTION ( 'NONE',  ( 0.7071067811865520136, -0.000000000000000000, 0.7071067811865431318 ) ) ;
#4745 = LINE ( 'NONE', #4213, #6350 ) ;
#4746 = VECTOR ( 'NONE', #113, 1000.000000000000000 ) ;
#4747 = MANIFOLD_SOLID_BREP ( 'Imported1', #7633 ) ;
#4748 = AXIS2_PLACEMENT_3D ( 'NONE', #5165, #2705, #7770 ) ;
#4749 = DIRECTION ( 'NONE',  ( 2.289834988289389802E-16, -0.000000000000000000, 1.000000000000000000 ) ) ;
#4750 = LINE ( 'NONE', #7990, #5163 ) ;
#4751 = DIRECTION ( 'NONE',  ( 5.243344273594249610E-32, 1.000000000000000000, -1.200639317332292868E-47 ) ) ;
#4752 = DIRECTION ( 'NONE',  ( -1.000000000000000000, 5.243344273594249610E-32, 2.289834988289389802E-16 ) ) ;
#4753 = VECTOR ( 'NONE', #2194, 1000.000000000000000 ) ;
#4754 = VERTEX_POINT ( 'NONE', #1873 ) ;
#4755 = DIRECTION ( 'NONE',  ( 0.000000000000000000, 1.000000000000000000, -2.289834988289389802E-16 ) ) ;
#4756 = CARTESIAN_POINT ( 'NONE',  ( -3.102500000000000480, -1.749999999999999778, 1.000000000000000444 ) ) ;
#4757 = CARTESIAN_POINT ( 'NONE',  ( -0.9499999999999990674, 0.9999999999999991118, 0.03000000000000038400 ) ) ;
#4758 = AXIS2_PLACEMENT_3D ( 'NONE', #6995, #6414, #1327 ) ;
#4759 = EDGE_LOOP ( 'NONE', ( #1400, #2584, #4326, #6701 ) ) ;
#4760 = AXIS2_PLACEMENT_3D ( 'NONE', #2777, #128, #758 ) ;
#4761 = LINE ( 'NONE', #3505, #1684 ) ;
#4763 = EDGE_LOOP ( 'NONE', ( #2524, #2980, #6663, #5050 ) ) ;
#4762 = ORIENTED_EDGE ( 'NONE', *, *, #1052, .T. ) ;
#4764 = VERTEX_POINT ( 'NONE', #5672 ) ;
#4765 = VECTOR ( 'NONE', #6706, 1000.000000000000000 ) ;
#4766 = ORIENTED_EDGE ( 'NONE', *, *, #5091, .F. ) ;
#4767 = DIRECTION ( 'NONE',  ( -2.289834988289389802E-16, -2.289834988289389802E-16, -1.000000000000000000 ) ) ;
#4768 = DIRECTION ( 'NONE',  ( 1.000000000000000000, -5.243344273594249610E-32, -2.289834988289389802E-16 ) ) ;
#4769 = AXIS2_PLACEMENT_3D ( 'NONE', #1433, #7145, #1980 ) ;
#4770 = ORIENTED_EDGE ( 'NONE', *, *, #2328, .T. ) ;
#4771 = EDGE_LOOP ( 'NONE', ( #6670, #1877, #3130, #2512, #4597, #2672, #7471, #3467, #925, #17, #3560 ) ) ;
#4772 = PLANE ( 'NONE',  #2424 ) ;
#4773 =( NAMED_UNIT ( * ) SI_UNIT ( $, .STERADIAN. ) SOLID_ANGLE_UNIT ( ) );
#4774 = VERTEX_POINT ( 'NONE', #803 ) ;
#4775 = DIRECTION ( 'NONE',  ( -2.289834988289389802E-16, 0.000000000000000000, -1.000000000000000000 ) ) ;
#4776 = EDGE_CURVE ( 'NONE', #4977, #1413, #5714, .T. ) ;
#4777 = CARTESIAN_POINT ( 'NONE',  ( 2.325000000000000178, 1.299999999999994715, 0.1099999999999979605 ) ) ;
#4778 = ORIENTED_EDGE ( 'NONE', *, *, #7264, .T. ) ;
#4779 = EDGE_CURVE ( 'NONE', #4966, #957, #613, .T. ) ;
#4780 = ORIENTED_EDGE ( 'NONE', *, *, #5541, .T. ) ;
#4781 = CARTESIAN_POINT ( 'NONE',  ( -1.174999999999999822, 0.9999999999999988898, 0.07999999999999915512 ) ) ;
#4782 = CARTESIAN_POINT ( 'NONE',  ( -0.8249999999999979572, 1.350000000000000089, 0.1599999999999990041 ) ) ;
#4783 = CARTESIAN_POINT ( 'NONE',  ( -1.175000000000000044, 1.350000000000000089, 0.1705002310154649925 ) ) ;
#4784 = DIRECTION ( 'NONE',  ( 0.000000000000000000, 1.065228634467009955E-16, 1.000000000000000000 ) ) ;
#4785 = EDGE_LOOP ( 'NONE', ( #4811, #3257, #1013, #6188 ) ) ;
#4786 = CARTESIAN_POINT ( 'NONE',  ( -1.324999999999999956, 1.299999999999994715, 0.1099999999999990152 ) ) ;
#4787 = CARTESIAN_POINT ( 'NONE',  ( -0.8249999999999979572, 1.350000000000000089, 0.1099999999999990014 ) ) ;
#4788 = LINE ( 'NONE', #301, #6892 ) ;
#4789 = DIRECTION ( 'NONE',  ( 0.000000000000000000, -0.9738685962292471521, -0.2271122129663560307 ) ) ;
#4790 = EDGE_CURVE ( 'NONE', #956, #198, #488, .T. ) ;
#4791 = ADVANCED_FACE ( 'NONE', ( #5281 ), #3956, .T. ) ;
#4792 = VECTOR ( 'NONE', #6282, 1000.000000000000000 ) ;
#4793 = PLANE ( 'NONE',  #2479 ) ;
#4794 = FACE_OUTER_BOUND ( 'NONE', #7153, .T. ) ;
#4795 = PLANE ( 'NONE',  #4876 ) ;
#4796 = LINE ( 'NONE', #4266, #6084 ) ;
#4797 = ORIENTED_EDGE ( 'NONE', *, *, #2345, .T. ) ;
#4798 = DIRECTION ( 'NONE',  ( 2.439197797730288502E-32, -1.000000000000000000, 1.065228634467009955E-16 ) ) ;
#4799 = ADVANCED_FACE ( 'NONE', ( #1434 ), #8210, .T. ) ;
#4800 = LINE ( 'NONE', #941, #2523 ) ;
#4801 = PRODUCT_DEFINITION_SHAPE ( 'NONE', 'NONE',  #936 ) ;
#4802 = ORIENTED_EDGE ( 'NONE', *, *, #325, .F. ) ;
#4803 = CARTESIAN_POINT ( 'NONE',  ( -3.270000000000000018, 0.9999999999999988898, 0.3099999999999995537 ) ) ;
#4805 = ORIENTED_EDGE ( 'NONE', *, *, #1776, .T. ) ;
#4804 = ORIENTED_EDGE ( 'NONE', *, *, #7826, .T. ) ;
#4806 = VERTEX_POINT ( 'NONE', #2514 ) ;
#4807 = ORIENTED_EDGE ( 'NONE', *, *, #1720, .F. ) ;
#4808 = DIRECTION ( 'NONE',  ( -1.000000000000000000, 0.000000000000000000, 2.289834988289389802E-16 ) ) ;
#4809 = LINE ( 'NONE', #4848, #1160 ) ;
#4810 = ORIENTED_EDGE ( 'NONE', *, *, #2958, .F. ) ;
#4811 = ORIENTED_EDGE ( 'NONE', *, *, #8082, .F. ) ;
#4812 = LINE ( 'NONE', #2808, #1998 ) ;
#4813 = ORIENTED_EDGE ( 'NONE', *, *, #3983, .F. ) ;
#4814 = PLANE ( 'NONE',  #3148 ) ;
#4815 = LINE ( 'NONE', #6551, #4717 ) ;
#4816 = ORIENTED_EDGE ( 'NONE', *, *, #4736, .F. ) ;
#4817 = ORIENTED_EDGE ( 'NONE', *, *, #2232, .T. ) ;
#4818 = LINE ( 'NONE', #6018, #6933 ) ;
#4819 = PLANE ( 'NONE',  #380 ) ;
#4820 = DIRECTION ( 'NONE',  ( 0.7071067811865431318, -7.532303909457139086E-17, -0.7071067811865520136 ) ) ;
#4821 = ORIENTED_EDGE ( 'NONE', *, *, #5686, .F. ) ;
#4822 = EDGE_LOOP ( 'NONE', ( #5998, #3741, #6922, #4712 ) ) ;
#4823 = CARTESIAN_POINT ( 'NONE',  ( 3.299999999999999822, -0.02000000000000089900, 1.050000000000000044 ) ) ;
#4824 = ORIENTED_EDGE ( 'NONE', *, *, #6799, .T. ) ;
#4825 = FACE_OUTER_BOUND ( 'NONE', #1619, .T. ) ;
#4826 = CARTESIAN_POINT ( 'NONE',  ( 0.1750000000000009881, 1.249999999999988232, 3.546244605838006716E-16 ) ) ;
#4827 = EDGE_CURVE ( 'NONE', #3495, #3796, #7542, .T. ) ;
#4828 = LINE ( 'NONE', #929, #1417 ) ;
#4829 = DIRECTION ( 'NONE',  ( 0.000000000000000000, 0.7071067811865441310, 0.7071067811865507924 ) ) ;
#4830 = DIRECTION ( 'NONE',  ( 1.000000000000000000, -5.243344273594249610E-32, -2.289834988289389802E-16 ) ) ;
#4831 = FACE_OUTER_BOUND ( 'NONE', #1120, .T. ) ;
#4832 = CARTESIAN_POINT ( 'NONE',  ( 1.350000000000000089, 1.350000000000000089, 0.3099999999999980549 ) ) ;
#4833 = EDGE_CURVE ( 'NONE', #2033, #2598, #171, .T. ) ;
#4834 = ORIENTED_EDGE ( 'NONE', *, *, #5643, .T. ) ;
#4835 = DIRECTION ( 'NONE',  ( -2.439197797730288502E-32, 1.000000000000000000, -1.065228634467009955E-16 ) ) ;
#4836 = CARTESIAN_POINT ( 'NONE',  ( 0.6750000000000010436, 0.9431866336109967497, 0.06541154699933812711 ) ) ;
#4837 = EDGE_CURVE ( 'NONE', #4528, #4907, #2738, .T. ) ;
#4838 = VECTOR ( 'NONE', #4798, 1000.000000000000000 ) ;
#4839 = AXIS2_PLACEMENT_3D ( 'NONE', #6310, #1809, #2413 ) ;
#4840 = ORIENTED_EDGE ( 'NONE', *, *, #2650, .T. ) ;
#4841 = CARTESIAN_POINT ( 'NONE',  ( 1.350000000000000089, 1.350000000000000089, 0.3099999999999980549 ) ) ;
#4843 = ORIENTED_EDGE ( 'NONE', *, *, #4113, .F. ) ;
#4842 = ORIENTED_EDGE ( 'NONE', *, *, #2562, .F. ) ;
#4844 = EDGE_CURVE ( 'NONE', #2761, #5423, #1477, .T. ) ;
#4845 = ORIENTED_EDGE ( 'NONE', *, *, #587, .T. ) ;
#4846 = ORIENTED_EDGE ( 'NONE', *, *, #5586, .F. ) ;
#4847 = DIRECTION ( 'NONE',  ( -1.000000000000000000, 2.804146475863970139E-32, -2.987057121330055487E-48 ) ) ;
#4848 = CARTESIAN_POINT ( 'NONE',  ( -1.824999999999999956, 0.9199999999999870504, 0.1705002310154649925 ) ) ;
#4849 = VERTEX_POINT ( 'NONE', #6260 ) ;
#4850 = AXIS2_PLACEMENT_3D ( 'NONE', #3991, #2616, #3397 ) ;
#4851 = EDGE_LOOP ( 'NONE', ( #4205, #5711, #7418, #3231, #5702, #6960, #7577, #3186, #2381, #3522, #6258 ) ) ;
#4852 = LINE ( 'NONE', #7382, #3757 ) ;
#4853 = VERTEX_POINT ( 'NONE', #5053 ) ;
#4854 = FACE_OUTER_BOUND ( 'NONE', #3264, .T. ) ;
#4855 = DIRECTION ( 'NONE',  ( 0.000000000000000000, -0.5999999999999999778, 0.8000000000000000444 ) ) ;
#4856 = VERTEX_POINT ( 'NONE', #534 ) ;
#4857 = VECTOR ( 'NONE', #2813, 1000.000000000000000 ) ;
#4858 = ORIENTED_EDGE ( 'NONE', *, *, #6391, .T. ) ;
#4859 = LINE ( 'NONE', #2145, #2558 ) ;
#4860 = DIRECTION ( 'NONE',  ( -1.000000000000000000, 5.243344273594249610E-32, 2.289834988289389802E-16 ) ) ;
#4861 = FACE_OUTER_BOUND ( 'NONE', #7120, .T. ) ;
#4862 = VERTEX_POINT ( 'NONE', #5010 ) ;
#4863 = VERTEX_POINT ( 'NONE', #3097 ) ;
#4864 = DIRECTION ( 'NONE',  ( -2.289834988289389802E-16, 0.000000000000000000, -1.000000000000000000 ) ) ;
#4865 = ORIENTED_EDGE ( 'NONE', *, *, #6160, .T. ) ;
#4866 = VECTOR ( 'NONE', #3396, 1000.000000000000000 ) ;
#4867 = CARTESIAN_POINT ( 'NONE',  ( 1.175000000000000044, 1.245779075397750235, 0.1705002310154649925 ) ) ;
#4868 = LINE ( 'NONE', #3627, #7238 ) ;
#4869 = CARTESIAN_POINT ( 'NONE',  ( 0.6750000000000011546, 0.9999999999999988898, 0.07999999999999869715 ) ) ;
#4870 = CYLINDRICAL_SURFACE ( 'NONE', #324, 0.04999999999999979461 ) ;
#4871 = FACE_OUTER_BOUND ( 'NONE', #4536, .T. ) ;
#4872 = DIRECTION ( 'NONE',  ( 2.289834988289389802E-16, 1.065228634467009955E-16, 1.000000000000000000 ) ) ;
#4873 = DIRECTION ( 'NONE',  ( 1.000000000000000000, -5.243344273594249610E-32, -2.289834988289389802E-16 ) ) ;
#4874 = ORIENTED_EDGE ( 'NONE', *, *, #1418, .F. ) ;
#4875 = CARTESIAN_POINT ( 'NONE',  ( -1.824999999999999956, 1.350000000000000089, 0.1705002310154649925 ) ) ;
#4876 = AXIS2_PLACEMENT_3D ( 'NONE', #6784, #8075, #2332 ) ;
#4877 = LINE ( 'NONE', #4383, #1031 ) ;
#4878 = VECTOR ( 'NONE', #6202, 1000.000000000000000 ) ;
#4879 = AXIS2_PLACEMENT_3D ( 'NONE', #5186, #5848, #4775 ) ;
#4880 = EDGE_CURVE ( 'NONE', #1895, #4416, #6917, .T. ) ;
#4881 = ORIENTED_EDGE ( 'NONE', *, *, #2804, .T. ) ;
#4882 = PLANE ( 'NONE',  #4467 ) ;
#4883 = LINE ( 'NONE', #3642, #202 ) ;
#4884 = VERTEX_POINT ( 'NONE', #5938 ) ;
#4885 = VERTEX_POINT ( 'NONE', #2782 ) ;
#4886 = VERTEX_POINT ( 'NONE', #4869 ) ;
#4887 = CARTESIAN_POINT ( 'NONE',  ( -0.09999999999999885369, 0.9199999999999989297, 0.07999999999999903022 ) ) ;
#4888 = VECTOR ( 'NONE', #6541, 999.9999999999998863 ) ;
#4889 = EDGE_CURVE ( 'NONE', #4922, #2882, #7896, .T. ) ;
#4890 = DIRECTION ( 'NONE',  ( 0.7071067811865431318, -7.532303909457139086E-17, -0.7071067811865520136 ) ) ;
#4891 = EDGE_CURVE ( 'NONE', #3616, #8138, #4828, .T. ) ;
#4892 = AXIS2_PLACEMENT_3D ( 'NONE', #5550, #6833, #1117 ) ;
#4893 = EDGE_CURVE ( 'NONE', #5514, #2661, #393, .T. ) ;
#4894 = AXIS2_PLACEMENT_3D ( 'NONE', #1494, #4768, #3426 ) ;
#4895 = AXIS2_PLACEMENT_3D ( 'NONE', #7863, #5829, #139 ) ;
#4896 = ORIENTED_EDGE ( 'NONE', *, *, #1565, .T. ) ;
#4897 = ORIENTED_EDGE ( 'NONE', *, *, #6773, .T. ) ;
#4898 = DIRECTION ( 'NONE',  ( -1.000000000000000000, 0.000000000000000000, 2.289834988289389802E-16 ) ) ;
#4899 = ORIENTED_EDGE ( 'NONE', *, *, #5608, .T. ) ;
#4900 = LINE ( 'NONE', #1214, #7400 ) ;
#4901 = CARTESIAN_POINT ( 'NONE',  ( -3.115000000000000213, -1.100000000000000089, 0.06782713613135758768 ) ) ;
#4902 = EDGE_LOOP ( 'NONE', ( #2315, #7661, #2712, #5628, #6152, #6543 ) ) ;
#4903 = AXIS2_PLACEMENT_3D ( 'NONE', #1364, #142, #5832 ) ;
#4904 = EDGE_CURVE ( 'NONE', #621, #2769, #3536, .T. ) ;
#4905 = VECTOR ( 'NONE', #7437, 1000.000000000000000 ) ;
#4906 = VECTOR ( 'NONE', #933, 1000.000000000000000 ) ;
#4907 = VERTEX_POINT ( 'NONE', #5982 ) ;
#4908 = DIRECTION ( 'NONE',  ( 0.7071067811865475727, 7.532303909457063898E-17, 0.7071067811865475727 ) ) ;
#4909 = SURFACE_STYLE_USAGE ( .BOTH. , #3659 ) ;
#4910 = CARTESIAN_POINT ( 'NONE',  ( -0.8249999999999979572, 0.9999999999999988898, 0.07866077735406419580 ) ) ;
#4911 = EDGE_LOOP ( 'NONE', ( #4940, #3509, #2578, #6142, #5430, #7693 ) ) ;
#4912 = DIRECTION ( 'NONE',  ( 0.2163711612039747600, 0.9520331092974102516, 0.2163711612039575793 ) ) ;
#4913 = ORIENTED_EDGE ( 'NONE', *, *, #5190, .F. ) ;
#4914 = DIRECTION ( 'NONE',  ( 2.229998385641999896E-16, -0.2271122129663560585, 0.9738685962292472631 ) ) ;
#4915 = LINE ( 'NONE', #7398, #984 ) ;
#4916 = VERTEX_POINT ( 'NONE', #7399 ) ;
#4917 = CARTESIAN_POINT ( 'NONE',  ( 3.299999999999999822, -0.06999999999979379661, 0.8400000000000092948 ) ) ;
#4918 = CARTESIAN_POINT ( 'NONE',  ( -2.765000000000000124, -1.649999999999999689, 0.7199999999999997513 ) ) ;
#4919 = DIRECTION ( 'NONE',  ( 0.000000000000000000, 1.065228634467009955E-16, 1.000000000000000000 ) ) ;
#4920 = CARTESIAN_POINT ( 'NONE',  ( 1.350000000000000089, 1.673724317761259961, 0.3099999999999979994 ) ) ;
#4921 = LINE ( 'NONE', #2380, #7130 ) ;
#4922 = VERTEX_POINT ( 'NONE', #219 ) ;
#4923 = DIRECTION ( 'NONE',  ( 0.000000000000000000, 0.9982048454657787007, 0.05989229072794666903 ) ) ;
#4924 = DIRECTION ( 'NONE',  ( 2.289834988289389802E-16, -0.000000000000000000, 1.000000000000000000 ) ) ;
#4925 = VECTOR ( 'NONE', #6641, 1000.000000000000000 ) ;
#4926 = ORIENTED_EDGE ( 'NONE', *, *, #8190, .F. ) ;
#4927 = FACE_OUTER_BOUND ( 'NONE', #3334, .T. ) ;
#4928 = CARTESIAN_POINT ( 'NONE',  ( -3.115000000000000213, -1.050000000000000044, 0.4599999999999999645 ) ) ;
#4929 = EDGE_CURVE ( 'NONE', #5806, #905, #3490, .T. ) ;
#4930 = EDGE_LOOP ( 'NONE', ( #7495, #3293, #7910, #2708 ) ) ;
#4931 = VERTEX_POINT ( 'NONE', #6070 ) ;
#4932 = VECTOR ( 'NONE', #4751, 1000.000000000000000 ) ;
#4933 = VERTEX_POINT ( 'NONE', #7313 ) ;
#4934 = CARTESIAN_POINT ( 'NONE',  ( -3.265000000000000124, -1.749999999999990008, 0.4700000000000009726 ) ) ;
#4935 = DIRECTION ( 'NONE',  ( 0.000000000000000000, 0.000000000000000000, 1.000000000000000000 ) ) ;
#4936 = ADVANCED_FACE ( 'NONE', ( #7229 ), #2824, .T. ) ;
#4937 = COLOUR_RGB ( '',1.000000000000000000, 0.000000000000000000, 1.000000000000000000 ) ;
#4938 = CARTESIAN_POINT ( 'NONE',  ( -3.269999999999999574, 1.045602317761259892, 0.3099999999999999423 ) ) ;
#4939 = ORIENTED_EDGE ( 'NONE', *, *, #4615, .T. ) ;
#4940 = ORIENTED_EDGE ( 'NONE', *, *, #2339, .T. ) ;
#4941 = PLANE ( 'NONE',  #2372 ) ;
#4942 = EDGE_CURVE ( 'NONE', #2041, #1718, #4745, .T. ) ;
#4943 = ORIENTED_EDGE ( 'NONE', *, *, #7127, .F. ) ;
#4944 = DIRECTION ( 'NONE',  ( -0.7071067811865431318, -7.532303909457119365E-17, -0.7071067811865520136 ) ) ;
#4945 = CARTESIAN_POINT ( 'NONE',  ( 1.174999999999999822, 0.9999999999999988898, 0.3099999999999970002 ) ) ;
#4946 = VERTEX_POINT ( 'NONE', #2917 ) ;
#4947 = EDGE_CURVE ( 'NONE', #2710, #1058, #2196, .T. ) ;
#4948 = EDGE_CURVE ( 'NONE', #1032, #3975, #302, .T. ) ;
#4949 = VERTEX_POINT ( 'NONE', #7856 ) ;
#4950 = VECTOR ( 'NONE', #7337, 1000.000000000000000 ) ;
#4951 = DIRECTION ( 'NONE',  ( 0.7071067811865480168, -0.000000000000000000, 0.7071067811865470176 ) ) ;
#4952 = CARTESIAN_POINT ( 'NONE',  ( 3.115000000000000213, -1.550000000000000266, -1.852045880087390545E-15 ) ) ;
#4953 = ADVANCED_FACE ( 'NONE', ( #5364 ), #7275, .T. ) ;
#4954 = ORIENTED_EDGE ( 'NONE', *, *, #6617, .T. ) ;
#4955 = CARTESIAN_POINT ( 'NONE',  ( -2.952500000000001013, 0.9999999999999988898, 0.02999999999999925296 ) ) ;
#4956 = ORIENTED_EDGE ( 'NONE', *, *, #5755, .F. ) ;
#4957 = CARTESIAN_POINT ( 'NONE',  ( 3.265000000000000124, -1.799999999999990274, 0.4699999999999999734 ) ) ;
#4958 = CARTESIAN_POINT ( 'NONE',  ( 3.265000000000000124, -1.824999999999989964, 0.3699999999999989964 ) ) ;
#4959 = DIRECTION ( 'NONE',  ( 0.000000000000000000, 0.7071067811865980879, 0.7071067811864969466 ) ) ;
#4960 = DIRECTION ( 'NONE',  ( -2.439197797730288502E-32, 1.000000000000000000, -1.065228634467009955E-16 ) ) ;
#4961 = CARTESIAN_POINT ( 'NONE',  ( 2.174999999999999822, 1.249999999999986455, 2.188733135705112076E-15 ) ) ;
#4962 = PLANE ( 'NONE',  #6882 ) ;
#4963 = ORIENTED_EDGE ( 'NONE', *, *, #8145, .F. ) ;
#4964 = DIRECTION ( 'NONE',  ( -1.000000000000000000, 0.000000000000000000, 2.289834988289389802E-16 ) ) ;
#4965 = LINE ( 'NONE', #7490, #2240 ) ;
#4966 = VERTEX_POINT ( 'NONE', #842 ) ;
#4967 = CARTESIAN_POINT ( 'NONE',  ( 0.8250000000000019540, 1.299999999999990274, 0.1705002310154649925 ) ) ;
#4968 = CARTESIAN_POINT ( 'NONE',  ( 2.825000000000000178, 0.9999999999999988898, 0.3099999999999999978 ) ) ;
#4969 = EDGE_LOOP ( 'NONE', ( #6135, #981, #2797, #1017 ) ) ;
#4970 = ORIENTED_EDGE ( 'NONE', *, *, #3314, .T. ) ;
#4971 = VECTOR ( 'NONE', #3592, 1000.000000000000000 ) ;
#4972 = ORIENTED_EDGE ( 'NONE', *, *, #4175, .T. ) ;
#4973 = LINE ( 'NONE', #1713, #1016 ) ;
#4974 = AXIS2_PLACEMENT_3D ( 'NONE', #3039, #6277, #8184 ) ;
#4975 = CARTESIAN_POINT ( 'NONE',  ( -2.450000000000000178, 0.6999999999999990674, 0.02999999999999933623 ) ) ;
#4976 = ORIENTED_EDGE ( 'NONE', *, *, #4636, .F. ) ;
#4977 = VERTEX_POINT ( 'NONE', #353 ) ;
#4978 = DIRECTION ( 'NONE',  ( 0.6263843656413463634, -0.6263843656413508043, -0.4639884189935892245 ) ) ;
#4979 = ORIENTED_EDGE ( 'NONE', *, *, #5035, .F. ) ;
#4980 = FACE_OUTER_BOUND ( 'NONE', #2587, .T. ) ;
#4981 = DIRECTION ( 'NONE',  ( 5.243344273594249610E-32, 1.000000000000000000, -1.200639317332292868E-47 ) ) ;
#4982 = ADVANCED_FACE ( 'NONE', ( #8028 ), #6562, .F. ) ;
#4983 = EDGE_CURVE ( 'NONE', #4464, #1550, #6687, .T. ) ;
#4984 = ORIENTED_EDGE ( 'NONE', *, *, #3300, .T. ) ;
#4985 = EDGE_CURVE ( 'NONE', #652, #6506, #5456, .T. ) ;
#4986 = CARTESIAN_POINT ( 'NONE',  ( 1.324999999999999956, 0.9199999999999868283, -1.206494395130281764E-15 ) ) ;
#4987 = DIRECTION ( 'NONE',  ( -1.000000000000000000, 5.243344273594249610E-32, 2.289834988289389802E-16 ) ) ;
#4988 = CARTESIAN_POINT ( 'NONE',  ( 0.1625000000000020040, 0.9199999999999990408, 0.07999999999999900246 ) ) ;
#4989 = DIRECTION ( 'NONE',  ( 1.000000000000000000, -5.243344273594249610E-32, -2.289834988289389802E-16 ) ) ;
#4990 = VECTOR ( 'NONE', #5694, 1000.000000000000000 ) ;
#4991 = ADVANCED_FACE ( 'NONE', ( #3449 ), #888, .T. ) ;
#4992 = LINE ( 'NONE', #3750, #6861 ) ;
#4993 = EDGE_CURVE ( 'NONE', #5635, #6333, #2765, .T. ) ;
#4994 = CARTESIAN_POINT ( 'NONE',  ( -2.174999999999999822, 0.9999999999999988898, 0.07866077735406450111 ) ) ;
#4995 = VECTOR ( 'NONE', #2195, 1000.000000000000000 ) ;
#4996 = FACE_OUTER_BOUND ( 'NONE', #2028, .T. ) ;
#4997 = FACE_OUTER_BOUND ( 'NONE', #965, .T. ) ;
#4998 = VERTEX_POINT ( 'NONE', #6780 ) ;
#4999 = CARTESIAN_POINT ( 'NONE',  ( 1.350000000000000089, 0.9999999999999988898, 0.3099999999999980549 ) ) ;
#5000 = LINE ( 'NONE', #1232, #7147 ) ;
#5001 = EDGE_CURVE ( 'NONE', #3305, #516, #2999, .T. ) ;
#5002 = EDGE_LOOP ( 'NONE', ( #4797, #1439, #6844, #3131 ) ) ;
#5003 = LINE ( 'NONE', #3728, #5792 ) ;
#5004 = CARTESIAN_POINT ( 'NONE',  ( -1.324999999999999956, 1.350000000000000089, 0.3100000000000019962 ) ) ;
#5005 = VECTOR ( 'NONE', #722, 1000.000000000000000 ) ;
#5006 = ORIENTED_EDGE ( 'NONE', *, *, #889, .T. ) ;
#5007 = ORIENTED_EDGE ( 'NONE', *, *, #4135, .T. ) ;
#5008 = ORIENTED_EDGE ( 'NONE', *, *, #7001, .T. ) ;
#5009 = VECTOR ( 'NONE', #1521, 1000.000000000000000 ) ;
#5010 = CARTESIAN_POINT ( 'NONE',  ( 1.324999999999999734, 0.9999999999999988898, 0.07999999999999847511 ) ) ;
#5011 = AXIS2_PLACEMENT_3D ( 'NONE', #7505, #8220, #6890 ) ;
#5012 = EDGE_CURVE ( 'NONE', #107, #6021, #8071, .T. ) ;
#5013 = VECTOR ( 'NONE', #5863, 1000.000000000000000 ) ;
#5014 = LINE ( 'NONE', #2515, #739 ) ;
#5015 = CARTESIAN_POINT ( 'NONE',  ( 1.949999999999999956, 0.9999999999999988898, 0.02999999999999612005 ) ) ;
#5016 = ORIENTED_EDGE ( 'NONE', *, *, #3868, .F. ) ;
#5017 = ORIENTED_EDGE ( 'NONE', *, *, #1457, .F. ) ;
#5018 = DIRECTION ( 'NONE',  ( 2.289834988289389802E-16, 1.065228634467009955E-16, 1.000000000000000000 ) ) ;
#5019 = VECTOR ( 'NONE', #6023, 1000.000000000000000 ) ;
#5020 = ORIENTED_EDGE ( 'NONE', *, *, #1778, .T. ) ;
#5021 = DIRECTION ( 'NONE',  ( 0.000000000000000000, -0.9738685962292471521, -0.2271122129663560307 ) ) ;
#5022 = LINE ( 'NONE', #5761, #5522 ) ;
#5023 = AXIS2_PLACEMENT_3D ( 'NONE', #5004, #2427, #3216 ) ;
#5024 = VECTOR ( 'NONE', #6668, 1000.000000000000000 ) ;
#5025 = AXIS2_PLACEMENT_3D ( 'NONE', #7953, #4755, #7284 ) ;
#5026 = VERTEX_POINT ( 'NONE', #5534 ) ;
#5027 = CARTESIAN_POINT ( 'NONE',  ( -1.824999999999999956, 0.9999999999999988898, 0.07866077735406440397 ) ) ;
#5028 = DIRECTION ( 'NONE',  ( 0.000000000000000000, -4.336808689941644605E-15, 1.000000000000000000 ) ) ;
#5029 = AXIS2_PLACEMENT_3D ( 'NONE', #7992, #8076, #5415 ) ;
#5030 = EDGE_CURVE ( 'NONE', #1829, #1796, #4262, .T. ) ;
#5031 = CARTESIAN_POINT ( 'NONE',  ( 3.500000000000000000, -0.8000000000000010436, 0.1799999999999979672 ) ) ;
#5032 = VECTOR ( 'NONE', #1065, 1000.000000000000000 ) ;
#5033 = CARTESIAN_POINT ( 'NONE',  ( -0.8249999999999979572, 1.299999999999994715, 0.1099999999999990152 ) ) ;
#5034 = DIRECTION ( 'NONE',  ( -2.289834988289389802E-16, 0.000000000000000000, -1.000000000000000000 ) ) ;
#5035 = EDGE_CURVE ( 'NONE', #1028, #1401, #105, .T. ) ;
#5037 = CARTESIAN_POINT ( 'NONE',  ( -3.265000000000000124, -1.000000000000000000, 0.5100000000000000089 ) ) ;
#5036 = VECTOR ( 'NONE', #4574, 1000.000000000000000 ) ;
#5038 = PLANE ( 'NONE',  #445 ) ;
#5039 = CARTESIAN_POINT ( 'NONE',  ( 3.265000000000000124, -1.799999999999990274, 0.4699999999999999734 ) ) ;
#5040 = CARTESIAN_POINT ( 'NONE',  ( -3.265000000000000124, -1.799999999999990274, 0.4700000000000009726 ) ) ;
#5041 = ORIENTED_EDGE ( 'NONE', *, *, #2385, .F. ) ;
#5042 = CARTESIAN_POINT ( 'NONE',  ( -22.88500000000000156, -1.899999999999999911, 1.050000000000000044 ) ) ;
#5043 = FACE_OUTER_BOUND ( 'NONE', #8131, .T. ) ;
#5044 = ADVANCED_FACE ( 'NONE', ( #4586 ), #1402, .T. ) ;
#5045 = ORIENTED_EDGE ( 'NONE', *, *, #2276, .T. ) ;
#5046 = DIRECTION ( 'NONE',  ( 0.000000000000000000, -0.9738685962292471521, -0.2271122129663560307 ) ) ;
#5047 = DIRECTION ( 'NONE',  ( -2.289834988289389802E-16, 0.000000000000000000, -1.000000000000000000 ) ) ;
#5048 = ADVANCED_FACE ( 'NONE', ( #812 ), #6412, .F. ) ;
#5049 = ORIENTED_EDGE ( 'NONE', *, *, #3073, .T. ) ;
#5050 = ORIENTED_EDGE ( 'NONE', *, *, #1443, .F. ) ;
#5051 = ORIENTED_EDGE ( 'NONE', *, *, #5138, .F. ) ;
#5052 = EDGE_CURVE ( 'NONE', #3429, #689, #771, .T. ) ;
#5053 = CARTESIAN_POINT ( 'NONE',  ( 1.175000000000000044, 1.299999999999994715, 0.1099999999999980160 ) ) ;
#5054 = AXIS2_PLACEMENT_3D ( 'NONE', #6901, #4414, #4305 ) ;
#5055 = LINE ( 'NONE', #7619, #2624 ) ;
#5056 = DIRECTION ( 'NONE',  ( 1.000000000000000000, 4.948562843061550213E-17, -2.177367650947074402E-16 ) ) ;
#5057 = VERTEX_POINT ( 'NONE', #7825 ) ;
#5058 = ORIENTED_EDGE ( 'NONE', *, *, #4529, .T. ) ;
#5059 = DIRECTION ( 'NONE',  ( 0.000000000000000000, -0.8000000000000000444, 0.5999999999999999778 ) ) ;
#5060 = VERTEX_POINT ( 'NONE', #3338 ) ;
#5061 = PLANE ( 'NONE',  #5011 ) ;
#5062 = CARTESIAN_POINT ( 'NONE',  ( -1.324999999999999956, 0.9431866336109969717, 0.06541154699933861283 ) ) ;
#5063 = AXIS2_PLACEMENT_3D ( 'NONE', #6308, #2526, #5572 ) ;
#5064 = UNCERTAINTY_MEASURE_WITH_UNIT (LENGTH_MEASURE( 1.000000000000000082E-05 ), #2628, 'distance_accuracy_value', 'NONE');
#5065 = ORIENTED_EDGE ( 'NONE', *, *, #442, .F. ) ;
#5066 = LINE ( 'NONE', #3076, #2960 ) ;
#5067 = CARTESIAN_POINT ( 'NONE',  ( -3.102500000000000036, -1.899999999999999911, 0.1800000000000000211 ) ) ;
#5068 = CARTESIAN_POINT ( 'NONE',  ( 1.574999999999999956, 0.9999999999999988898, 0.05499999999999849454 ) ) ;
#5069 = LINE ( 'NONE', #8228, #1813 ) ;
#5070 = CARTESIAN_POINT ( 'NONE',  ( 2.952500000000003677, -1.899999999999999911, 0.9999999999999997780 ) ) ;
#5071 = AXIS2_PLACEMENT_3D ( 'NONE', #6842, #4322, #6267 ) ;
#5072 = LINE ( 'NONE', #7600, #4479 ) ;
#5073 = DIRECTION ( 'NONE',  ( 0.000000000000000000, 1.065228634467009955E-16, 1.000000000000000000 ) ) ;
#5074 = DIRECTION ( 'NONE',  ( 2.804146475863970139E-32, 1.000000000000000000, -1.065228634467009955E-16 ) ) ;
#5075 = FACE_OUTER_BOUND ( 'NONE', #3835, .T. ) ;
#5076 = ORIENTED_EDGE ( 'NONE', *, *, #1548, .F. ) ;
#5077 = EDGE_CURVE ( 'NONE', #856, #652, #5870, .T. ) ;
#5078 = CARTESIAN_POINT ( 'NONE',  ( 0.8250000000000019540, 0.9199999999999868283, -1.097206816143744889E-15 ) ) ;
#5079 = PLANE ( 'NONE',  #5679 ) ;
#5080 = DIRECTION ( 'NONE',  ( -2.289834988289389802E-16, 0.000000000000000000, -1.000000000000000000 ) ) ;
#5081 = ADVANCED_FACE ( 'NONE', ( #7696 ), #3924, .T. ) ;
#5082 = VECTOR ( 'NONE', #1094, 1000.000000000000000 ) ;
#5083 = EDGE_LOOP ( 'NONE', ( #2308, #4643, #3610, #5216 ) ) ;
#5084 = LINE ( 'NONE', #8163, #7387 ) ;
#5085 = CARTESIAN_POINT ( 'NONE',  ( -1.050000000000000044, 0.6999999999999999556, 0.02999999999999942990 ) ) ;
#5086 = EDGE_CURVE ( 'NONE', #104, #8060, #183, .T. ) ;
#5087 = ORIENTED_EDGE ( 'NONE', *, *, #745, .T. ) ;
#5088 = ADVANCED_FACE ( 'NONE', ( #2713 ), #690, .F. ) ;
#5089 = ORIENTED_EDGE ( 'NONE', *, *, #510, .T. ) ;
#5090 = ORIENTED_EDGE ( 'NONE', *, *, #732, .T. ) ;
#5091 = EDGE_CURVE ( 'NONE', #5379, #7458, #3375, .T. ) ;
#5092 = DIRECTION ( 'NONE',  ( -0.7071067811865441310, 0.7071067811865510144, 0.000000000000000000 ) ) ;
#5093 = PLANE ( 'NONE',  #5789 ) ;
#5094 = ORIENTED_EDGE ( 'NONE', *, *, #4521, .F. ) ;
#5095 = ORIENTED_EDGE ( 'NONE', *, *, #3692, .F. ) ;
#5096 = ORIENTED_EDGE ( 'NONE', *, *, #6456, .F. ) ;
#5097 = PLANE ( 'NONE',  #4083 ) ;
#5098 = LINE ( 'NONE', #6304, #1516 ) ;
#5099 = VECTOR ( 'NONE', #2204, 1000.000000000000000 ) ;
#5100 = EDGE_LOOP ( 'NONE', ( #2716, #2718, #6584, #8167 ) ) ;
#5101 = DIRECTION ( 'NONE',  ( -0.6263843656413516925, -0.6263843656413528027, -0.4639884189935793435 ) ) ;
#5102 = CARTESIAN_POINT ( 'NONE',  ( 1.675000000000000044, 1.249999999999990008, -1.436567878543293375E-15 ) ) ;
#5103 = CARTESIAN_POINT ( 'NONE',  ( -3.115000000000000213, -1.799999999999990274, 0.4700000000000009170 ) ) ;
#5104 = FACE_OUTER_BOUND ( 'NONE', #5208, .T. ) ;
#5105 = DIRECTION ( 'NONE',  ( 1.000000000000000000, 0.000000000000000000, -2.289834988289389802E-16 ) ) ;
#5106 = ORIENTED_EDGE ( 'NONE', *, *, #4985, .F. ) ;
#5107 = CARTESIAN_POINT ( 'NONE',  ( -1.824999999999999956, 0.9199999999999866063, 0.03619548911246130152 ) ) ;
#5108 = CARTESIAN_POINT ( 'NONE',  ( 3.500000000000001332, -1.000000000000000000, 0.9999999999999986677 ) ) ;
#5109 = DIRECTION ( 'NONE',  ( 1.000000000000000000, -2.804146475863970139E-32, 2.987057121330055487E-48 ) ) ;
#5110 = CARTESIAN_POINT ( 'NONE',  ( -2.933678328689710124, -0.8000000000000010436, 0.1799999999999999933 ) ) ;
#5111 = ORIENTED_EDGE ( 'NONE', *, *, #8133, .T. ) ;
#5112 = VECTOR ( 'NONE', #7054, 1000.000000000000000 ) ;
#5113 = CARTESIAN_POINT ( 'NONE',  ( 0.6750000000000010436, 1.350000000000000089, 0.3100000000000010525 ) ) ;
#5114 = DIRECTION ( 'NONE',  ( 1.000000000000000000, -5.243344273594249610E-32, -2.289834988289389802E-16 ) ) ;
#5115 = CARTESIAN_POINT ( 'NONE',  ( 3.399999999999999911, 0.9999999999999986677, 0.3099999999999978884 ) ) ;
#5116 = VECTOR ( 'NONE', #873, 1000.000000000000000 ) ;
#5117 = ORIENTED_EDGE ( 'NONE', *, *, #2176, .T. ) ;
#5118 = DIRECTION ( 'NONE',  ( -2.289834988289389802E-16, 0.000000000000000000, -1.000000000000000000 ) ) ;
#5119 = LINE ( 'NONE', #1942, #4491 ) ;
#5120 = ORIENTED_EDGE ( 'NONE', *, *, #3692, .T. ) ;
#5121 = ORIENTED_EDGE ( 'NONE', *, *, #6179, .T. ) ;
#5122 = VERTEX_POINT ( 'NONE', #7157 ) ;
#5123 = EDGE_CURVE ( 'NONE', #1238, #568, #1444, .T. ) ;
#5124 = CARTESIAN_POINT ( 'NONE',  ( -0.3249999999999980127, 0.9199999999999860512, 0.03619548911246089906 ) ) ;
#5125 = AXIS2_PLACEMENT_3D ( 'NONE', #7740, #3340, #7240 ) ;
#5126 = EDGE_CURVE ( 'NONE', #3569, #3616, #63, .T. ) ;
#5127 = VECTOR ( 'NONE', #6406, 1000.000000000000000 ) ;
#5128 = CARTESIAN_POINT ( 'NONE',  ( 1.675000000000000044, 1.249999999999988232, -6.776263578034376828E-17 ) ) ;
#5129 = DIRECTION ( 'NONE',  ( -2.289834988289389802E-16, 0.000000000000000000, -1.000000000000000000 ) ) ;
#5130 = VERTEX_POINT ( 'NONE', #5170 ) ;
#5131 = ORIENTED_EDGE ( 'NONE', *, *, #4430, .T. ) ;
#5132 = EDGE_LOOP ( 'NONE', ( #7785, #6636, #5147, #2391 ) ) ;
#5133 = EDGE_CURVE ( 'NONE', #2606, #5812, #4670, .T. ) ;
#5134 = CARTESIAN_POINT ( 'NONE',  ( -2.765000000000000124, -1.800000000000000266, 0.2999999999999999334 ) ) ;
#5135 = VECTOR ( 'NONE', #2899, 1000.000000000000000 ) ;
#5136 = ADVANCED_FACE ( 'NONE', ( #1281 ), #3299, .F. ) ;
#5137 = DIRECTION ( 'NONE',  ( -2.289834988289389802E-16, 0.000000000000000000, -1.000000000000000000 ) ) ;
#5138 = EDGE_CURVE ( 'NONE', #3549, #6528, #5294, .T. ) ;
#5139 = VECTOR ( 'NONE', #7459, 1000.000000000000000 ) ;
#5140 = ORIENTED_EDGE ( 'NONE', *, *, #7159, .F. ) ;
#5141 = DIRECTION ( 'NONE',  ( 0.000000000000000000, 0.000000000000000000, -1.000000000000000000 ) ) ;
#5142 = LINE ( 'NONE', #750, #5187 ) ;
#5143 = PLANE ( 'NONE',  #6071 ) ;
#5144 = EDGE_CURVE ( 'NONE', #4105, #1319, #6374, .T. ) ;
#5145 = PLANE ( 'NONE',  #4600 ) ;
#5146 = FACE_OUTER_BOUND ( 'NONE', #390, .T. ) ;
#5147 = ORIENTED_EDGE ( 'NONE', *, *, #4983, .T. ) ;
#5148 = EDGE_CURVE ( 'NONE', #1362, #5168, #2590, .T. ) ;
#5149 = AXIS2_PLACEMENT_3D ( 'NONE', #7236, #5949, #3966 ) ;
#5150 = CIRCLE ( 'NONE', #5535, 0.04999999999999985706 ) ;
#5151 = EDGE_CURVE ( 'NONE', #7912, #2458, #1947, .T. ) ;
#5152 = AXIS2_PLACEMENT_3D ( 'NONE', #2928, #7414, #2389 ) ;
#5153 = DIRECTION ( 'NONE',  ( 1.000000000000000000, 0.000000000000000000, -2.289834988289389802E-16 ) ) ;
#5154 = VECTOR ( 'NONE', #7246, 1000.000000000000000 ) ;
#5155 = LINE ( 'NONE', #1381, #4454 ) ;
#5156 = LINE ( 'NONE', #3322, #1851 ) ;
#5157 = DIRECTION ( 'NONE',  ( 1.000000000000000000, 0.000000000000000000, -2.289834988289389802E-16 ) ) ;
#5158 = ORIENTED_EDGE ( 'NONE', *, *, #231, .T. ) ;
#5159 = CARTESIAN_POINT ( 'NONE',  ( -2.174999999999999822, 1.349999999999999867, 0.3099999999999989431 ) ) ;
#5160 = DIRECTION ( 'NONE',  ( 1.000000000000000000, -5.243344273594249610E-32, -2.289834988289389802E-16 ) ) ;
#5161 = DIRECTION ( 'NONE',  ( 0.000000000000000000, -2.289834988289389802E-16, -1.000000000000000000 ) ) ;
#5162 = VECTOR ( 'NONE', #5239, 1000.000000000000000 ) ;
#5163 = VECTOR ( 'NONE', #8074, 1000.000000000000000 ) ;
#5164 = DIRECTION ( 'NONE',  ( 0.000000000000000000, 0.000000000000000000, -1.000000000000000000 ) ) ;
#5165 = CARTESIAN_POINT ( 'NONE',  ( 0.1750000000000009881, 0.9499999999999869660, 0.03619548911246080192 ) ) ;
#5166 = DIRECTION ( 'NONE',  ( 2.289834988289389802E-16, -0.000000000000000000, 1.000000000000000000 ) ) ;
#5167 = ORIENTED_EDGE ( 'NONE', *, *, #3253, .F. ) ;
#5168 = VERTEX_POINT ( 'NONE', #982 ) ;
#5169 = ORIENTED_EDGE ( 'NONE', *, *, #3573, .T. ) ;
#5170 = CARTESIAN_POINT ( 'NONE',  ( 2.765000000000000124, -1.649999999999999911, 0.7199999999999981970 ) ) ;
#5171 = DIRECTION ( 'NONE',  ( -2.289834988289389802E-16, 0.000000000000000000, -1.000000000000000000 ) ) ;
#5172 = LINE ( 'NONE', #4513, #6854 ) ;
#5173 = ORIENTED_EDGE ( 'NONE', *, *, #1714, .T. ) ;
#5174 = ORIENTED_EDGE ( 'NONE', *, *, #7827, .F. ) ;
#5175 = ORIENTED_EDGE ( 'NONE', *, *, #3973, .F. ) ;
#5176 = EDGE_CURVE ( 'NONE', #6664, #7919, #7450, .T. ) ;
#5177 = CARTESIAN_POINT ( 'NONE',  ( -1.824999999999999956, 0.9999999999999988898, 0.07866077735406440397 ) ) ;
#5178 = DIRECTION ( 'NONE',  ( 2.804146475863970139E-32, 1.000000000000000000, -1.065228634467009955E-16 ) ) ;
#5179 = VECTOR ( 'NONE', #4265, 1000.000000000000000 ) ;
#5180 = EDGE_CURVE ( 'NONE', #957, #5511, #6167, .T. ) ;
#5181 = EDGE_CURVE ( 'NONE', #5871, #6768, #2383, .T. ) ;
#5182 = ORIENTED_EDGE ( 'NONE', *, *, #4084, .T. ) ;
#5183 = DIRECTION ( 'NONE',  ( 0.000000000000000000, -0.9738685962292471521, -0.2271122129663560030 ) ) ;
#5184 = FACE_OUTER_BOUND ( 'NONE', #3481, .T. ) ;
#5185 = EDGE_CURVE ( 'NONE', #6266, #4416, #1072, .T. ) ;
#5186 = CARTESIAN_POINT ( 'NONE',  ( 0.6750000000000010436, 1.245779075397750235, 0.1705002310154649925 ) ) ;
#5187 = VECTOR ( 'NONE', #1337, 1000.000000000000000 ) ;
#5188 = DIRECTION ( 'NONE',  ( 0.000000000000000000, 0.9982048454657787007, 0.05989229072794666903 ) ) ;
#5189 = ORIENTED_EDGE ( 'NONE', *, *, #7576, .F. ) ;
#5190 = EDGE_CURVE ( 'NONE', #6591, #4391, #4308, .T. ) ;
#5191 = VECTOR ( 'NONE', #1965, 1000.000000000000000 ) ;
#5192 = EDGE_CURVE ( 'NONE', #849, #4021, #3638, .T. ) ;
#5193 = CARTESIAN_POINT ( 'NONE',  ( -2.174999999999999822, 0.9999999999999988898, 0.07999999999999939104 ) ) ;
#5194 = DIRECTION ( 'NONE',  ( 1.000000000000000000, -5.243344273594249610E-32, -2.289834988289389802E-16 ) ) ;
#5195 = LINE ( 'NONE', #2694, #3071 ) ;
#5196 = PLANE ( 'NONE',  #4760 ) ;
#5197 = ORIENTED_EDGE ( 'NONE', *, *, #1509, .T. ) ;
#5198 = CARTESIAN_POINT ( 'NONE',  ( 1.100000000000000755, 0.9999999999999988898, 0.07999999999999889144 ) ) ;
#5199 = CARTESIAN_POINT ( 'NONE',  ( -1.324999999999999956, 1.299999999999999378, 0.1099999999999990152 ) ) ;
#5200 = CARTESIAN_POINT ( 'NONE',  ( 1.350000000000000089, 0.9999999999999988898, 0.3099999999999980549 ) ) ;
#5201 =( LENGTH_UNIT ( ) NAMED_UNIT ( * ) SI_UNIT ( .MILLI., .METRE. ) );
#5202 = LINE ( 'NONE', #5285, #5162 ) ;
#5203 = DIRECTION ( 'NONE',  ( 5.243344273594249610E-32, 1.000000000000000000, -1.200639317332292868E-47 ) ) ;
#5204 = CARTESIAN_POINT ( 'NONE',  ( 0.9500000000000009548, 0.9999999999999988898, 0.02999999999999903438 ) ) ;
#5205 = FACE_OUTER_BOUND ( 'NONE', #2992, .T. ) ;
#5206 = ORIENTED_EDGE ( 'NONE', *, *, #7476, .T. ) ;
#5207 = LINE ( 'NONE', #4006, #6880 ) ;
#5208 = EDGE_LOOP ( 'NONE', ( #5360, #6166, #2465, #3892 ) ) ;
#5209 = AXIS2_PLACEMENT_3D ( 'NONE', #8224, #1220, #1770 ) ;
#5210 = ORIENTED_EDGE ( 'NONE', *, *, #5791, .T. ) ;
#5211 = CARTESIAN_POINT ( 'NONE',  ( 1.175000000000000044, 0.9999999999999988898, 0.07866077735406368232 ) ) ;
#5212 = ORIENTED_EDGE ( 'NONE', *, *, #1548, .T. ) ;
#5213 = CARTESIAN_POINT ( 'NONE',  ( 0.6750000000000010436, 0.9199999999999866063, 0.03619548911246069783 ) ) ;
#5214 = ORIENTED_EDGE ( 'NONE', *, *, #882, .F. ) ;
#5215 = ORIENTED_EDGE ( 'NONE', *, *, #631, .F. ) ;
#5216 = ORIENTED_EDGE ( 'NONE', *, *, #7462, .F. ) ;
#5217 = CARTESIAN_POINT ( 'NONE',  ( 1.675000000000000044, 0.9199999999999860512, -1.332267629550190018E-15 ) ) ;
#5218 = CARTESIAN_POINT ( 'NONE',  ( -3.299999999999999822, -1.000000000000000000, 0.3300000000000000155 ) ) ;
#5219 = VERTEX_POINT ( 'NONE', #4134 ) ;
#5220 = LINE ( 'NONE', #7792, #6798 ) ;
#5221 = CARTESIAN_POINT ( 'NONE',  ( 3.400000000000000355, 0.9999999999999986677, 0.9999999999999986677 ) ) ;
#5222 = CARTESIAN_POINT ( 'NONE',  ( 0.1750000000000010991, 1.673724317761259961, 0.3099999999999982769 ) ) ;
#5223 = VECTOR ( 'NONE', #6248, 1000.000000000000000 ) ;
#5224 = DIRECTION ( 'NONE',  ( 2.289834988289389802E-16, -0.000000000000000000, 1.000000000000000000 ) ) ;
#5225 = VERTEX_POINT ( 'NONE', #940 ) ;
#5226 = EDGE_CURVE ( 'NONE', #1611, #3237, #5542, .T. ) ;
#5227 = CIRCLE ( 'NONE', #4839, 0.02999999999999989828 ) ;
#5228 = CARTESIAN_POINT ( 'NONE',  ( -3.270000000000000018, 1.649999999999999911, -0.7947080000000009692 ) ) ;
#5229 = LINE ( 'NONE', #7804, #1906 ) ;
#5230 = CARTESIAN_POINT ( 'NONE',  ( -1.399999999999999911, 0.9199999999999997069, 0.07999999999999941880 ) ) ;
#5231 = CARTESIAN_POINT ( 'NONE',  ( 0.1750000000000009881, 1.249999999999990008, -9.992007221626412808E-16 ) ) ;
#5232 = ORIENTED_EDGE ( 'NONE', *, *, #6812, .T. ) ;
#5233 = FILL_AREA_STYLE ('',( #1978 ) ) ;
#5234 = CARTESIAN_POINT ( 'NONE',  ( 3.219999999999999307, 0.4807106781186548661, 0.9399999999999987255 ) ) ;
#5235 = DIRECTION ( 'NONE',  ( -0.7071067811865520136, 0.000000000000000000, 0.7071067811865431318 ) ) ;
#5236 = CARTESIAN_POINT ( 'NONE',  ( -47.10249999999999915, 0.6999999999999999556, 0.03000000000000963007 ) ) ;
#5237 = EDGE_CURVE ( 'NONE', #3266, #621, #441, .T. ) ;
#5238 = EDGE_CURVE ( 'NONE', #7509, #5122, #7321, .T. ) ;
#5239 = DIRECTION ( 'NONE',  ( -2.289834988289389802E-16, 0.000000000000000000, -1.000000000000000000 ) ) ;
#5240 = DIRECTION ( 'NONE',  ( -0.000000000000000000, -1.065228634467009955E-16, -1.000000000000000000 ) ) ;
#5241 = CARTESIAN_POINT ( 'NONE',  ( -3.265000000000000124, -1.550000000000000266, -3.354250471127029343E-16 ) ) ;
#5242 = LINE ( 'NONE', #6527, #6877 ) ;
#5243 = ORIENTED_EDGE ( 'NONE', *, *, #4521, .T. ) ;
#5244 = CARTESIAN_POINT ( 'NONE',  ( -0.8249999999999980682, 1.673724317761259961, 0.3099999999999984990 ) ) ;
#5245 = ORIENTED_EDGE ( 'NONE', *, *, #220, .F. ) ;
#5246 = VERTEX_POINT ( 'NONE', #1612 ) ;
#5247 = CARTESIAN_POINT ( 'NONE',  ( 2.450000000000000622, 0.9999999999999988898, 0.02999999999999825376 ) ) ;
#5248 = ADVANCED_FACE ( 'NONE', ( #5372 ), #7904, .T. ) ;
#5249 = EDGE_CURVE ( 'NONE', #944, #6455, #6694, .T. ) ;
#5250 = AXIS2_PLACEMENT_3D ( 'NONE', #4156, #5970, #2853 ) ;
#5251 = EDGE_LOOP ( 'NONE', ( #4842, #5065, #6336, #4463 ) ) ;
#5252 = DIRECTION ( 'NONE',  ( -0.000000000000000000, 1.065228634467009955E-16, 1.000000000000000000 ) ) ;
#5253 = ORIENTED_EDGE ( 'NONE', *, *, #5077, .T. ) ;
#5254 = VERTEX_POINT ( 'NONE', #4756 ) ;
#5255 = VECTOR ( 'NONE', #7480, 1000.000000000000000 ) ;
#5256 = ORIENTED_EDGE ( 'NONE', *, *, #1814, .T. ) ;
#5257 = VECTOR ( 'NONE', #7220, 1000.000000000000000 ) ;
#5258 = CARTESIAN_POINT ( 'NONE',  ( -0.04999999999999803907, 0.6999999999999990674, 0.02999999999999886091 ) ) ;
#5259 = DIRECTION ( 'NONE',  ( -2.439197797730288502E-32, 1.000000000000000000, -1.065228634467009955E-16 ) ) ;
#5260 = EDGE_LOOP ( 'NONE', ( #2407, #3139, #5509, #7163, #3301 ) ) ;
#5261 = CARTESIAN_POINT ( 'NONE',  ( -1.824999999999999956, 0.9431866336109966387, 0.06541154699933866834 ) ) ;
#5262 = CARTESIAN_POINT ( 'NONE',  ( 2.174999999999999822, 0.9199999999999860512, -1.700792284786699265E-15 ) ) ;
#5263 = CARTESIAN_POINT ( 'NONE',  ( 0.6750000000000010436, 1.673724317761259961, 0.3099999999999981659 ) ) ;
#5264 = VECTOR ( 'NONE', #5964, 1000.000000000000000 ) ;
#5265 = CARTESIAN_POINT ( 'NONE',  ( -6.785000000000000142, -0.6000000000000009770, 0.6900000000000009459 ) ) ;
#5266 = LINE ( 'NONE', #6590, #5382 ) ;
#5267 = VERTEX_POINT ( 'NONE', #361 ) ;
#5268 = AXIS2_PLACEMENT_3D ( 'NONE', #5733, #4606, #5770 ) ;
#5269 = VECTOR ( 'NONE', #4474, 1000.000000000000000 ) ;
#5270 = ADVANCED_FACE ( 'NONE', ( #2925 ), #6655, .T. ) ;
#5271 = CARTESIAN_POINT ( 'NONE',  ( -1.824999999999999956, 0.9199999999999860512, -4.795469576990272673E-16 ) ) ;
#5272 = CARTESIAN_POINT ( 'NONE',  ( 1.175000000000000044, 1.350000000000000089, 0.1099999999999980022 ) ) ;
#5273 = CARTESIAN_POINT ( 'NONE',  ( -2.325000000000000178, 0.9999999999999988898, 0.07866077735406447335 ) ) ;
#5274 = CARTESIAN_POINT ( 'NONE',  ( 0.07499999999999999722, 0.8499999999999989786, 0.05499999999999889699 ) ) ;
#5275 = ORIENTED_EDGE ( 'NONE', *, *, #5001, .F. ) ;
#5276 = PLANE ( 'NONE',  #7073 ) ;
#5277 = VECTOR ( 'NONE', #4658, 1000.000000000000114 ) ;
#5278 = CARTESIAN_POINT ( 'NONE',  ( 1.324999999999999956, 1.299999999999990274, 0.04999999999999939215 ) ) ;
#5279 = PLANE ( 'NONE',  #44 ) ;
#5280 = EDGE_CURVE ( 'NONE', #4107, #7415, #1029, .T. ) ;
#5281 = FACE_OUTER_BOUND ( 'NONE', #6132, .T. ) ;
#5282 = VECTOR ( 'NONE', #5330, 1000.000000000000000 ) ;
#5283 = VECTOR ( 'NONE', #5259, 1000.000000000000000 ) ;
#5284 = AXIS2_PLACEMENT_3D ( 'NONE', #227, #1440, #6529 ) ;
#5285 = CARTESIAN_POINT ( 'NONE',  ( 3.270000000000000018, 0.4600000000000000200, -0.7947080000000019684 ) ) ;
#5286 = CARTESIAN_POINT ( 'NONE',  ( 3.265000000000000124, -1.149999999999999911, 0.06782713613135600561 ) ) ;
#5287 = LINE ( 'NONE', #7818, #5666 ) ;
#5288 = DIRECTION ( 'NONE',  ( 0.000000000000000000, 0.7071067811865435759, 0.7071067811865513475 ) ) ;
#5289 = EDGE_CURVE ( 'NONE', #6624, #956, #2875, .T. ) ;
#5290 = ORIENTED_EDGE ( 'NONE', *, *, #7873, .T. ) ;
#5291 = LINE ( 'NONE', #3921, #7541 ) ;
#5292 = ORIENTED_EDGE ( 'NONE', *, *, #625, .F. ) ;
#5293 = ORIENTED_EDGE ( 'NONE', *, *, #4893, .T. ) ;
#5294 = LINE ( 'NONE', #5211, #1950 ) ;
#5295 = EDGE_CURVE ( 'NONE', #4227, #246, #1572, .T. ) ;
#5296 = VECTOR ( 'NONE', #729, 1000.000000000000000 ) ;
#5297 = VECTOR ( 'NONE', #6192, 1000.000000000000000 ) ;
#5298 = EDGE_CURVE ( 'NONE', #2836, #7254, #310, .T. ) ;
#5299 = VERTEX_POINT ( 'NONE', #401 ) ;
#5300 = CARTESIAN_POINT ( 'NONE',  ( 1.324999999999999956, 1.249999999999988676, 6.429680283563157194E-17 ) ) ;
#5301 = ADVANCED_FACE ( 'NONE', ( #2966 ), #8035, .F. ) ;
#5302 = VERTEX_POINT ( 'NONE', #6320 ) ;
#5303 = AXIS2_PLACEMENT_3D ( 'NONE', #4418, #8241, #1703 ) ;
#5304 = ORIENTED_EDGE ( 'NONE', *, *, #5747, .F. ) ;
#5305 = ORIENTED_EDGE ( 'NONE', *, *, #1037, .F. ) ;
#5306 = LINE ( 'NONE', #4016, #1936 ) ;
#5307 = CARTESIAN_POINT ( 'NONE',  ( -1.824999999999999956, 0.9499999999999869660, 0.03619548911246130152 ) ) ;
#5308 = VERTEX_POINT ( 'NONE', #2501 ) ;
#5309 = DIRECTION ( 'NONE',  ( -0.000000000000000000, -1.065228634467009955E-16, -1.000000000000000000 ) ) ;
#5310 = VERTEX_POINT ( 'NONE', #1783 ) ;
#5311 = DIRECTION ( 'NONE',  ( 0.000000000000000000, -1.065228634467009955E-16, -1.000000000000000000 ) ) ;
#5312 = FACE_OUTER_BOUND ( 'NONE', #728, .T. ) ;
#5313 = VECTOR ( 'NONE', #2704, 1000.000000000000000 ) ;
#5314 = LINE ( 'NONE', #7847, #3126 ) ;
#5315 = ORIENTED_EDGE ( 'NONE', *, *, #2690, .T. ) ;
#5316 = PLANE ( 'NONE',  #7244 ) ;
#5317 = DIRECTION ( 'NONE',  ( 2.804146475863970139E-32, 1.000000000000000000, -1.065228634467009955E-16 ) ) ;
#5318 = AXIS2_PLACEMENT_3D ( 'NONE', #2989, #1556, #4161 ) ;
#5319 = LINE ( 'NONE', #1932, #1185 ) ;
#5320 = CARTESIAN_POINT ( 'NONE',  ( 2.174999999999999822, 1.249999999999988232, -3.557538378468058959E-16 ) ) ;
#5321 = ORIENTED_EDGE ( 'NONE', *, *, #5609, .F. ) ;
#5322 = CARTESIAN_POINT ( 'NONE',  ( 2.825000000000000178, 0.9999999999999988898, 0.07999999999999909961 ) ) ;
#5323 = CARTESIAN_POINT ( 'NONE',  ( 1.162500000000000089, 0.9999999999999988898, 0.07999999999999860001 ) ) ;
#5324 = CARTESIAN_POINT ( 'NONE',  ( -3.299999999999999378, 0.8999999999999984679, 0.6750000000000000444 ) ) ;
#5325 = CARTESIAN_POINT ( 'NONE',  ( -1.674999999999999822, 1.249999999999989786, -5.421010862427522170E-16 ) ) ;
#5326 = DIRECTION ( 'NONE',  ( 1.000000000000000000, -5.243344273594249610E-32, -2.289834988289389802E-16 ) ) ;
#5327 = ADVANCED_FACE ( 'NONE', ( #2579 ), #7567, .T. ) ;
#5328 = ORIENTED_EDGE ( 'NONE', *, *, #6954, .F. ) ;
#5329 = PLANE ( 'NONE',  #3143 ) ;
#5330 = DIRECTION ( 'NONE',  ( -1.000000000000000000, 0.000000000000000000, 2.289834988289389802E-16 ) ) ;
#5331 = ORIENTED_EDGE ( 'NONE', *, *, #2906, .F. ) ;
#5332 = LINE ( 'NONE', #1398, #5943 ) ;
#5333 = FACE_OUTER_BOUND ( 'NONE', #651, .T. ) ;
#5334 = EDGE_CURVE ( 'NONE', #4270, #1238, #7644, .T. ) ;
#5335 = EDGE_CURVE ( 'NONE', #2861, #4849, #6940, .T. ) ;
#5336 = CIRCLE ( 'NONE', #7857, 0.04999999999999979461 ) ;
#5337 = ORIENTED_EDGE ( 'NONE', *, *, #5606, .F. ) ;
#5338 = DIRECTION ( 'NONE',  ( 1.000000000000000000, 4.948562843061550213E-17, -2.177367650947074402E-16 ) ) ;
#5339 = VERTEX_POINT ( 'NONE', #642 ) ;
#5340 = EDGE_LOOP ( 'NONE', ( #1193, #7156, #191, #2897, #483, #6669 ) ) ;
#5341 = ORIENTED_EDGE ( 'NONE', *, *, #4947, .F. ) ;
#5342 = DIRECTION ( 'NONE',  ( 1.000000000000000000, -5.243344273594249610E-32, -2.289834988289389802E-16 ) ) ;
#5343 = CARTESIAN_POINT ( 'NONE',  ( -0.1749999999999979905, 0.9199999999999870504, 0.1705002310154649925 ) ) ;
#5344 = ADVANCED_FACE ( 'NONE', ( #6207 ), #8238, .T. ) ;
#5345 = EDGE_CURVE ( 'NONE', #5707, #3967, #600, .T. ) ;
#5346 = ORIENTED_EDGE ( 'NONE', *, *, #7827, .T. ) ;
#5347 = LINE ( 'NONE', #5920, #5922 ) ;
#5348 = ORIENTED_EDGE ( 'NONE', *, *, #1170, .F. ) ;
#5349 = CARTESIAN_POINT ( 'NONE',  ( -2.325000000000000178, 1.349999999999999867, 0.3099999999999989431 ) ) ;
#5350 = EDGE_LOOP ( 'NONE', ( #3704, #1977, #1452, #6290 ) ) ;
#5351 = DIRECTION ( 'NONE',  ( 1.373900992973630035E-16, 0.8000000000000000444, 0.5999999999999999778 ) ) ;
#5352 = FACE_OUTER_BOUND ( 'NONE', #6759, .T. ) ;
#5353 = VERTEX_POINT ( 'NONE', #3169 ) ;
#5354 = ORIENTED_EDGE ( 'NONE', *, *, #5030, .T. ) ;
#5355 = LINE ( 'NONE', #7888, #5916 ) ;
#5356 = VECTOR ( 'NONE', #6727, 1000.000000000000000 ) ;
#5357 = LINE ( 'NONE', #1055, #6809 ) ;
#5358 = FACE_OUTER_BOUND ( 'NONE', #7076, .T. ) ;
#5359 = LINE ( 'NONE', #2187, #2506 ) ;
#5360 = ORIENTED_EDGE ( 'NONE', *, *, #8133, .F. ) ;
#5361 = LINE ( 'NONE', #5979, #3503 ) ;
#5362 = CARTESIAN_POINT ( 'NONE',  ( 2.174999999999999822, 0.9431866336109966387, 0.06541154699933747485 ) ) ;
#5363 = CARTESIAN_POINT ( 'NONE',  ( -41.67662438884190834, -1.800000000000000266, 1.000000000000009992 ) ) ;
#5364 = FACE_OUTER_BOUND ( 'NONE', #5100, .T. ) ;
#5365 = VECTOR ( 'NONE', #4498, 1000.000000000000000 ) ;
#5366 = CARTESIAN_POINT ( 'NONE',  ( 0.3250000000000019540, 1.299999999999990274, 0.04999999999999958644 ) ) ;
#5367 = CARTESIAN_POINT ( 'NONE',  ( -0.3249999999999980127, 1.245779075397750235, 0.1705002310154649925 ) ) ;
#5368 = FACE_OUTER_BOUND ( 'NONE', #3018, .T. ) ;
#5369 = LINE ( 'NONE', #1027, #2764 ) ;
#5370 = ORIENTED_EDGE ( 'NONE', *, *, #2604, .T. ) ;
#5371 = PLANE ( 'NONE',  #5284 ) ;
#5372 = FACE_OUTER_BOUND ( 'NONE', #3727, .T. ) ;
#5373 = DIRECTION ( 'NONE',  ( -0.5773502691896201799, -0.5773502691896378325, -0.5773502691896192918 ) ) ;
#5374 = EDGE_LOOP ( 'NONE', ( #7548, #2080, #2820, #3677 ) ) ;
#5375 = CARTESIAN_POINT ( 'NONE',  ( 3.115000000000000213, -1.464196000000000053, 0.1699999999999980138 ) ) ;
#5376 = EDGE_CURVE ( 'NONE', #3738, #5677, #143, .T. ) ;
#5378 = VERTEX_POINT ( 'NONE', #6285 ) ;
#5377 = ORIENTED_EDGE ( 'NONE', *, *, #6355, .T. ) ;
#5379 = VERTEX_POINT ( 'NONE', #14 ) ;
#5380 = EDGE_LOOP ( 'NONE', ( #4067, #3896, #7613, #6534 ) ) ;
#5381 = CARTESIAN_POINT ( 'NONE',  ( -1.550000000000002043, 0.9999999999999988898, 0.02999999999999962419 ) ) ;
#5382 = VECTOR ( 'NONE', #5884, 1000.000000000000000 ) ;
#5383 = FACE_BOUND ( 'NONE', #1626, .T. ) ;
#5384 = EDGE_CURVE ( 'NONE', #6383, #7225, #5703, .T. ) ;
#5385 = CIRCLE ( 'NONE', #4209, 0.05000000000000070360 ) ;
#5386 = ORIENTED_EDGE ( 'NONE', *, *, #6904, .T. ) ;
#5387 = ORIENTED_EDGE ( 'NONE', *, *, #1708, .T. ) ;
#5388 = CARTESIAN_POINT ( 'NONE',  ( 2.174999999999999822, 1.299999999999994715, 0.1099999999999980160 ) ) ;
#5389 = PRODUCT_CONTEXT ( 'NONE', #6343, 'mechanical' ) ;
#5390 = ADVANCED_FACE ( 'NONE', ( #1231 ), #3793, .T. ) ;
#5391 = EDGE_LOOP ( 'NONE', ( #12, #1639, #1202, #5444 ) ) ;
#5392 = DIRECTION ( 'NONE',  ( -2.804146475863970139E-32, -1.000000000000000000, 1.065228634467009955E-16 ) ) ;
#5393 = CARTESIAN_POINT ( 'NONE',  ( -0.8249999999999980682, 0.9999999999999988898, 0.3099999999999987210 ) ) ;
#5394 = ORIENTED_EDGE ( 'NONE', *, *, #2604, .F. ) ;
#5395 = EDGE_CURVE ( 'NONE', #2371, #1733, #485, .T. ) ;
#5396 = CIRCLE ( 'NONE', #175, 0.04999999999999720640 ) ;
#5397 = VECTOR ( 'NONE', #2971, 1000.000000000000000 ) ;
#5398 = ORIENTED_EDGE ( 'NONE', *, *, #4235, .T. ) ;
#5399 = DIRECTION ( 'NONE',  ( 1.000000000000000000, 0.000000000000000000, -2.289834988289389802E-16 ) ) ;
#5400 = DIRECTION ( 'NONE',  ( 2.804146475863970139E-32, 1.000000000000000000, -1.065228634467009955E-16 ) ) ;
#5401 = LINE ( 'NONE', #1010, #1726 ) ;
#5402 = CARTESIAN_POINT ( 'NONE',  ( 3.265000000000000124, -1.799999999999990274, 0.5199999999999990186 ) ) ;
#5403 = EDGE_CURVE ( 'NONE', #5806, #6455, #3836, .T. ) ;
#5404 = EDGE_LOOP ( 'NONE', ( #3979, #6232, #3400, #727 ) ) ;
#5405 = DIRECTION ( 'NONE',  ( 0.000000000000000000, -1.065228634467009955E-16, -1.000000000000000000 ) ) ;
#5406 = EDGE_CURVE ( 'NONE', #6333, #7415, #3678, .T. ) ;
#5407 = VECTOR ( 'NONE', #3946, 1000.000000000000000 ) ;
#5408 = CARTESIAN_POINT ( 'NONE',  ( -3.265000000000000124, -1.824999999999989964, 0.1699999999999993738 ) ) ;
#5409 = CARTESIAN_POINT ( 'NONE',  ( -3.115000000000000213, -1.749999999999991562, 0.4199999999999999845 ) ) ;
#5410 = CARTESIAN_POINT ( 'NONE',  ( -0.3249999999999980127, 0.9431866336109969717, 0.06541154699933840466 ) ) ;
#5411 = VECTOR ( 'NONE', #7786, 999.9999999999998863 ) ;
#5412 = DIRECTION ( 'NONE',  ( 0.000000000000000000, 0.000000000000000000, 1.000000000000000000 ) ) ;
#5413 = LINE ( 'NONE', #892, #6619 ) ;
#5414 = FACE_OUTER_BOUND ( 'NONE', #4099, .T. ) ;
#5415 = DIRECTION ( 'NONE',  ( -1.000000000000000000, 5.243344273594249610E-32, 0.000000000000000000 ) ) ;
#5416 = VECTOR ( 'NONE', #6197, 1000.000000000000000 ) ;
#5417 = ORIENTED_EDGE ( 'NONE', *, *, #7010, .T. ) ;
#5418 = PLANE ( 'NONE',  #5025 ) ;
#5419 = DIRECTION ( 'NONE',  ( 1.000000000000000000, -5.243344273594249610E-32, -2.289834988289389802E-16 ) ) ;
#5420 = PLANE ( 'NONE',  #5569 ) ;
#5421 = AXIS2_PLACEMENT_3D ( 'NONE', #7327, #365, #4183 ) ;
#5422 = AXIS2_PLACEMENT_3D ( 'NONE', #1085, #2436, #1128 ) ;
#5423 = VERTEX_POINT ( 'NONE', #2539 ) ;
#5424 = VECTOR ( 'NONE', #3834, 1000.000000000000000 ) ;
#5425 = CARTESIAN_POINT ( 'NONE',  ( -2.450000000000000622, 0.9999999999999988898, 0.02999999999999937439 ) ) ;
#5427 = EDGE_LOOP ( 'NONE', ( #8024, #6465, #6614, #5417 ) ) ;
#5426 = VERTEX_POINT ( 'NONE', #3050 ) ;
#5428 = ORIENTED_EDGE ( 'NONE', *, *, #3010, .F. ) ;
#5429 = VECTOR ( 'NONE', #1754, 1000.000000000000000 ) ;
#5430 = ORIENTED_EDGE ( 'NONE', *, *, #2133, .F. ) ;
#5431 = LINE ( 'NONE', #2262, #6464 ) ;
#5432 = CARTESIAN_POINT ( 'NONE',  ( 1.350000000000000089, 1.350000000000000089, 0.3099999999999980549 ) ) ;
#5433 = VECTOR ( 'NONE', #1938, 1000.000000000000000 ) ;
#5434 = ORIENTED_EDGE ( 'NONE', *, *, #791, .F. ) ;
#5435 = EDGE_CURVE ( 'NONE', #1718, #6090, #7489, .T. ) ;
#5436 = VERTEX_POINT ( 'NONE', #1155 ) ;
#5437 = DIRECTION ( 'NONE',  ( -2.232893331421829163E-16, 0.2216211035889688874, -0.9751328557914595851 ) ) ;
#5438 = VERTEX_POINT ( 'NONE', #5078 ) ;
#5439 = CARTESIAN_POINT ( 'NONE',  ( 3.265000000000000124, -1.100000000000000089, 0.4599999999999979661 ) ) ;
#5440 = PLANE ( 'NONE',  #3524 ) ;
#5441 = ORIENTED_EDGE ( 'NONE', *, *, #6103, .F. ) ;
#5442 = EDGE_CURVE ( 'NONE', #6677, #3374, #525, .T. ) ;
#5443 = EDGE_CURVE ( 'NONE', #2800, #3054, #5623, .T. ) ;
#5444 = ORIENTED_EDGE ( 'NONE', *, *, #1664, .T. ) ;
#5445 = LINE ( 'NONE', #7849, #2868 ) ;
#5446 = EDGE_CURVE ( 'NONE', #5989, #4998, #1823, .T. ) ;
#5447 = CARTESIAN_POINT ( 'NONE',  ( 2.952500000000000124, -1.899999999999999911, 0.1799999999999979949 ) ) ;
#5448 = CARTESIAN_POINT ( 'NONE',  ( 1.824999999999999956, 0.9999999999999988898, 0.07866077735406341864 ) ) ;
#5449 = CARTESIAN_POINT ( 'NONE',  ( 2.325000000000000178, 1.299999999999990274, 0.04999999999999888561 ) ) ;
#5450 = ORIENTED_EDGE ( 'NONE', *, *, #1808, .T. ) ;
#5451 = VERTEX_POINT ( 'NONE', #1194 ) ;
#5452 = CARTESIAN_POINT ( 'NONE',  ( -3.115000000000000213, -1.599999999999999645, 0.05000000000000078687 ) ) ;
#5453 = ORIENTED_EDGE ( 'NONE', *, *, #4484, .T. ) ;
#5454 = LINE ( 'NONE', #1561, #7260 ) ;
#5455 = FACE_OUTER_BOUND ( 'NONE', #6665, .T. ) ;
#5456 = LINE ( 'NONE', #1519, #7803 ) ;
#5457 = EDGE_CURVE ( 'NONE', #3967, #6924, #677, .T. ) ;
#5458 = AXIS2_PLACEMENT_3D ( 'NONE', #1596, #3442, #923 ) ;
#5459 = CARTESIAN_POINT ( 'NONE',  ( 3.500000000000000000, 0.6948629999999990092, 0.8416139999999979748 ) ) ;
#5460 = DIRECTION ( 'NONE',  ( 1.000000000000000000, 0.000000000000000000, -2.289834988289389802E-16 ) ) ;
#5461 = FACE_OUTER_BOUND ( 'NONE', #876, .T. ) ;
#5462 = DIRECTION ( 'NONE',  ( -1.000000000000000000, 0.000000000000000000, 2.289834988289389802E-16 ) ) ;
#5463 = ORIENTED_EDGE ( 'NONE', *, *, #855, .F. ) ;
#5464 = CARTESIAN_POINT ( 'NONE',  ( -3.270000000000000018, 0.8999999999999990230, -0.7947080000000009692 ) ) ;
#5465 = DIRECTION ( 'NONE',  ( -2.289834988289389802E-16, 0.000000000000000000, -1.000000000000000000 ) ) ;
#5466 = VECTOR ( 'NONE', #8148, 1000.000000000000000 ) ;
#5467 = ORIENTED_EDGE ( 'NONE', *, *, #1614, .T. ) ;
#5468 = DIRECTION ( 'NONE',  ( 2.439197797730288502E-32, -1.000000000000000000, 1.065228634467009955E-16 ) ) ;
#5470 = ORIENTED_EDGE ( 'NONE', *, *, #1148, .F. ) ;
#5469 = ORIENTED_EDGE ( 'NONE', *, *, #5226, .F. ) ;
#5471 = ORIENTED_EDGE ( 'NONE', *, *, #3462, .T. ) ;
#5472 = EDGE_LOOP ( 'NONE', ( #7074, #5173, #1586, #3721 ) ) ;
#5473 = LINE ( 'NONE', #3425, #7922 ) ;
#5474 = DIRECTION ( 'NONE',  ( 0.000000000000000000, -0.9738685962292472631, -0.2271122129663562805 ) ) ;
#5475 = ORIENTED_EDGE ( 'NONE', *, *, #996, .F. ) ;
#5476 = ORIENTED_EDGE ( 'NONE', *, *, #2542, .F. ) ;
#5477 = PLANE ( 'NONE',  #3220 ) ;
#5478 = ORIENTED_EDGE ( 'NONE', *, *, #996, .T. ) ;
#5479 = CARTESIAN_POINT ( 'NONE',  ( -3.299999999999999822, 0.6948629999999990092, 0.8416139999999999732 ) ) ;
#5480 = CARTESIAN_POINT ( 'NONE',  ( -2.764999999999999236, -1.649999999999998801, 0.7199999999999977529 ) ) ;
#5481 = ORIENTED_EDGE ( 'NONE', *, *, #2351, .T. ) ;
#5482 = AXIS2_PLACEMENT_3D ( 'NONE', #4369, #2525, #1729 ) ;
#5483 = VERTEX_POINT ( 'NONE', #5934 ) ;
#5484 = FACE_OUTER_BOUND ( 'NONE', #7773, .T. ) ;
#5485 = DIRECTION ( 'NONE',  ( -5.326143172335038067E-17, 1.000000000000000000, -5.326143172335105860E-17 ) ) ;
#5486 = LINE ( 'NONE', #7891, #884 ) ;
#5487 = EDGE_CURVE ( 'NONE', #2970, #7831, #760, .T. ) ;
#5488 = ORIENTED_EDGE ( 'NONE', *, *, #4179, .T. ) ;
#5489 = ORIENTED_EDGE ( 'NONE', *, *, #6262, .T. ) ;
#5490 = CARTESIAN_POINT ( 'NONE',  ( 2.325000000000000178, 0.9999999999999988898, 0.07866077735406309945 ) ) ;
#5491 = ORIENTED_EDGE ( 'NONE', *, *, #4572, .F. ) ;
#5492 = FACE_OUTER_BOUND ( 'NONE', #440, .T. ) ;
#5493 = LINE ( 'NONE', #1693, #6709 ) ;
#5494 = DIRECTION ( 'NONE',  ( 1.000000000000000000, 0.000000000000000000, -2.289834988289389802E-16 ) ) ;
#5495 = EDGE_CURVE ( 'NONE', #6125, #2734, #130, .T. ) ;
#5496 = LINE ( 'NONE', #2919, #5926 ) ;
#5497 = FACE_OUTER_BOUND ( 'NONE', #4229, .T. ) ;
#5498 = CARTESIAN_POINT ( 'NONE',  ( 0.05000000000000059258, 0.9999999999999988898, 0.03000000000000003011 ) ) ;
#5499 = CARTESIAN_POINT ( 'NONE',  ( 0.05000000000000143219, 0.9999999999999988898, 0.02999999999999880193 ) ) ;
#5500 = ORIENTED_EDGE ( 'NONE', *, *, #2703, .T. ) ;
#5501 = DIRECTION ( 'NONE',  ( 0.000000000000000000, -1.000000000000000000, 2.289834988289389802E-16 ) ) ;
#5502 = EDGE_CURVE ( 'NONE', #3361, #7087, #7093, .T. ) ;
#5503 = CARTESIAN_POINT ( 'NONE',  ( -0.8249999999999979572, 1.249999999999990008, -7.771561172376099727E-16 ) ) ;
#5504 = VECTOR ( 'NONE', #7394, 1000.000000000000000 ) ;
#5505 = ADVANCED_FACE ( 'NONE', ( #799 ), #2620, .F. ) ;
#5506 = ORIENTED_EDGE ( 'NONE', *, *, #3676, .F. ) ;
#5507 = DIRECTION ( 'NONE',  ( -2.439197797730288502E-32, 1.000000000000000000, -1.065228634467009955E-16 ) ) ;
#5508 = CARTESIAN_POINT ( 'NONE',  ( 1.324999999999999956, 1.673724317761259961, 0.3099999999999979994 ) ) ;
#5509 = ORIENTED_EDGE ( 'NONE', *, *, #4741, .F. ) ;
#5510 = ORIENTED_EDGE ( 'NONE', *, *, #5790, .T. ) ;
#5511 = VERTEX_POINT ( 'NONE', #5159 ) ;
#5512 = FACE_OUTER_BOUND ( 'NONE', #276, .T. ) ;
#5513 = CARTESIAN_POINT ( 'NONE',  ( -3.270000000000000018, 0.4600000000000005751, 0.8900000000000004574 ) ) ;
#5514 = VERTEX_POINT ( 'NONE', #5198 ) ;
#5515 = VECTOR ( 'NONE', #1930, 1000.000000000000000 ) ;
#5516 = VERTEX_POINT ( 'NONE', #7810 ) ;
#5517 = CARTESIAN_POINT ( 'NONE',  ( 0.9500000000000015099, 0.6999999999999977351, 0.02999999999999827457 ) ) ;
#5518 = ORIENTED_EDGE ( 'NONE', *, *, #7973, .F. ) ;
#5519 = LINE ( 'NONE', #8055, #1270 ) ;
#5520 = DIRECTION ( 'NONE',  ( 0.000000000000000000, 0.9751328557914595851, 0.2216211035889688874 ) ) ;
#5521 = ORIENTED_EDGE ( 'NONE', *, *, #3735, .T. ) ;
#5522 = VECTOR ( 'NONE', #35, 1000.000000000000000 ) ;
#5523 = ORIENTED_EDGE ( 'NONE', *, *, #5502, .T. ) ;
#5524 = CARTESIAN_POINT ( 'NONE',  ( -0.6749999999999980460, 1.249999999999988676, 5.702578166622002544E-16 ) ) ;
#5525 = CARTESIAN_POINT ( 'NONE',  ( 2.449999999999999734, 0.9999999999999988898, 0.02999999999999806641 ) ) ;
#5526 = CARTESIAN_POINT ( 'NONE',  ( 3.299999999999999822, 0.8999999999999980238, 0.3099999999999979439 ) ) ;
#5527 = ORIENTED_EDGE ( 'NONE', *, *, #7875, .T. ) ;
#5528 = VERTEX_POINT ( 'NONE', #6481 ) ;
#5529 = CARTESIAN_POINT ( 'NONE',  ( 0.3250000000000020095, 1.299999999999994715, 0.1099999999999979605 ) ) ;
#5530 = ORIENTED_EDGE ( 'NONE', *, *, #331, .T. ) ;
#5531 = VECTOR ( 'NONE', #2555, 1000.000000000000000 ) ;
#5532 = CARTESIAN_POINT ( 'NONE',  ( 3.500000000000000000, -0.8000000000000010436, 0.07999999999999790612 ) ) ;
#5533 = DIRECTION ( 'NONE',  ( -2.289834988289389802E-16, 0.000000000000000000, -1.000000000000000000 ) ) ;
#5534 = CARTESIAN_POINT ( 'NONE',  ( 3.265000000000000124, -1.000000000000000000, 0.5099999999999980105 ) ) ;
#5535 = AXIS2_PLACEMENT_3D ( 'NONE', #4957, #4333, #3714 ) ;
#5536 = CARTESIAN_POINT ( 'NONE',  ( -3.269999999999999574, 1.603724317761259899, 0.8900000000000005684 ) ) ;
#5537 = CARTESIAN_POINT ( 'NONE',  ( 2.765000000000000124, -0.6999999999999843014, 0.3299999999999984612 ) ) ;
#5538 = DIRECTION ( 'NONE',  ( -1.000000000000000000, 0.000000000000000000, 2.289834988289389802E-16 ) ) ;
#5539 = FACE_OUTER_BOUND ( 'NONE', #1558, .T. ) ;
#5540 = EDGE_LOOP ( 'NONE', ( #1167, #5121, #903, #5476 ) ) ;
#5541 = EDGE_CURVE ( 'NONE', #5720, #7087, #7058, .T. ) ;
#5542 = LINE ( 'NONE', #269, #2020 ) ;
#5543 = VECTOR ( 'NONE', #6588, 1000.000000000000000 ) ;
#5544 = DIRECTION ( 'NONE',  ( -5.243344273594249610E-32, -1.000000000000000000, 1.200639317332292868E-47 ) ) ;
#5545 = VECTOR ( 'NONE', #1264, 1000.000000000000000 ) ;
#5546 = AXIS2_PLACEMENT_3D ( 'NONE', #4787, #351, #1642 ) ;
#5547 = ADVANCED_FACE ( 'NONE', ( #2014 ), #2104, .T. ) ;
#5548 = EDGE_LOOP ( 'NONE', ( #8103, #7735, #4583, #3437 ) ) ;
#5549 = CARTESIAN_POINT ( 'NONE',  ( -1.325000000000000178, 0.9999999999999988898, 0.3099999999999979994 ) ) ;
#5550 = CARTESIAN_POINT ( 'NONE',  ( 0.1750000000000009881, 1.245779075397750235, 0.1705002310154649925 ) ) ;
#5551 = VERTEX_POINT ( 'NONE', #3245 ) ;
#5552 = EDGE_CURVE ( 'NONE', #7077, #2929, #3401, .T. ) ;
#5553 = ORIENTED_EDGE ( 'NONE', *, *, #4398, .T. ) ;
#5554 = ORIENTED_EDGE ( 'NONE', *, *, #4942, .T. ) ;
#5555 = CARTESIAN_POINT ( 'NONE',  ( -3.265000000000000124, -1.100000000000000089, 0.3752010000000010059 ) ) ;
#5556 = VECTOR ( 'NONE', #258, 1000.000000000000000 ) ;
#5557 = LINE ( 'NONE', #1665, #5429 ) ;
#5558 = ADVANCED_FACE ( 'NONE', ( #3910 ), #5276, .F. ) ;
#5559 = VECTOR ( 'NONE', #529, 1000.000000000000227 ) ;
#5560 = VECTOR ( 'NONE', #133, 1000.000000000000000 ) ;
#5561 = EDGE_LOOP ( 'NONE', ( #8089, #4281, #5210, #2172 ) ) ;
#5562 = ORIENTED_EDGE ( 'NONE', *, *, #2193, .F. ) ;
#5563 = LINE ( 'NONE', #3140, #2760 ) ;
#5564 = VERTEX_POINT ( 'NONE', #166 ) ;
#5565 = CARTESIAN_POINT ( 'NONE',  ( 2.933678328689710124, -0.8000000000000010436, 0.07999999999999793387 ) ) ;
#5566 = DIRECTION ( 'NONE',  ( -2.289834988289389802E-16, 0.000000000000000000, -1.000000000000000000 ) ) ;
#5567 = ORIENTED_EDGE ( 'NONE', *, *, #4390, .F. ) ;
#5568 = VECTOR ( 'NONE', #1694, 1000.000000000000000 ) ;
#5569 = AXIS2_PLACEMENT_3D ( 'NONE', #853, #5993, #2254 ) ;
#5570 = ORIENTED_EDGE ( 'NONE', *, *, #7660, .F. ) ;
#5571 = CARTESIAN_POINT ( 'NONE',  ( -2.765000000000000124, -1.780000000000000027, 0.1888888888888859974 ) ) ;
#5572 = DIRECTION ( 'NONE',  ( 0.000000000000000000, 2.289834988289389802E-16, 1.000000000000000000 ) ) ;
#5573 = LINE ( 'NONE', #4910, #3428 ) ;
#5574 = ORIENTED_EDGE ( 'NONE', *, *, #5487, .F. ) ;
#5575 = FACE_OUTER_BOUND ( 'NONE', #1986, .T. ) ;
#5576 = EDGE_LOOP ( 'NONE', ( #2727, #7464, #4406, #6986 ) ) ;
#5577 = PLANE ( 'NONE',  #7124 ) ;
#5578 = DIRECTION ( 'NONE',  ( -1.000000000000000000, 5.243344273594249610E-32, 2.289834988289389802E-16 ) ) ;
#5579 = LINE ( 'NONE', #8073, #2207 ) ;
#5580 = LINE ( 'NONE', #8119, #4054 ) ;
#5581 = DIRECTION ( 'NONE',  ( 1.000000000000000000, -2.804146475863970139E-32, 2.987057121330055487E-48 ) ) ;
#5582 = CARTESIAN_POINT ( 'NONE',  ( 1.175000000000000044, 1.350000000000000089, 0.1705002310154649925 ) ) ;
#5583 = EDGE_LOOP ( 'NONE', ( #7702, #867, #6849, #1203 ) ) ;
#5584 = DIRECTION ( 'NONE',  ( 0.7071067811865474617, 0.7071067811865474617, 0.000000000000000000 ) ) ;
#5585 = CARTESIAN_POINT ( 'NONE',  ( 2.825000000000000178, 0.9999999999999988898, 0.07999999999999939104 ) ) ;
#5586 = EDGE_CURVE ( 'NONE', #8114, #856, #7183, .T. ) ;
#5587 = EDGE_CURVE ( 'NONE', #4471, #5057, #1312, .T. ) ;
#5588 = ORIENTED_EDGE ( 'NONE', *, *, #1111, .T. ) ;
#5589 = DIRECTION ( 'NONE',  ( 2.289834988289389802E-16, -0.000000000000000000, 1.000000000000000000 ) ) ;
#5590 = DIRECTION ( 'NONE',  ( 0.000000000000000000, 1.000000000000000000, -2.289834988289389802E-16 ) ) ;
#5591 = ORIENTED_EDGE ( 'NONE', *, *, #6463, .T. ) ;
#5592 = ORIENTED_EDGE ( 'NONE', *, *, #4020, .F. ) ;
#5593 = VECTOR ( 'NONE', #2576, 1000.000000000000000 ) ;
#5594 = ORIENTED_EDGE ( 'NONE', *, *, #6294, .F. ) ;
#5595 = EDGE_CURVE ( 'NONE', #4916, #1690, #813, .T. ) ;
#5596 = LINE ( 'NONE', #8132, #1551 ) ;
#5597 = EDGE_CURVE ( 'NONE', #3127, #1681, #7310, .T. ) ;
#5598 = AXIS2_PLACEMENT_3D ( 'NONE', #6824, #2418, #1190 ) ;
#5599 = EDGE_CURVE ( 'NONE', #5967, #368, #6601, .T. ) ;
#5600 = CARTESIAN_POINT ( 'NONE',  ( 2.174999999999999822, 1.299999999999990274, 0.1705002310154639933 ) ) ;
#5601 = ORIENTED_EDGE ( 'NONE', *, *, #2067, .T. ) ;
#5602 = ORIENTED_EDGE ( 'NONE', *, *, #900, .F. ) ;
#5603 = LINE ( 'NONE', #3740, #6082 ) ;
#5604 = VERTEX_POINT ( 'NONE', #5452 ) ;
#5605 = DIRECTION ( 'NONE',  ( -2.289834988289389802E-16, 1.200639317332289951E-47, -1.000000000000000000 ) ) ;
#5606 = EDGE_CURVE ( 'NONE', #3305, #6864, #3445, .T. ) ;
#5607 = LINE ( 'NONE', #2314, #839 ) ;
#5608 = EDGE_CURVE ( 'NONE', #4885, #1335, #885, .T. ) ;
#5609 = EDGE_CURVE ( 'NONE', #4471, #7840, #1015, .T. ) ;
#5610 = VERTEX_POINT ( 'NONE', #972 ) ;
#5611 = VECTOR ( 'NONE', #4951, 1000.000000000000000 ) ;
#5612 = DIRECTION ( 'NONE',  ( 0.000000000000000000, 1.065228634467009955E-16, 1.000000000000000000 ) ) ;
#5613 =( LENGTH_UNIT ( ) NAMED_UNIT ( * ) SI_UNIT ( .MILLI., .METRE. ) );
#5614 = CARTESIAN_POINT ( 'NONE',  ( -0.8249999999999979572, 0.9431866336109969717, 0.06541154699933850181 ) ) ;
#5615 = ADVANCED_FACE ( 'NONE', ( #428 ), #4165, .T. ) ;
#5616 = DIRECTION ( 'NONE',  ( 2.804146475863970139E-32, 1.000000000000000000, -1.065228634467009955E-16 ) ) ;
#5617 = CARTESIAN_POINT ( 'NONE',  ( -1.175000000000000044, 1.245779075397750235, 0.1705002310154649925 ) ) ;
#5618 = DIRECTION ( 'NONE',  ( -1.619157848017760137E-16, 0.7071067811864969466, -0.7071067811865980879 ) ) ;
#5619 = DIRECTION ( 'NONE',  ( -2.439197797730288502E-32, 1.000000000000000000, -1.065228634467009955E-16 ) ) ;
#5620 = LINE ( 'NONE', #1152, #8117 ) ;
#5621 = DIRECTION ( 'NONE',  ( -1.000000000000000000, -0.000000000000000000, -0.000000000000000000 ) ) ;
#5622 = ORIENTED_EDGE ( 'NONE', *, *, #3150, .F. ) ;
#5623 = LINE ( 'NONE', #4999, #6292 ) ;
#5624 = FACE_OUTER_BOUND ( 'NONE', #5911, .T. ) ;
#5625 = ORIENTED_EDGE ( 'NONE', *, *, #5791, .F. ) ;
#5626 = PLANE ( 'NONE',  #6058 ) ;
#5627 = DIRECTION ( 'NONE',  ( 1.000000000000000000, -5.243344273594249610E-32, -2.289834988289389802E-16 ) ) ;
#5628 = ORIENTED_EDGE ( 'NONE', *, *, #3681, .F. ) ;
#5629 = EDGE_LOOP ( 'NONE', ( #5337, #1059, #5475, #3698 ) ) ;
#5630 = VECTOR ( 'NONE', #7270, 1000.000000000000000 ) ;
#5631 = ORIENTED_EDGE ( 'NONE', *, *, #395, .F. ) ;
#5632 = VECTOR ( 'NONE', #1222, 1000.000000000000000 ) ;
#5633 = FACE_OUTER_BOUND ( 'NONE', #2277, .T. ) ;
#5634 = CARTESIAN_POINT ( 'NONE',  ( -3.270000000000000018, 1.899999999999999911, 0.8900000000000009015 ) ) ;
#5635 = VERTEX_POINT ( 'NONE', #4786 ) ;
#5636 = ORIENTED_EDGE ( 'NONE', *, *, #3460, .F. ) ;
#5637 = LINE ( 'NONE', #3104, #403 ) ;
#5638 = ORIENTED_EDGE ( 'NONE', *, *, #2188, .T. ) ;
#5639 = EDGE_CURVE ( 'NONE', #4295, #2750, #2322, .T. ) ;
#5640 = LINE ( 'NONE', #8176, #7787 ) ;
#5641 = CARTESIAN_POINT ( 'NONE',  ( -1.324999999999999956, 1.249999999999990008, -6.776263578034402713E-16 ) ) ;
#5642 = EDGE_CURVE ( 'NONE', #6322, #2734, #6066, .T. ) ;
#5643 = EDGE_CURVE ( 'NONE', #8067, #919, #3624, .T. ) ;
#5644 = ORIENTED_EDGE ( 'NONE', *, *, #1316, .T. ) ;
#5645 = DIRECTION ( 'NONE',  ( -0.2163711612039591892, 0.9520331092974139153, 0.2163711612039563303 ) ) ;
#5646 = DIRECTION ( 'NONE',  ( 2.289834988289389802E-16, 0.000000000000000000, 1.000000000000000000 ) ) ;
#5647 = EDGE_CURVE ( 'NONE', #1634, #458, #5361, .T. ) ;
#5648 = DIRECTION ( 'NONE',  ( 2.289834988289389802E-16, -0.000000000000000000, 1.000000000000000000 ) ) ;
#5649 = LINE ( 'NONE', #1260, #482 ) ;
#5650 = DIRECTION ( 'NONE',  ( 0.000000000000000000, 0.000000000000000000, -1.000000000000000000 ) ) ;
#5651 = ORIENTED_EDGE ( 'NONE', *, *, #3786, .F. ) ;
#5652 = CIRCLE ( 'NONE', #305, 0.05000000000000070360 ) ;
#5653 = EDGE_CURVE ( 'NONE', #5663, #6653, #6953, .T. ) ;
#5654 = EDGE_CURVE ( 'NONE', #4946, #4273, #2279, .T. ) ;
#5655 = CARTESIAN_POINT ( 'NONE',  ( 0.6625000000000019762, 0.9199999999999990408, 0.07999999999999890532 ) ) ;
#5656 = DIRECTION ( 'NONE',  ( -2.289834988289389802E-16, 0.000000000000000000, -1.000000000000000000 ) ) ;
#5657 = VECTOR ( 'NONE', #3585, 1000.000000000000000 ) ;
#5658 = DIRECTION ( 'NONE',  ( -2.289834988289389802E-16, -2.289834988289389802E-16, -1.000000000000000000 ) ) ;
#5659 = DIRECTION ( 'NONE',  ( 0.000000000000000000, 0.000000000000000000, 1.000000000000000000 ) ) ;
#5660 = EDGE_LOOP ( 'NONE', ( #3516, #837, #7623, #5020 ) ) ;
#5661 = CARTESIAN_POINT ( 'NONE',  ( -1.824999999999999956, 1.249999999999990008, -5.551115123125779744E-16 ) ) ;
#5662 = LINE ( 'NONE', #5585, #3716 ) ;
#5663 = VERTEX_POINT ( 'NONE', #5529 ) ;
#5664 = CARTESIAN_POINT ( 'NONE',  ( -2.325000000000000178, 0.9431866336109969717, 0.06541154699933879324 ) ) ;
#5665 = LINE ( 'NONE', #4968, #2493 ) ;
#5666 = VECTOR ( 'NONE', #3251, 999.9999999999998863 ) ;
#5667 = ADVANCED_FACE ( 'NONE', ( #7350 ), #2821, .F. ) ;
#5668 = ORIENTED_EDGE ( 'NONE', *, *, #2032, .F. ) ;
#5669 = ORIENTED_EDGE ( 'NONE', *, *, #5758, .F. ) ;
#5670 = ORIENTED_EDGE ( 'NONE', *, *, #697, .T. ) ;
#5671 = VECTOR ( 'NONE', #6822, 1000.000000000000000 ) ;
#5672 = CARTESIAN_POINT ( 'NONE',  ( 1.899999999999999689, 0.9199999999999989297, 0.07999999999999821143 ) ) ;
#5673 = AXIS2_PLACEMENT_3D ( 'NONE', #6460, #8258, #3229 ) ;
#5674 = DIRECTION ( 'NONE',  ( 0.000000000000000000, 1.000000000000000000, -2.289834988289389802E-16 ) ) ;
#5675 = DIRECTION ( 'NONE',  ( -1.000000000000000000, 0.000000000000000000, 2.289834988289389802E-16 ) ) ;
#5676 = ORIENTED_EDGE ( 'NONE', *, *, #1971, .F. ) ;
#5677 = VERTEX_POINT ( 'NONE', #1688 ) ;
#5678 = CARTESIAN_POINT ( 'NONE',  ( 2.174999999999999822, 1.245779075397750235, -1.653408313040394262E-15 ) ) ;
#5679 = AXIS2_PLACEMENT_3D ( 'NONE', #6796, #7606, #5777 ) ;
#5680 = ORIENTED_EDGE ( 'NONE', *, *, #8097, .F. ) ;
#5681 = PLANE ( 'NONE',  #1804 ) ;
#5682 = CARTESIAN_POINT ( 'NONE',  ( -0.3249999999999980127, 0.9199999999999870504, 0.1705002310154649925 ) ) ;
#5683 = VECTOR ( 'NONE', #606, 1000.000000000000000 ) ;
#5684 = VECTOR ( 'NONE', #7726, 1000.000000000000000 ) ;
#5685 = VECTOR ( 'NONE', #1212, 1000.000000000000000 ) ;
#5686 = EDGE_CURVE ( 'NONE', #6090, #6491, #4742, .T. ) ;
#5687 = EDGE_LOOP ( 'NONE', ( #2641, #4402, #1670, #5907 ) ) ;
#5688 = DIRECTION ( 'NONE',  ( 1.000000000000000000, -0.000000000000000000, -2.289834988289389802E-16 ) ) ;
#5689 = AXIS2_PLACEMENT_3D ( 'NONE', #5274, #2659, #5893 ) ;
#5690 = CARTESIAN_POINT ( 'NONE',  ( -0.6749999999999980460, 1.299999999999990274, 0.1705002310154649925 ) ) ;
#5691 = AXIS2_PLACEMENT_3D ( 'NONE', #4124, #3404, #2867 ) ;
#5692 = CARTESIAN_POINT ( 'NONE',  ( -3.270000000000000018, 0.4600000000000005751, 0.8400000000000102940 ) ) ;
#5693 = EDGE_CURVE ( 'NONE', #4426, #5551, #1061, .T. ) ;
#5694 = DIRECTION ( 'NONE',  ( -1.000000000000000000, 0.000000000000000000, 2.289834988289389802E-16 ) ) ;
#5695 = VECTOR ( 'NONE', #97, 1000.000000000000000 ) ;
#5696 = EDGE_CURVE ( 'NONE', #1165, #1994, #3487, .T. ) ;
#5698 = DIRECTION ( 'NONE',  ( 1.000000000000000000, -5.243344273594249610E-32, -2.289834988289389802E-16 ) ) ;
#5697 = VECTOR ( 'NONE', #5544, 1000.000000000000000 ) ;
#5699 = PLANE ( 'NONE',  #3074 ) ;
#5700 = LINE ( 'NONE', #597, #6781 ) ;
#5701 = DIRECTION ( 'NONE',  ( 0.000000000000000000, 2.289834988289389802E-16, 1.000000000000000000 ) ) ;
#5702 = ORIENTED_EDGE ( 'NONE', *, *, #536, .F. ) ;
#5703 = LINE ( 'NONE', #8196, #421 ) ;
#5704 = CARTESIAN_POINT ( 'NONE',  ( -3.265000000000000124, -1.464196000000000053, 0.3752010000000010059 ) ) ;
#5705 = CARTESIAN_POINT ( 'NONE',  ( -0.9500000000000019540, 0.6999999999999997335, 0.02999999999999920786 ) ) ;
#5706 = ADVANCED_FACE ( 'NONE', ( #1560 ), #4121, .T. ) ;
#5707 = VERTEX_POINT ( 'NONE', #2485 ) ;
#5708 = DIRECTION ( 'NONE',  ( -2.289834988289389802E-16, -2.289834988289389802E-16, -1.000000000000000000 ) ) ;
#5709 = DIRECTION ( 'NONE',  ( 1.000000000000000000, -5.243344273594249610E-32, -2.289834988289389802E-16 ) ) ;
#5710 = VERTEX_POINT ( 'NONE', #7512 ) ;
#5711 = ORIENTED_EDGE ( 'NONE', *, *, #3513, .F. ) ;
#5712 = VECTOR ( 'NONE', #1652, 1000.000000000000000 ) ;
#5713 = ORIENTED_EDGE ( 'NONE', *, *, #3115, .F. ) ;
#5714 = LINE ( 'NONE', #4428, #4616 ) ;
#5715 = VECTOR ( 'NONE', #385, 1000.000000000000000 ) ;
#5716 = DIRECTION ( 'NONE',  ( 0.000000000000000000, -0.9738685962292472631, -0.2271122129663562805 ) ) ;
#5717 = DIRECTION ( 'NONE',  ( 1.000000000000000000, -5.243344273594249610E-32, -2.289834988289389802E-16 ) ) ;
#5718 = EDGE_LOOP ( 'NONE', ( #3424, #188, #5956, #6230, #88, #6284 ) ) ;
#5719 = ORIENTED_EDGE ( 'NONE', *, *, #4419, .T. ) ;
#5720 = VERTEX_POINT ( 'NONE', #3079 ) ;
#5721 = CARTESIAN_POINT ( 'NONE',  ( 3.265000000000000124, -1.749999999999990008, 0.4699999999999999734 ) ) ;
#5722 = DIRECTION ( 'NONE',  ( -2.289834988289389802E-16, 0.000000000000000000, -1.000000000000000000 ) ) ;
#5723 = VECTOR ( 'NONE', #3709, 1000.000000000000000 ) ;
#5724 = ORIENTED_EDGE ( 'NONE', *, *, #2969, .T. ) ;
#5725 = PLANE ( 'NONE',  #1074 ) ;
#5726 = DIRECTION ( 'NONE',  ( 2.804146475863970139E-32, 1.000000000000000000, -1.065228634467009955E-16 ) ) ;
#5727 = FACE_OUTER_BOUND ( 'NONE', #2081, .T. ) ;
#5728 = LINE ( 'NONE', #6855, #6602 ) ;
#5729 = CARTESIAN_POINT ( 'NONE',  ( 3.115000000000000213, -1.824999999999989964, 0.3699999999999989964 ) ) ;
#5730 = ORIENTED_EDGE ( 'NONE', *, *, #5587, .F. ) ;
#5731 = VECTOR ( 'NONE', #1, 1000.000000000000000 ) ;
#5732 = EDGE_CURVE ( 'NONE', #4545, #6693, #4371, .T. ) ;
#5733 = CARTESIAN_POINT ( 'NONE',  ( 2.825000000000000178, 0.9999999999999988898, 0.3099999999999979994 ) ) ;
#5734 = FACE_OUTER_BOUND ( 'NONE', #2566, .T. ) ;
#5735 = CARTESIAN_POINT ( 'NONE',  ( -1.674999999999999822, 0.9431866336109967497, 0.06541154699933868222 ) ) ;
#5736 = PLANE ( 'NONE',  #7135 ) ;
#5737 = ORIENTED_EDGE ( 'NONE', *, *, #4733, .T. ) ;
#5738 = CARTESIAN_POINT ( 'NONE',  ( -1.324999999999999956, 1.350000000000000089, 0.1705002310154649925 ) ) ;
#5739 = DIRECTION ( 'NONE',  ( -1.000000000000000000, -5.064598682745559595E-17, 2.171725397418661469E-16 ) ) ;
#5740 = DIRECTION ( 'NONE',  ( 0.000000000000000000, 0.7071067811865441310, 0.7071067811865507924 ) ) ;
#5741 = EDGE_CURVE ( 'NONE', #1690, #2037, #8227, .T. ) ;
#5742 = AXIS2_PLACEMENT_3D ( 'NONE', #1308, #710, #3280 ) ;
#5743 = ADVANCED_FACE ( 'NONE', ( #1184 ), #4408, .T. ) ;
#5744 = ORIENTED_EDGE ( 'NONE', *, *, #824, .T. ) ;
#5745 = LINE ( 'NONE', #2426, #6451 ) ;
#5746 = DIRECTION ( 'NONE',  ( 5.243344273594249610E-32, 1.000000000000000000, -1.200639317332292868E-47 ) ) ;
#5747 = EDGE_CURVE ( 'NONE', #4101, #3429, #2527, .T. ) ;
#5748 = ORIENTED_EDGE ( 'NONE', *, *, #7832, .T. ) ;
#5749 = ORIENTED_EDGE ( 'NONE', *, *, #6548, .F. ) ;
#5750 = ORIENTED_EDGE ( 'NONE', *, *, #322, .F. ) ;
#5751 = CARTESIAN_POINT ( 'NONE',  ( 1.550000000000000266, 0.6999999999999990674, 0.02999999999999834049 ) ) ;
#5752 = EDGE_CURVE ( 'NONE', #1201, #4453, #8150, .T. ) ;
#5753 = CARTESIAN_POINT ( 'NONE',  ( 1.950000000000000400, 0.9999999999999988898, 0.02999999999999836825 ) ) ;
#5754 = DIRECTION ( 'NONE',  ( -1.000000000000000000, 0.000000000000000000, 2.289834988289389802E-16 ) ) ;
#5755 = EDGE_CURVE ( 'NONE', #6967, #4916, #1850, .T. ) ;
#5756 = ORIENTED_EDGE ( 'NONE', *, *, #1418, .T. ) ;
#5757 = VERTEX_POINT ( 'NONE', #4297 ) ;
#5758 = EDGE_CURVE ( 'NONE', #3495, #3574, #2449, .T. ) ;
#5759 = ORIENTED_EDGE ( 'NONE', *, *, #7709, .T. ) ;
#5760 = DIRECTION ( 'NONE',  ( 1.000000000000000000, -5.243344273594249610E-32, -2.289834988289389802E-16 ) ) ;
#5761 = CARTESIAN_POINT ( 'NONE',  ( 0.1750000000000009881, 0.9999999999999988898, 0.07866077735406379334 ) ) ;
#5762 = VECTOR ( 'NONE', #51, 1000.000000000000000 ) ;
#5763 = ORIENTED_EDGE ( 'NONE', *, *, #2188, .F. ) ;
#5764 = CARTESIAN_POINT ( 'NONE',  ( 2.174999999999999822, 0.9999999999999988898, 0.07866077735406319660 ) ) ;
#5765 = CARTESIAN_POINT ( 'NONE',  ( -1.949999999999999956, 0.6999999999999999556, 0.02999999999999947153 ) ) ;
#5766 = PLANE ( 'NONE',  #193 ) ;
#5767 = DIRECTION ( 'NONE',  ( -0.7071067811865520136, 0.000000000000000000, -0.7071067811865431318 ) ) ;
#5768 = CARTESIAN_POINT ( 'NONE',  ( 1.675000000000000044, 1.350000000000000089, 0.1599999999999988376 ) ) ;
#5769 = ORIENTED_EDGE ( 'NONE', *, *, #3244, .T. ) ;
#5770 = DIRECTION ( 'NONE',  ( 0.000000000000000000, 1.065228634467009955E-16, 1.000000000000000000 ) ) ;
#5771 = CARTESIAN_POINT ( 'NONE',  ( -0.3249999999999980127, 1.350000000000000089, 0.1599999999999993650 ) ) ;
#5772 = CARTESIAN_POINT ( 'NONE',  ( 2.325000000000000178, 0.9999999999999988898, 0.07999999999999519995 ) ) ;
#5773 = LINE ( 'NONE', #48, #1305 ) ;
#5774 = ORIENTED_EDGE ( 'NONE', *, *, #8226, .F. ) ;
#5775 = DIRECTION ( 'NONE',  ( 2.289834988289389802E-16, -0.000000000000000000, 1.000000000000000000 ) ) ;
#5776 = VECTOR ( 'NONE', #3654, 1000.000000000000000 ) ;
#5777 = DIRECTION ( 'NONE',  ( 0.000000000000000000, 1.065228634467009955E-16, 1.000000000000000000 ) ) ;
#5778 = PLANE ( 'NONE',  #1837 ) ;
#5779 = VECTOR ( 'NONE', #3901, 1000.000000000000000 ) ;
#5780 = CARTESIAN_POINT ( 'NONE',  ( 3.825000000000000178, 0.9999999999999988898, 0.07999999999999890532 ) ) ;
#5781 = EDGE_CURVE ( 'NONE', #6125, #2098, #290, .T. ) ;
#5782 = DIRECTION ( 'NONE',  ( 2.229998385641999896E-16, -0.2271122129663560585, 0.9738685962292472631 ) ) ;
#5783 = SURFACE_SIDE_STYLE ('',( #2112 ) ) ;
#5784 = CARTESIAN_POINT ( 'NONE',  ( -1.175000000000000044, 0.9999999999999988898, 0.1705002310154649925 ) ) ;
#5785 = ORIENTED_EDGE ( 'NONE', *, *, #685, .F. ) ;
#5786 = ORIENTED_EDGE ( 'NONE', *, *, #2170, .F. ) ;
#5787 = ORIENTED_EDGE ( 'NONE', *, *, #2998, .F. ) ;
#5788 = CARTESIAN_POINT ( 'NONE',  ( 5.750000000000000000, 0.4600000000000010192, 0.8899999999999980149 ) ) ;
#5789 = AXIS2_PLACEMENT_3D ( 'NONE', #69, #6996, #5129 ) ;
#5790 = EDGE_CURVE ( 'NONE', #3422, #8058, #5227, .T. ) ;
#5791 = EDGE_CURVE ( 'NONE', #1006, #2778, #3196, .T. ) ;
#5792 = VECTOR ( 'NONE', #7190, 1000.000000000000000 ) ;
#5793 = EDGE_CURVE ( 'NONE', #6864, #2600, #7439, .T. ) ;
#5794 = DIRECTION ( 'NONE',  ( -1.619157848017760137E-16, 0.7071067811864969466, -0.7071067811865980879 ) ) ;
#5795 = DIRECTION ( 'NONE',  ( 2.439197797730288502E-32, -1.000000000000000000, 1.065228634467009955E-16 ) ) ;
#5796 = ORIENTED_EDGE ( 'NONE', *, *, #1972, .F. ) ;
#5797 = ORIENTED_EDGE ( 'NONE', *, *, #6006, .F. ) ;
#5798 = VECTOR ( 'NONE', #1469, 1000.000000000000000 ) ;
#5799 = ORIENTED_EDGE ( 'NONE', *, *, #7259, .T. ) ;
#5800 = CARTESIAN_POINT ( 'NONE',  ( 1.350000000000000089, 0.9999999999999988898, 0.3099999999999980549 ) ) ;
#5801 = AXIS2_PLACEMENT_3D ( 'NONE', #3469, #1582, #4808 ) ;
#5802 = EDGE_CURVE ( 'NONE', #689, #2683, #2835, .T. ) ;
#5803 = PLANE ( 'NONE',  #2599 ) ;
#5804 = EDGE_CURVE ( 'NONE', #5551, #4603, #1139, .T. ) ;
#5805 = AXIS2_PLACEMENT_3D ( 'NONE', #1019, #4914, #1100 ) ;
#5806 = VERTEX_POINT ( 'NONE', #4955 ) ;
#5807 = LINE ( 'NONE', #2001, #4010 ) ;
#5808 = PLANE ( 'NONE',  #2123 ) ;
#5809 = DIRECTION ( 'NONE',  ( -2.439197797730288502E-32, 1.000000000000000000, -1.065228634467009955E-16 ) ) ;
#5810 = VECTOR ( 'NONE', #7104, 1000.000000000000000 ) ;
#5811 = DIRECTION ( 'NONE',  ( 0.7071067811865336949, 0.7071067811865613395, 0.000000000000000000 ) ) ;
#5812 = VERTEX_POINT ( 'NONE', #6194 ) ;
#5813 = AXIS2_PLACEMENT_3D ( 'NONE', #3889, #5794, #67 ) ;
#5814 = VECTOR ( 'NONE', #4656, 1000.000000000000000 ) ;
#5815 = CARTESIAN_POINT ( 'NONE',  ( 0.6750000000000010436, 1.350000000000000089, 0.1099999999999980022 ) ) ;
#5816 = CARTESIAN_POINT ( 'NONE',  ( -3.220000000000000639, 1.899999999999999689, 0.9399999999999998357 ) ) ;
#5817 = DIRECTION ( 'NONE',  ( 1.000000000000000000, -5.243344273594249610E-32, 0.000000000000000000 ) ) ;
#5818 = CARTESIAN_POINT ( 'NONE',  ( -1.824999999999999956, 1.350000000000000089, 0.1599999999999998646 ) ) ;
#5819 = ORIENTED_EDGE ( 'NONE', *, *, #4147, .T. ) ;
#5820 = CARTESIAN_POINT ( 'NONE',  ( -0.8249999999999979572, 0.9199999999999860512, -7.015915626240592657E-16 ) ) ;
#5821 = CARTESIAN_POINT ( 'NONE',  ( 5.325000000000000178, 0.9999999999999988898, 0.07999999999999841960 ) ) ;
#5822 = LINE ( 'NONE', #4457, #6484 ) ;
#5823 = VECTOR ( 'NONE', #7895, 1000.000000000000000 ) ;
#5824 = DIRECTION ( 'NONE',  ( 2.289834988289389802E-16, -0.000000000000000000, 1.000000000000000000 ) ) ;
#5825 = LINE ( 'NONE', #1522, #730 ) ;
#5826 =( NAMED_UNIT ( * ) PLANE_ANGLE_UNIT ( ) SI_UNIT ( $, .RADIAN. ) );
#5827 = CARTESIAN_POINT ( 'NONE',  ( -3.265000000000000124, -1.100000000000000089, 0.4600000000000010192 ) ) ;
#5828 = ORIENTED_EDGE ( 'NONE', *, *, #3925, .F. ) ;
#5829 = DIRECTION ( 'NONE',  ( 2.289834988289389802E-16, -1.200639317332289951E-47, 1.000000000000000000 ) ) ;
#5830 = ORIENTED_EDGE ( 'NONE', *, *, #31, .T. ) ;
#5831 = ORIENTED_EDGE ( 'NONE', *, *, #4942, .F. ) ;
#5832 = DIRECTION ( 'NONE',  ( 0.000000000000000000, 0.8000000000000000444, -0.5999999999999999778 ) ) ;
#5833 = EDGE_CURVE ( 'NONE', #944, #7211, #6817, .T. ) ;
#5834 = VERTEX_POINT ( 'NONE', #1098 ) ;
#5835 = CARTESIAN_POINT ( 'NONE',  ( -3.220000000000000639, 1.899999999999999911, 0.9399999999999999467 ) ) ;
#5836 = EDGE_LOOP ( 'NONE', ( #770, #2026, #2006, #1450 ) ) ;
#5837 = ORIENTED_EDGE ( 'NONE', *, *, #4790, .F. ) ;
#5838 = ORIENTED_EDGE ( 'NONE', *, *, #3725, .F. ) ;
#5839 = DIRECTION ( 'NONE',  ( -2.232893331421829163E-16, 0.2216211035889688874, -0.9751328557914595851 ) ) ;
#5840 = DIRECTION ( 'NONE',  ( -5.243344273594249610E-32, -1.000000000000000000, 1.200639317332292868E-47 ) ) ;
#5841 = EDGE_CURVE ( 'NONE', #7383, #4153, #3747, .T. ) ;
#5842 = AXIS2_PLACEMENT_3D ( 'NONE', #5039, #6862, #3833 ) ;
#5843 = EDGE_LOOP ( 'NONE', ( #3739, #7957, #7049, #3650 ) ) ;
#5844 = LINE ( 'NONE', #2685, #261 ) ;
#5845 = PLANE ( 'NONE',  #1855 ) ;
#5846 = ADVANCED_FACE ( 'NONE', ( #472 ), #3782, .F. ) ;
#5847 = ADVANCED_FACE ( 'NONE', ( #5575 ), #8113, .F. ) ;
#5848 = DIRECTION ( 'NONE',  ( 1.000000000000000000, -5.243344273594249610E-32, -2.289834988289389802E-16 ) ) ;
#5849 = LINE ( 'NONE', #7598, #2461 ) ;
#5850 = ORIENTED_EDGE ( 'NONE', *, *, #6259, .T. ) ;
#5851 = EDGE_CURVE ( 'NONE', #6383, #1829, #788, .T. ) ;
#5852 = DIRECTION ( 'NONE',  ( 2.289834988289389802E-16, -0.000000000000000000, 1.000000000000000000 ) ) ;
#5853 = CARTESIAN_POINT ( 'NONE',  ( 0.3250000000000020095, 0.9199999999999870504, 0.1705002310154649925 ) ) ;
#5854 = CARTESIAN_POINT ( 'NONE',  ( -1.824999999999999956, 1.299999999999990274, 0.1099999999999990014 ) ) ;
#5855 = DIRECTION ( 'NONE',  ( -1.000000000000000000, 5.243344273594249610E-32, -0.000000000000000000 ) ) ;
#5856 = ADVANCED_FACE ( 'NONE', ( #3274 ), #6468, .T. ) ;
#5857 = EDGE_LOOP ( 'NONE', ( #505, #5904, #3507, #7412 ) ) ;
#5858 = DIRECTION ( 'NONE',  ( -1.000000000000000000, 5.243344273594249610E-32, 2.289834988289389802E-16 ) ) ;
#5859 = CARTESIAN_POINT ( 'NONE',  ( -2.765000000000000124, -0.7000000000000207168, 0.3299999999999984612 ) ) ;
#5860 = DIRECTION ( 'NONE',  ( -2.289834988289389802E-16, 0.000000000000000000, -1.000000000000000000 ) ) ;
#5861 = SURFACE_SIDE_STYLE ('',( #2469 ) ) ;
#5862 = CARTESIAN_POINT ( 'NONE',  ( 2.174999999999999822, 1.299999999999999378, 0.1099999999999980160 ) ) ;
#5863 = DIRECTION ( 'NONE',  ( -0.000000000000000000, -1.065228634467009955E-16, -1.000000000000000000 ) ) ;
#5864 = LINE ( 'NONE', #4620, #6200 ) ;
#5865 = DIRECTION ( 'NONE',  ( -1.000000000000000000, 2.804146475863970139E-32, -2.987057121330055487E-48 ) ) ;
#5866 = VERTEX_POINT ( 'NONE', #2095 ) ;
#5867 = CARTESIAN_POINT ( 'NONE',  ( 0.6750000000000010436, 0.9199999999999860512, 0.03619548911246069783 ) ) ;
#5868 = ORIENTED_EDGE ( 'NONE', *, *, #3501, .F. ) ;
#5869 = ORIENTED_EDGE ( 'NONE', *, *, #3578, .T. ) ;
#5870 = LINE ( 'NONE', #4549, #7544 ) ;
#5871 = VERTEX_POINT ( 'NONE', #7750 ) ;
#5872 = DIRECTION ( 'NONE',  ( -0.7071067811865520136, 0.000000000000000000, -0.7071067811865431318 ) ) ;
#5873 = VERTEX_POINT ( 'NONE', #2725 ) ;
#5874 = ORIENTED_EDGE ( 'NONE', *, *, #2969, .F. ) ;
#5875 = ORIENTED_EDGE ( 'NONE', *, *, #1907, .T. ) ;
#5876 = CARTESIAN_POINT ( 'NONE',  ( -1.324999999999999956, 1.350000000000000089, 0.1599999999999993650 ) ) ;
#5877 = CARTESIAN_POINT ( 'NONE',  ( 3.265000000000000124, -1.899999999999999911, 0.5199999999999980194 ) ) ;
#5878 = ORIENTED_EDGE ( 'NONE', *, *, #6099, .F. ) ;
#5879 = ADVANCED_FACE ( 'NONE', ( #1423 ), #7174, .T. ) ;
#5880 = LINE ( 'NONE', #5262, #7461 ) ;
#5881 = DIRECTION ( 'NONE',  ( -5.243344273594249610E-32, -1.000000000000000000, 1.200639317332289951E-47 ) ) ;
#5882 = DIRECTION ( 'NONE',  ( 0.000000000000000000, -0.8872168012345952315, -0.4613527366419891140 ) ) ;
#5883 = VECTOR ( 'NONE', #6787, 1000.000000000000000 ) ;
#5884 = DIRECTION ( 'NONE',  ( 5.243344273594249610E-32, 1.000000000000000000, -1.200639317332292868E-47 ) ) ;
#5885 = ORIENTED_EDGE ( 'NONE', *, *, #5851, .F. ) ;
#5886 = ADVANCED_FACE ( 'NONE', ( #4601 ), #4561, .T. ) ;
#5887 = EDGE_CURVE ( 'NONE', #1701, #6600, #7081, .T. ) ;
#5888 = VECTOR ( 'NONE', #4446, 1000.000000000000000 ) ;
#5889 = LINE ( 'NONE', #792, #7918 ) ;
#5890 = EDGE_CURVE ( 'NONE', #5308, #2209, #6330, .T. ) ;
#5891 = DIRECTION ( 'NONE',  ( 0.000000000000000000, 0.9990138064662085204, 0.04440061362072339479 ) ) ;
#5892 = CARTESIAN_POINT ( 'NONE',  ( -0.3249999999999980127, 1.299999999999990274, 0.04999999999999960032 ) ) ;
#5893 = DIRECTION ( 'NONE',  ( -0.7071067811865520136, 0.000000000000000000, -0.7071067811865431318 ) ) ;
#5894 = VERTEX_POINT ( 'NONE', #7011 ) ;
#5895 =( NAMED_UNIT ( * ) PLANE_ANGLE_UNIT ( ) SI_UNIT ( $, .RADIAN. ) );
#5896 = DIRECTION ( 'NONE',  ( 0.000000000000000000, 0.000000000000000000, 1.000000000000000000 ) ) ;
#5897 = DIRECTION ( 'NONE',  ( -0.000000000000000000, -1.065228634467009955E-16, -1.000000000000000000 ) ) ;
#5898 = ADVANCED_FACE ( 'NONE', ( #5727 ), #3987, .F. ) ;
#5899 = CARTESIAN_POINT ( 'NONE',  ( -18.62071951488119836, -0.6000000000000009770, 0.6899999999999980593 ) ) ;
#5900 = AXIS2_PLACEMENT_3D ( 'NONE', #1343, #2775, #90 ) ;
#5901 = DIRECTION ( 'NONE',  ( -1.619157848017760137E-16, 0.7071067811864969466, -0.7071067811865980879 ) ) ;
#5902 = PLANE ( 'NONE',  #6858 ) ;
#5903 = CARTESIAN_POINT ( 'NONE',  ( 2.174999999999999822, 1.350000000000000089, 0.3099999999999999978 ) ) ;
#5904 = ORIENTED_EDGE ( 'NONE', *, *, #5693, .T. ) ;
#5905 = PLANE ( 'NONE',  #7941 ) ;
#5906 = ORIENTED_EDGE ( 'NONE', *, *, #882, .T. ) ;
#5907 = ORIENTED_EDGE ( 'NONE', *, *, #31, .F. ) ;
#5908 = CARTESIAN_POINT ( 'NONE',  ( -2.174999999999999822, 1.299999999999990274, 0.1705002310154649925 ) ) ;
#5909 = VECTOR ( 'NONE', #5203, 1000.000000000000000 ) ;
#5910 = VECTOR ( 'NONE', #3774, 1000.000000000000000 ) ;
#5911 = EDGE_LOOP ( 'NONE', ( #1246, #5518, #7752, #1662, #5167, #1239 ) ) ;
#5912 = DIRECTION ( 'NONE',  ( 0.7071067811865520136, -0.000000000000000000, 0.7071067811865431318 ) ) ;
#5913 = ORIENTED_EDGE ( 'NONE', *, *, #325, .T. ) ;
#5914 = ORIENTED_EDGE ( 'NONE', *, *, #4550, .T. ) ;
#5915 = ORIENTED_EDGE ( 'NONE', *, *, #7875, .F. ) ;
#5916 = VECTOR ( 'NONE', #1594, 1000.000000000000114 ) ;
#5917 = DIRECTION ( 'NONE',  ( -1.000000000000000000, 0.000000000000000000, 2.289834988289389802E-16 ) ) ;
#5918 = DIRECTION ( 'NONE',  ( 0.000000000000000000, 0.000000000000000000, -1.000000000000000000 ) ) ;
#5919 = ORIENTED_EDGE ( 'NONE', *, *, #7100, .T. ) ;
#5920 = CARTESIAN_POINT ( 'NONE',  ( 2.174999999999999822, 1.673724317761259961, 0.3099999999999978328 ) ) ;
#5921 = CARTESIAN_POINT ( 'NONE',  ( -3.265000000000000124, -1.799999999999990274, 0.5200000000000010170 ) ) ;
#5922 = VECTOR ( 'NONE', #5507, 1000.000000000000000 ) ;
#5923 = LINE ( 'NONE', #4728, #2066 ) ;
#5924 = CARTESIAN_POINT ( 'NONE',  ( -0.1749999999999980183, 1.245779075397750235, -8.944667923005411581E-16 ) ) ;
#5925 = EDGE_LOOP ( 'NONE', ( #2975, #2261, #2180, #6582 ) ) ;
#5926 = VECTOR ( 'NONE', #7357, 1000.000000000000000 ) ;
#5927 = EDGE_CURVE ( 'NONE', #3884, #4062, #1299, .T. ) ;
#5928 = AXIS2_PLACEMENT_3D ( 'NONE', #7046, #2687, #7632 ) ;
#5929 = DIRECTION ( 'NONE',  ( -0.7071067811865520136, 0.000000000000000000, 0.7071067811865431318 ) ) ;
#5930 = CARTESIAN_POINT ( 'NONE',  ( -1.399999999999999245, 0.8499999999999989786, 0.07999999999999965472 ) ) ;
#5931 = PLANE ( 'NONE',  #7303 ) ;
#5932 = CARTESIAN_POINT ( 'NONE',  ( 1.824999999999999956, 0.9431866336109967497, 0.06541154699933769689 ) ) ;
#5933 = ORIENTED_EDGE ( 'NONE', *, *, #4948, .T. ) ;
#5934 = CARTESIAN_POINT ( 'NONE',  ( 1.174999999999999822, 0.9999999999999988898, 0.07999999999999858613 ) ) ;
#5935 = VECTOR ( 'NONE', #5160, 1000.000000000000000 ) ;
#5936 = LINE ( 'NONE', #7227, #6335 ) ;
#5937 = CARTESIAN_POINT ( 'NONE',  ( 3.299999999999999378, 0.8999999999999984679, 0.6749999999999980460 ) ) ;
#5938 = CARTESIAN_POINT ( 'NONE',  ( 1.324999999999999734, 0.9999999999999988898, 0.3099999999999979994 ) ) ;
#5939 = ADVANCED_FACE ( 'NONE', ( #84 ), #5766, .T. ) ;
#5940 = ADVANCED_FACE ( 'NONE', ( #7129 ), #6425, .T. ) ;
#5941 = AXIS2_PLACEMENT_3D ( 'NONE', #7573, #5709, #1868 ) ;
#5942 = VECTOR ( 'NONE', #6626, 1000.000000000000000 ) ;
#5943 = VECTOR ( 'NONE', #7903, 1000.000000000000000 ) ;
#5944 = DIRECTION ( 'NONE',  ( -2.289834988289389802E-16, 0.000000000000000000, -1.000000000000000000 ) ) ;
#5945 = CARTESIAN_POINT ( 'NONE',  ( -1.100000000000000311, 0.9199999999999989297, 0.07999999999999916900 ) ) ;
#5946 = CARTESIAN_POINT ( 'NONE',  ( 1.662500000000000089, 0.9999999999999988898, 0.07999999999999840572 ) ) ;
#5947 = LINE ( 'NONE', #3369, #1547 ) ;
#5948 = ORIENTED_EDGE ( 'NONE', *, *, #6971, .F. ) ;
#5949 = DIRECTION ( 'NONE',  ( -1.000000000000000000, 5.243344273594249610E-32, 2.289834988289389802E-16 ) ) ;
#5950 = ORIENTED_EDGE ( 'NONE', *, *, #2921, .F. ) ;
#5951 = CARTESIAN_POINT ( 'NONE',  ( 4.825000000000000178, 0.9999999999999988898, 0.07999999999999858613 ) ) ;
#5952 = EDGE_CURVE ( 'NONE', #2124, #5757, #2003, .T. ) ;
#5953 = VECTOR ( 'NONE', #2957, 1000.000000000000114 ) ;
#5954 = VECTOR ( 'NONE', #6741, 1000.000000000000000 ) ;
#5955 = EDGE_CURVE ( 'NONE', #7526, #6847, #6586, .T. ) ;
#5956 = ORIENTED_EDGE ( 'NONE', *, *, #4530, .F. ) ;
#5957 = CARTESIAN_POINT ( 'NONE',  ( -1.425000000000000044, 0.8499999999999989786, 0.05499999999999929945 ) ) ;
#5958 = ORIENTED_EDGE ( 'NONE', *, *, #7072, .T. ) ;
#5959 = ORIENTED_EDGE ( 'NONE', *, *, #4519, .F. ) ;
#5960 = EDGE_LOOP ( 'NONE', ( #2799, #4865, #1175, #4194 ) ) ;
#5961 = PLANE ( 'NONE',  #3554 ) ;
#5962 = CARTESIAN_POINT ( 'NONE',  ( 2.325000000000000178, 0.9999999999999988898, 0.07999999999999810041 ) ) ;
#5963 = EDGE_LOOP ( 'NONE', ( #6552, #8043, #2788, #4427 ) ) ;
#5964 = DIRECTION ( 'NONE',  ( 0.000000000000000000, -0.9738685962292471521, -0.2271122129663564748 ) ) ;
#5965 = ORIENTED_EDGE ( 'NONE', *, *, #4669, .F. ) ;
#5966 = LINE ( 'NONE', #2267, #8134 ) ;
#5967 = VERTEX_POINT ( 'NONE', #667 ) ;
#5968 = PLANE ( 'NONE',  #7122 ) ;
#5969 = VECTOR ( 'NONE', #5977, 1000.000000000000000 ) ;
#5970 = DIRECTION ( 'NONE',  ( 0.000000000000000000, 1.000000000000000000, -2.289834988289389802E-16 ) ) ;
#5971 = ORIENTED_EDGE ( 'NONE', *, *, #5123, .T. ) ;
#5972 = EDGE_LOOP ( 'NONE', ( #860, #6015, #5819, #559 ) ) ;
#5973 = DIRECTION ( 'NONE',  ( 5.243344273594249610E-32, 1.000000000000000000, -1.200639317332289951E-47 ) ) ;
#5974 = DIRECTION ( 'NONE',  ( -0.000000000000000000, 0.9971993098884563977, -0.07478994824163433253 ) ) ;
#5975 = VECTOR ( 'NONE', #6612, 1000.000000000000000 ) ;
#5976 = LINE ( 'NONE', #4783, #6505 ) ;
#5977 = DIRECTION ( 'NONE',  ( -2.439197797730288502E-32, 1.000000000000000000, -1.065228634467009955E-16 ) ) ;
#5978 = ORIENTED_EDGE ( 'NONE', *, *, #593, .T. ) ;
#5979 = CARTESIAN_POINT ( 'NONE',  ( 1.175000000000000044, 0.9199999999999870504, 0.1705002310154649925 ) ) ;
#5980 = CARTESIAN_POINT ( 'NONE',  ( 2.952500000000000124, -0.8000000000000010436, 0.02999999999999800049 ) ) ;
#5981 = DIRECTION ( 'NONE',  ( -6.123031769111880128E-17, 6.123031769111880128E-17, -1.000000000000000000 ) ) ;
#5982 = CARTESIAN_POINT ( 'NONE',  ( 0.6000000000000013101, 0.9199999999999972644, 0.07999999999999879430 ) ) ;
#5983 = AXIS2_PLACEMENT_3D ( 'NONE', #469, #6969, #5646 ) ;
#5984 = ADVANCED_FACE ( 'NONE', ( #3234 ), #5143, .T. ) ;
#5985 = CARTESIAN_POINT ( 'NONE',  ( 1.675000000000000044, 0.9199999999999870504, 0.1705002310154639933 ) ) ;
#5986 = FACE_OUTER_BOUND ( 'NONE', #7030, .T. ) ;
#5987 = CARTESIAN_POINT ( 'NONE',  ( 1.162500000000000089, 0.9999999999999988898, 0.07999999999999860001 ) ) ;
#5988 = DIRECTION ( 'NONE',  ( 0.000000000000000000, -0.9738685962292471521, -0.2271122129663560307 ) ) ;
#5989 = VERTEX_POINT ( 'NONE', #1338 ) ;
#5991 = ADVANCED_FACE ( 'NONE', ( #705 ), #3899, .F. ) ;
#5990 = PLANE ( 'NONE',  #6473 ) ;
#5992 = CARTESIAN_POINT ( 'NONE',  ( -41.67662438884190834, -1.000000000000000000, 1.000000000000009770 ) ) ;
#5993 = DIRECTION ( 'NONE',  ( 0.000000000000000000, -1.000000000000000000, 2.289834988289389802E-16 ) ) ;
#5994 = EDGE_CURVE ( 'NONE', #8195, #50, #5923, .T. ) ;
#5995 = VECTOR ( 'NONE', #7172, 999.9999999999998863 ) ;
#5996 = VERTEX_POINT ( 'NONE', #3435 ) ;
#5997 = LINE ( 'NONE', #5835, #3828 ) ;
#5999 = ORIENTED_EDGE ( 'NONE', *, *, #2491, .T. ) ;
#5998 = ORIENTED_EDGE ( 'NONE', *, *, #7224, .T. ) ;
#6000 = EDGE_CURVE ( 'NONE', #3054, #4886, #7340, .T. ) ;
#6001 = VERTEX_POINT ( 'NONE', #4690 ) ;
#6002 = ORIENTED_EDGE ( 'NONE', *, *, #1404, .T. ) ;
#6003 = DIRECTION ( 'NONE',  ( 1.000000000000000000, -0.000000000000000000, -2.289834988289389802E-16 ) ) ;
#6004 = VECTOR ( 'NONE', #4919, 1000.000000000000000 ) ;
#6005 = DIRECTION ( 'NONE',  ( 0.000000000000000000, 0.7071067811865417996, -0.7071067811865532349 ) ) ;
#6006 = EDGE_CURVE ( 'NONE', #317, #6864, #6674, .T. ) ;
#6007 = ORIENTED_EDGE ( 'NONE', *, *, #1060, .T. ) ;
#6008 = ORIENTED_EDGE ( 'NONE', *, *, #833, .T. ) ;
#6009 = CARTESIAN_POINT ( 'NONE',  ( -1.175000000000000044, 0.9199999999999868283, -5.697063191571295495E-16 ) ) ;
#6010 =( LENGTH_UNIT ( ) NAMED_UNIT ( * ) SI_UNIT ( .MILLI., .METRE. ) );
#6011 = ORIENTED_EDGE ( 'NONE', *, *, #3629, .T. ) ;
#6012 = CARTESIAN_POINT ( 'NONE',  ( -3.265000000000000124, -1.600000000000000089, 0.3752010000000010059 ) ) ;
#6013 = CARTESIAN_POINT ( 'NONE',  ( -0.8249999999999980682, 0.9999999999999988898, 0.3099999999999979994 ) ) ;
#6014 = ORIENTED_EDGE ( 'NONE', *, *, #5345, .T. ) ;
#6015 = ORIENTED_EDGE ( 'NONE', *, *, #6697, .T. ) ;
#6016 = LINE ( 'NONE', #4319, #6980 ) ;
#6017 = VECTOR ( 'NONE', #3088, 1000.000000000000000 ) ;
#6018 = CARTESIAN_POINT ( 'NONE',  ( 1.175000000000000044, 1.249999999999990008, -1.219727444046192488E-15 ) ) ;
#6019 = DIRECTION ( 'NONE',  ( 0.000000000000000000, 1.065228634467009955E-16, 1.000000000000000000 ) ) ;
#6020 = LINE ( 'NONE', #3443, #5969 ) ;
#6021 = VERTEX_POINT ( 'NONE', #2771 ) ;
#6022 = DIRECTION ( 'NONE',  ( -5.243344273594249610E-32, -1.000000000000000000, 1.200639317332289951E-47 ) ) ;
#6023 = DIRECTION ( 'NONE',  ( -2.289834988289389802E-16, 0.000000000000000000, -1.000000000000000000 ) ) ;
#6024 = LINE ( 'NONE', #7312, #2863 ) ;
#6025 = DIRECTION ( 'NONE',  ( 0.000000000000000000, 0.000000000000000000, -1.000000000000000000 ) ) ;
#6026 = AXIS2_PLACEMENT_3D ( 'NONE', #4485, #3315, #40 ) ;
#6027 = DIRECTION ( 'NONE',  ( 1.000000000000000000, -0.000000000000000000, -2.289834988289389802E-16 ) ) ;
#6028 = CARTESIAN_POINT ( 'NONE',  ( -1.175000000000000044, 1.249999999999988676, 6.933599383298252699E-16 ) ) ;
#6029 = PLANE ( 'NONE',  #2739 ) ;
#6030 = PLANE ( 'NONE',  #354 ) ;
#6031 = ORIENTED_EDGE ( 'NONE', *, *, #942, .F. ) ;
#6032 = CYLINDRICAL_SURFACE ( 'NONE', #1538, 0.04999999999999979461 ) ;
#6033 = DIRECTION ( 'NONE',  ( -1.000000000000000000, 5.243344273594249610E-32, 0.000000000000000000 ) ) ;
#6034 = LINE ( 'NONE', #2968, #6769 ) ;
#6035 = ADVANCED_FACE ( 'NONE', ( #4854 ), #247, .F. ) ;
#6036 = ORIENTED_EDGE ( 'NONE', *, *, #2593, .T. ) ;
#6037 = FACE_OUTER_BOUND ( 'NONE', #1534, .T. ) ;
#6039 = ORIENTED_EDGE ( 'NONE', *, *, #7423, .F. ) ;
#6038 = ORIENTED_EDGE ( 'NONE', *, *, #4741, .T. ) ;
#6040 = ORIENTED_EDGE ( 'NONE', *, *, #2193, .T. ) ;
#6041 = ORIENTED_EDGE ( 'NONE', *, *, #6119, .F. ) ;
#6042 = DIRECTION ( 'NONE',  ( 0.000000000000000000, 0.000000000000000000, -1.000000000000000000 ) ) ;
#6043 = VECTOR ( 'NONE', #4981, 1000.000000000000000 ) ;
#6044 = ADVANCED_FACE ( 'NONE', ( #289 ), #5968, .T. ) ;
#6045 = CARTESIAN_POINT ( 'NONE',  ( -0.6749999999999980460, 0.9199999999999870504, 0.1705002310154649925 ) ) ;
#6046 = EDGE_CURVE ( 'NONE', #658, #4528, #961, .T. ) ;
#6047 = PRODUCT ( 'FH34SRJ-10S-0.5SH(99)', 'FH34SRJ-10S-0.5SH(99)', '', ( #5389 ) ) ;
#6048 = AXIS2_PLACEMENT_3D ( 'NONE', #6198, #2451, #4300 ) ;
#6049 = ORIENTED_EDGE ( 'NONE', *, *, #3201, .T. ) ;
#6050 = ORIENTED_EDGE ( 'NONE', *, *, #3159, .T. ) ;
#6051 = DIRECTION ( 'NONE',  ( 0.7071067811865431318, -7.532303909457139086E-17, -0.7071067811865520136 ) ) ;
#6052 = EDGE_LOOP ( 'NONE', ( #3456, #811, #6921, #1833 ) ) ;
#6053 = EDGE_CURVE ( 'NONE', #947, #5894, #4065, .T. ) ;
#6054 = DIRECTION ( 'NONE',  ( -1.000000000000000000, 2.804146475863970139E-32, -2.987057121330055487E-48 ) ) ;
#6055 = DIRECTION ( 'NONE',  ( -0.7071067811865470176, 0.000000000000000000, 0.7071067811865480168 ) ) ;
#6056 = ADVANCED_FACE ( 'NONE', ( #7255 ), #4814, .T. ) ;
#6057 = ORIENTED_EDGE ( 'NONE', *, *, #7778, .T. ) ;
#6058 = AXIS2_PLACEMENT_3D ( 'NONE', #2585, #3092, #6944 ) ;
#6059 = ORIENTED_EDGE ( 'NONE', *, *, #7411, .F. ) ;
#6060 = FACE_OUTER_BOUND ( 'NONE', #2696, .T. ) ;
#6061 = DIRECTION ( 'NONE',  ( 0.000000000000000000, 0.7071067811865441310, 0.7071067811865507924 ) ) ;
#6062 = CARTESIAN_POINT ( 'NONE',  ( -47.10249999999999915, 0.6999999999999990674, 0.03000000000000963007 ) ) ;
#6063 = PLANE ( 'NONE',  #7160 ) ;
#6064 = ORIENTED_EDGE ( 'NONE', *, *, #3402, .F. ) ;
#6065 = VERTEX_POINT ( 'NONE', #1630 ) ;
#6066 = LINE ( 'NONE', #6643, #2445 ) ;
#6067 = VECTOR ( 'NONE', #356, 1000.000000000000000 ) ;
#6068 = LINE ( 'NONE', #5980, #5416 ) ;
#6069 = CARTESIAN_POINT ( 'NONE',  ( -0.8249999999999979572, 0.9431866336109966387, 0.06541154699933846017 ) ) ;
#6070 = CARTESIAN_POINT ( 'NONE',  ( 1.175000000000000044, 0.9431866336109966387, 0.06541154699933797445 ) ) ;
#6071 = AXIS2_PLACEMENT_3D ( 'NONE', #7712, #7675, #1967 ) ;
#6072 = CYLINDRICAL_SURFACE ( 'NONE', #190, 0.04999999999999996808 ) ;
#6073 = DIRECTION ( 'NONE',  ( 2.289834988289389802E-16, 2.289834988289389802E-16, 1.000000000000000000 ) ) ;
#6074 = DIRECTION ( 'NONE',  ( 1.000000000000000000, 0.000000000000000000, -2.289834988289389802E-16 ) ) ;
#6075 = DIRECTION ( 'NONE',  ( -0.2163711612039613263, 0.9520331092974130272, 0.2163711612039584675 ) ) ;
#6076 = CIRCLE ( 'NONE', #4490, 0.02999999999999989828 ) ;
#6077 = ORIENTED_EDGE ( 'NONE', *, *, #635, .T. ) ;
#6078 = CARTESIAN_POINT ( 'NONE',  ( -1.674999999999999822, 3.624702236056390081, -4.336808689942017736E-16 ) ) ;
#6079 = LINE ( 'NONE', #5951, #3856 ) ;
#6080 = VECTOR ( 'NONE', #2964, 1000.000000000000000 ) ;
#6081 = AXIS2_PLACEMENT_3D ( 'NONE', #5218, #2039, #3982 ) ;
#6082 = VECTOR ( 'NONE', #5059, 1000.000000000000000 ) ;
#6083 = ORIENTED_EDGE ( 'NONE', *, *, #4642, .T. ) ;
#6084 = VECTOR ( 'NONE', #359, 1000.000000000000000 ) ;
#6085 = DIRECTION ( 'NONE',  ( 0.000000000000000000, 0.000000000000000000, -1.000000000000000000 ) ) ;
#6087 = ORIENTED_EDGE ( 'NONE', *, *, #2235, .T. ) ;
#6086 = ORIENTED_EDGE ( 'NONE', *, *, #4438, .T. ) ;
#6088 = ORIENTED_EDGE ( 'NONE', *, *, #4565, .T. ) ;
#6089 = VECTOR ( 'NONE', #2327, 1000.000000000000000 ) ;
#6090 = VERTEX_POINT ( 'NONE', #4244 ) ;
#6091 = DIRECTION ( 'NONE',  ( 0.000000000000000000, 0.000000000000000000, -1.000000000000000000 ) ) ;
#6092 = DIRECTION ( 'NONE',  ( -0.7071067811865520136, 0.000000000000000000, -0.7071067811865431318 ) ) ;
#6093 = EDGE_CURVE ( 'NONE', #1325, #566, #1003, .T. ) ;
#6094 = AXIS2_PLACEMENT_3D ( 'NONE', #4309, #6906, #6829 ) ;
#6095 = ORIENTED_EDGE ( 'NONE', *, *, #7371, .F. ) ;
#6096 = EDGE_LOOP ( 'NONE', ( #7892, #6934, #7203, #7938 ) ) ;
#6097 = CARTESIAN_POINT ( 'NONE',  ( 2.162500000000000089, 0.9199999999999990408, 0.07999999999999819755 ) ) ;
#6098 = ORIENTED_EDGE ( 'NONE', *, *, #3115, .T. ) ;
#6099 = EDGE_CURVE ( 'NONE', #707, #6635, #4197, .T. ) ;
#6100 = DIRECTION ( 'NONE',  ( 0.000000000000000000, -0.9738685962292472631, -0.2271122129663562805 ) ) ;
#6101 = PLANE ( 'NONE',  #1647 ) ;
#6102 = ORIENTED_EDGE ( 'NONE', *, *, #5395, .F. ) ;
#6103 = EDGE_CURVE ( 'NONE', #5057, #471, #2312, .T. ) ;
#6104 = VERTEX_POINT ( 'NONE', #1546 ) ;
#6105 = ADVANCED_FACE ( 'NONE', ( #5312 ), #916, .F. ) ;
#6106 = VECTOR ( 'NONE', #983, 1000.000000000000000 ) ;
#6107 = DIRECTION ( 'NONE',  ( -1.000000000000000000, 0.000000000000000000, -0.000000000000000000 ) ) ;
#6108 = LINE ( 'NONE', #6062, #7697 ) ;
#6109 = DIRECTION ( 'NONE',  ( -0.2163711612039600773, 0.9520331092974135823, 0.2163711612039573295 ) ) ;
#6110 = ORIENTED_EDGE ( 'NONE', *, *, #4671, .T. ) ;
#6111 = ORIENTED_EDGE ( 'NONE', *, *, #8199, .T. ) ;
#6112 = EDGE_CURVE ( 'NONE', #6924, #6334, #7384, .T. ) ;
#6113 = CARTESIAN_POINT ( 'NONE',  ( 3.265000000000000124, -1.099999999999995648, 0.06782713613135606112 ) ) ;
#6114 = VERTEX_POINT ( 'NONE', #7845 ) ;
#6115 = LINE ( 'NONE', #300, #7929 ) ;
#6116 = DIRECTION ( 'NONE',  ( 0.000000000000000000, 1.065228634467009955E-16, 1.000000000000000000 ) ) ;
#6117 = DIRECTION ( 'NONE',  ( 0.000000000000000000, 1.065228634467009955E-16, 1.000000000000000000 ) ) ;
#6118 = CIRCLE ( 'NONE', #2528, 0.05000000000000429101 ) ;
#6119 = EDGE_CURVE ( 'NONE', #179, #6140, #7882, .T. ) ;
#6120 = PLANE ( 'NONE',  #3277 ) ;
#6121 = CARTESIAN_POINT ( 'NONE',  ( -0.8249999999999979572, 0.9999999999999988898, 0.07866077735406418192 ) ) ;
#6122 = EDGE_CURVE ( 'NONE', #2619, #4434, #7215, .T. ) ;
#6123 = CARTESIAN_POINT ( 'NONE',  ( 1.175000000000000044, 1.349999999999999867, 0.3099999999999983880 ) ) ;
#6124 = CARTESIAN_POINT ( 'NONE',  ( -0.1749999999999979905, 1.350000000000000089, 0.1705002310154649925 ) ) ;
#6125 = VERTEX_POINT ( 'NONE', #871 ) ;
#6126 = CARTESIAN_POINT ( 'NONE',  ( 1.675000000000000044, 1.350000000000000089, 0.1599999999999990041 ) ) ;
#6127 = CARTESIAN_POINT ( 'NONE',  ( 0.6625000000000019762, 0.9999999999999988898, 0.07999999999999871103 ) ) ;
#6128 = AXIS2_PLACEMENT_3D ( 'NONE', #4293, #1257, #5028 ) ;
#6129 = EDGE_LOOP ( 'NONE', ( #3623, #2030, #1970, #7299 ) ) ;
#6130 = LINE ( 'NONE', #2091, #1801 ) ;
#6131 = DIRECTION ( 'NONE',  ( -5.243344273594249610E-32, -1.000000000000000000, 1.200639317332292868E-47 ) ) ;
#6133 = ORIENTED_EDGE ( 'NONE', *, *, #7984, .F. ) ;
#6132 = EDGE_LOOP ( 'NONE', ( #4509, #4714, #4979, #4657 ) ) ;
#6134 = ORIENTED_EDGE ( 'NONE', *, *, #7097, .T. ) ;
#6135 = ORIENTED_EDGE ( 'NONE', *, *, #1667, .T. ) ;
#6136 = LINE ( 'NONE', #411, #4362 ) ;
#6137 = DIRECTION ( 'NONE',  ( 1.000000000000000000, -0.000000000000000000, -2.289834988289389802E-16 ) ) ;
#6138 = VECTOR ( 'NONE', #5645, 1000.000000000000227 ) ;
#6139 = ORIENTED_EDGE ( 'NONE', *, *, #7881, .F. ) ;
#6140 = VERTEX_POINT ( 'NONE', #2178 ) ;
#6141 = CARTESIAN_POINT ( 'NONE',  ( 1.175000000000000044, 1.299999999999990274, 0.1099999999999980022 ) ) ;
#6142 = ORIENTED_EDGE ( 'NONE', *, *, #4037, .T. ) ;
#6143 = PLANE ( 'NONE',  #1928 ) ;
#6144 = DIRECTION ( 'NONE',  ( 0.000000000000000000, 0.000000000000000000, -1.000000000000000000 ) ) ;
#6145 = ORIENTED_EDGE ( 'NONE', *, *, #1778, .F. ) ;
#6146 = VECTOR ( 'NONE', #5974, 1000.000000000000114 ) ;
#6147 = ADVANCED_FACE ( 'NONE', ( #2851 ), #7429, .T. ) ;
#6148 = ORIENTED_EDGE ( 'NONE', *, *, #2067, .F. ) ;
#6149 = CARTESIAN_POINT ( 'NONE',  ( -4.325000000000000178, 0.8999999999999980238, 0.8400000000000107381 ) ) ;
#6150 = CARTESIAN_POINT ( 'NONE',  ( 1.350000000000000089, 1.350000000000000089, 0.3099999999999980549 ) ) ;
#6151 = FACE_OUTER_BOUND ( 'NONE', #6217, .T. ) ;
#6152 = ORIENTED_EDGE ( 'NONE', *, *, #484, .F. ) ;
#6153 = VERTEX_POINT ( 'NONE', #3773 ) ;
#6154 = DIRECTION ( 'NONE',  ( 0.000000000000000000, 0.000000000000000000, -1.000000000000000000 ) ) ;
#6155 = ORIENTED_EDGE ( 'NONE', *, *, #1808, .F. ) ;
#6156 = CARTESIAN_POINT ( 'NONE',  ( 2.825000000000000178, 0.9999999999999988898, 0.3099999999999979994 ) ) ;
#6157 = ADVANCED_FACE ( 'NONE', ( #1722 ), #6186, .T. ) ;
#6158 = DIRECTION ( 'NONE',  ( 0.000000000000000000, 0.7071067811865433539, 0.7071067811865517916 ) ) ;
#6159 = DIRECTION ( 'NONE',  ( 1.000000000000000000, 9.372750266927604354E-17, -1.802451974409156220E-16 ) ) ;
#6160 = EDGE_CURVE ( 'NONE', #4273, #2124, #6993, .T. ) ;
#6161 = ADVANCED_FACE ( 'NONE', ( #8104 ), #6143, .T. ) ;
#6162 = CARTESIAN_POINT ( 'NONE',  ( -1.175000000000000044, 1.245779075397750235, -5.421010862427522170E-16 ) ) ;
#6163 = DIRECTION ( 'NONE',  ( 2.289834988289389802E-16, 2.289834988289389802E-16, 1.000000000000000000 ) ) ;
#6164 = DIRECTION ( 'NONE',  ( 0.000000000000000000, 0.9990138064662085204, 0.04440061362072340173 ) ) ;
#6165 = DIRECTION ( 'NONE',  ( 1.000000000000000000, 0.000000000000000000, -2.289834988289389802E-16 ) ) ;
#6166 = ORIENTED_EDGE ( 'NONE', *, *, #1197, .T. ) ;
#6167 = LINE ( 'NONE', #1743, #2161 ) ;
#6168 = EDGE_CURVE ( 'NONE', #8003, #652, #5640, .T. ) ;
#6169 = LINE ( 'NONE', #443, #3978 ) ;
#6170 = AXIS2_PLACEMENT_3D ( 'NONE', #4699, #2914, #6154 ) ;
#6171 = ORIENTED_EDGE ( 'NONE', *, *, #6000, .T. ) ;
#6172 = DIRECTION ( 'NONE',  ( 1.000000000000000000, 0.000000000000000000, -2.289834988289389802E-16 ) ) ;
#6173 = DIRECTION ( 'NONE',  ( 2.289834988289389802E-16, -0.000000000000000000, 1.000000000000000000 ) ) ;
#6174 = VERTEX_POINT ( 'NONE', #2984 ) ;
#6175 = VERTEX_POINT ( 'NONE', #3702 ) ;
#6176 = ORIENTED_EDGE ( 'NONE', *, *, #3110, .T. ) ;
#6177 = CARTESIAN_POINT ( 'NONE',  ( 3.027499999999999858, -1.824999999999999956, 0.1799999999999979672 ) ) ;
#6178 = DIRECTION ( 'NONE',  ( -1.000000000000000000, 5.243344273594249610E-32, 2.289834988289389802E-16 ) ) ;
#6179 = EDGE_CURVE ( 'NONE', #1038, #4062, #5519, .T. ) ;
#6180 = ORIENTED_EDGE ( 'NONE', *, *, #2073, .T. ) ;
#6181 = AXIS2_PLACEMENT_3D ( 'NONE', #1892, #6860, #4450 ) ;
#6182 = ORIENTED_EDGE ( 'NONE', *, *, #489, .T. ) ;
#6183 = CARTESIAN_POINT ( 'NONE',  ( -1.324999999999999956, 0.9199999999999860512, -5.551115123125779744E-16 ) ) ;
#6184 = CIRCLE ( 'NONE', #6434, 0.04999999999999996808 ) ;
#6185 = ORIENTED_EDGE ( 'NONE', *, *, #546, .T. ) ;
#6186 = PLANE ( 'NONE',  #3694 ) ;
#6187 = LINE ( 'NONE', #1049, #3003 ) ;
#6188 = ORIENTED_EDGE ( 'NONE', *, *, #2057, .F. ) ;
#6189 = VECTOR ( 'NONE', #7626, 999.9999999999998863 ) ;
#6190 = ORIENTED_EDGE ( 'NONE', *, *, #6000, .F. ) ;
#6191 = LINE ( 'NONE', #6894, #1334 ) ;
#6192 = DIRECTION ( 'NONE',  ( 2.289834988289389802E-16, -0.000000000000000000, 1.000000000000000000 ) ) ;
#6193 = EDGE_LOOP ( 'NONE', ( #4047, #5441, #3916, #5625 ) ) ;
#6194 = CARTESIAN_POINT ( 'NONE',  ( -3.265000000000000124, -1.147779969318961868, 0.01787644580804499672 ) ) ;
#6195 = ORIENTED_EDGE ( 'NONE', *, *, #3777, .T. ) ;
#6196 = VECTOR ( 'NONE', #8099, 1000.000000000000114 ) ;
#6197 = DIRECTION ( 'NONE',  ( 2.289834988289389802E-16, -0.000000000000000000, 1.000000000000000000 ) ) ;
#6198 = CARTESIAN_POINT ( 'NONE',  ( -1.675000000000000044, 3.624702236056390081, -0.8336977386159070136 ) ) ;
#6199 = EDGE_CURVE ( 'NONE', #5299, #1661, #4900, .T. ) ;
#6200 = VECTOR ( 'NONE', #765, 1000.000000000000000 ) ;
#6201 = ADVANCED_FACE ( 'NONE', ( #2403 ), #4285, .T. ) ;
#6202 = DIRECTION ( 'NONE',  ( -2.289834988289389802E-16, 0.000000000000000000, -1.000000000000000000 ) ) ;
#6203 = CARTESIAN_POINT ( 'NONE',  ( 0.3250000000000023981, 0.9999999999999988898, 0.3099999999999979994 ) ) ;
#6204 = CARTESIAN_POINT ( 'NONE',  ( -3.299999999999999822, -1.000000000000000000, 0.8199999999999999512 ) ) ;
#6205 = CARTESIAN_POINT ( 'NONE',  ( 0.3250000000000021205, 0.9999999999999988898, 0.3099999999999984990 ) ) ;
#6206 = EDGE_LOOP ( 'NONE', ( #2500, #2467, #4256, #4015 ) ) ;
#6207 = FACE_OUTER_BOUND ( 'NONE', #5472, .T. ) ;
#6208 = VECTOR ( 'NONE', #3189, 1000.000000000000000 ) ;
#6209 = EDGE_CURVE ( 'NONE', #6949, #4287, #579, .T. ) ;
#6210 = DIRECTION ( 'NONE',  ( 0.000000000000000000, -1.000000000000000000, 2.289834988289389802E-16 ) ) ;
#6211 = EDGE_CURVE ( 'NONE', #6501, #937, #3142, .T. ) ;
#6212 = AXIS2_PLACEMENT_3D ( 'NONE', #1432, #3326, #6521 ) ;
#6213 = ORIENTED_EDGE ( 'NONE', *, *, #5599, .T. ) ;
#6214 = DIRECTION ( 'NONE',  ( -5.243344273594249610E-32, -1.000000000000000000, 1.200639317332292868E-47 ) ) ;
#6215 = CARTESIAN_POINT ( 'NONE',  ( -1.824999999999999956, 1.350000000000000089, 0.3100000000000019962 ) ) ;
#6216 = EDGE_CURVE ( 'NONE', #1751, #957, #461, .T. ) ;
#6217 = EDGE_LOOP ( 'NONE', ( #8175, #2517, #5933, #5950 ) ) ;
#6218 = ADVANCED_FACE ( 'NONE', ( #1762 ), #5681, .F. ) ;
#6219 = ORIENTED_EDGE ( 'NONE', *, *, #3072, .T. ) ;
#6220 = ORIENTED_EDGE ( 'NONE', *, *, #4304, .T. ) ;
#6221 = CARTESIAN_POINT ( 'NONE',  ( -1.399999999999999245, 0.9999999999999988898, 0.07999999999999948819 ) ) ;
#6222 = ADVANCED_FACE ( 'NONE', ( #6845 ), #3069, .T. ) ;
#6223 = VECTOR ( 'NONE', #3767, 1000.000000000000000 ) ;
#6224 = VECTOR ( 'NONE', #630, 1000.000000000000000 ) ;
#6225 = CARTESIAN_POINT ( 'NONE',  ( 5.837500000000000355, -1.199999999999999956, 0.2999999999999972689 ) ) ;
#6226 = AXIS2_PLACEMENT_3D ( 'NONE', #6215, #5590, #8128 ) ;
#6227 = MECHANICAL_DESIGN_GEOMETRIC_PRESENTATION_REPRESENTATION (  '', ( #7409 ), #2759 ) ;
#6228 = LINE ( 'NONE', #6596, #49 ) ;
#6229 = ORIENTED_EDGE ( 'NONE', *, *, #22, .F. ) ;
#6230 = ORIENTED_EDGE ( 'NONE', *, *, #6994, .F. ) ;
#6231 = CARTESIAN_POINT ( 'NONE',  ( -0.09999999999999863165, 0.9999999999999988898, 0.07999999999999894695 ) ) ;
#6232 = ORIENTED_EDGE ( 'NONE', *, *, #796, .F. ) ;
#6233 = CARTESIAN_POINT ( 'NONE',  ( -2.325000000000000178, 1.350000000000000089, -0.8336977386159070136 ) ) ;
#6234 = CARTESIAN_POINT ( 'NONE',  ( 1.949999999999998401, 0.9999999999999988898, 0.02999999999999754252 ) ) ;
#6235 = AXIS2_PLACEMENT_3D ( 'NONE', #4204, #4820, #7347 ) ;
#6236 = ORIENTED_EDGE ( 'NONE', *, *, #1304, .F. ) ;
#6237 = CARTESIAN_POINT ( 'NONE',  ( 0.1750000000000009881, 1.249999999999986233, 2.785044330572139515E-15 ) ) ;
#6238 = PLANE ( 'NONE',  #5983 ) ;
#6239 = DIRECTION ( 'NONE',  ( -1.000000000000000000, -0.000000000000000000, 2.289834988289389802E-16 ) ) ;
#6240 = ORIENTED_EDGE ( 'NONE', *, *, #7778, .F. ) ;
#6241 = FACE_OUTER_BOUND ( 'NONE', #4187, .T. ) ;
#6242 = DIRECTION ( 'NONE',  ( 2.804146475863970139E-32, 1.000000000000000000, -1.065228634467009955E-16 ) ) ;
#6243 = CARTESIAN_POINT ( 'NONE',  ( -1.824999999999999956, 1.350000000000000089, 0.1099999999999990014 ) ) ;
#6244 = LINE ( 'NONE', #1106, #1679 ) ;
#6245 = DIRECTION ( 'NONE',  ( -1.000000000000000000, 0.000000000000000000, 2.289834988289389802E-16 ) ) ;
#6246 = CARTESIAN_POINT ( 'NONE',  ( 6.765000000000000568, -0.7000000000000009548, 0.6899999999999969491 ) ) ;
#6247 = ORIENTED_EDGE ( 'NONE', *, *, #4429, .F. ) ;
#6248 = DIRECTION ( 'NONE',  ( -2.289834988289389802E-16, 0.000000000000000000, -1.000000000000000000 ) ) ;
#6249 = DIRECTION ( 'NONE',  ( -0.7071067811865480168, 7.532303909457077456E-17, 0.7071067811865470176 ) ) ;
#6250 = CIRCLE ( 'NONE', #5054, 0.02999999999999989828 ) ;
#6251 = ADVANCED_FACE ( 'NONE', ( #4980 ), #5061, .T. ) ;
#6252 = ORIENTED_EDGE ( 'NONE', *, *, #4074, .F. ) ;
#6253 = LINE ( 'NONE', #3215, #852 ) ;
#6254 = PLANE ( 'NONE',  #872 ) ;
#6255 = VERTEX_POINT ( 'NONE', #3742 ) ;
#6256 = ORIENTED_EDGE ( 'NONE', *, *, #3098, .T. ) ;
#6257 = AXIS2_PLACEMENT_3D ( 'NONE', #3563, #8011, #3474 ) ;
#6258 = ORIENTED_EDGE ( 'NONE', *, *, #6547, .F. ) ;
#6259 = EDGE_CURVE ( 'NONE', #740, #5130, #6269, .T. ) ;
#6260 = CARTESIAN_POINT ( 'NONE',  ( 0.3250000000000019540, 0.9999999999999988898, 0.07866077735406387661 ) ) ;
#6261 = EDGE_CURVE ( 'NONE', #8060, #140, #3107, .T. ) ;
#6262 = EDGE_CURVE ( 'NONE', #4321, #6629, #622, .T. ) ;
#6263 = CARTESIAN_POINT ( 'NONE',  ( -2.765000000000002789, -0.7000000000000067280, 0.6899999999999998357 ) ) ;
#6264 = CARTESIAN_POINT ( 'NONE',  ( 3.325000000000000178, 0.9999999999999988898, 0.07999999999999901634 ) ) ;
#6265 = ORIENTED_EDGE ( 'NONE', *, *, #6971, .T. ) ;
#6266 = VERTEX_POINT ( 'NONE', #659 ) ;
#6267 = DIRECTION ( 'NONE',  ( 0.000000000000000000, -2.289834988289389802E-16, -1.000000000000000000 ) ) ;
#6268 = EDGE_LOOP ( 'NONE', ( #7109, #1742, #7393, #2557 ) ) ;
#6269 = LINE ( 'NONE', #544, #7651 ) ;
#6270 = EDGE_CURVE ( 'NONE', #1277, #7242, #7121, .T. ) ;
#6271 = DIRECTION ( 'NONE',  ( -0.7071067811865431318, -7.532303909457119365E-17, -0.7071067811865520136 ) ) ;
#6272 = ADVANCED_FACE ( 'NONE', ( #3934 ), #2719, .F. ) ;
#6273 = ORIENTED_EDGE ( 'NONE', *, *, #1656, .F. ) ;
#6274 = VECTOR ( 'NONE', #7212, 1000.000000000000000 ) ;
#6275 = PLANE ( 'NONE',  #5209 ) ;
#6276 = PRESENTATION_STYLE_ASSIGNMENT (( #4909 ) ) ;
#6277 = DIRECTION ( 'NONE',  ( 1.000000000000000000, -5.243344273594249610E-32, -2.289834988289389802E-16 ) ) ;
#6278 = LINE ( 'NONE', #4373, #1403 ) ;
#6279 = PLANE ( 'NONE',  #4593 ) ;
#6280 = CARTESIAN_POINT ( 'NONE',  ( -2.765000000000000124, -0.6000000000000009770, 0.3299999999999990163 ) ) ;
#6281 = CARTESIAN_POINT ( 'NONE',  ( 3.115000000000000213, -1.600000000000000089, 0.3752009999999990075 ) ) ;
#6282 = DIRECTION ( 'NONE',  ( 0.000000000000000000, 1.065228634467009955E-16, 1.000000000000000000 ) ) ;
#6283 = FACE_OUTER_BOUND ( 'NONE', #7373, .T. ) ;
#6284 = ORIENTED_EDGE ( 'NONE', *, *, #4125, .T. ) ;
#6285 = CARTESIAN_POINT ( 'NONE',  ( 3.115000000000000213, -1.000000000000000000, 0.5099999999999988987 ) ) ;
#6286 = CARTESIAN_POINT ( 'NONE',  ( 1.175000000000000044, 0.9199999999999860512, -1.110223024625160090E-15 ) ) ;
#6287 = EDGE_LOOP ( 'NONE', ( #1799, #4352, #3923, #6432 ) ) ;
#6288 = CARTESIAN_POINT ( 'NONE',  ( -0.5999999999999986455, 0.8499999999999989786, 0.07999999999999950206 ) ) ;
#6289 = LINE ( 'NONE', #5085, #5559 ) ;
#6290 = ORIENTED_EDGE ( 'NONE', *, *, #7366, .T. ) ;
#6291 = ORIENTED_EDGE ( 'NONE', *, *, #4572, .T. ) ;
#6292 = VECTOR ( 'NONE', #7527, 1000.000000000000000 ) ;
#6293 = ORIENTED_EDGE ( 'NONE', *, *, #1985, .T. ) ;
#6294 = EDGE_CURVE ( 'NONE', #32, #1701, #1414, .T. ) ;
#6295 = AXIS2_PLACEMENT_3D ( 'NONE', #6852, #4987, #514 ) ;
#6296 = LINE ( 'NONE', #3849, #6223 ) ;
#6297 = CARTESIAN_POINT ( 'NONE',  ( -3.102500000000000036, -1.000000000000000222, 0.3299999999999997935 ) ) ;
#6298 = ORIENTED_EDGE ( 'NONE', *, *, #115, .F. ) ;
#6299 = ORIENTED_EDGE ( 'NONE', *, *, #536, .T. ) ;
#6300 = PLANE ( 'NONE',  #3288 ) ;
#6301 = ADVANCED_FACE ( 'NONE', ( #2601 ), #5097, .T. ) ;
#6302 = ORIENTED_EDGE ( 'NONE', *, *, #2492, .T. ) ;
#6303 = DIRECTION ( 'NONE',  ( -0.7071067811865378028, 0.000000000000000000, 0.7071067811865573427 ) ) ;
#6304 = CARTESIAN_POINT ( 'NONE',  ( 2.952500000000000124, -1.899999999999999911, 0.02999999999999800049 ) ) ;
#6305 = ADVANCED_FACE ( 'NONE', ( #1996 ), #7624, .T. ) ;
#6306 = VERTEX_POINT ( 'NONE', #699 ) ;
#6307 = LINE ( 'NONE', #468, #5611 ) ;
#6308 = CARTESIAN_POINT ( 'NONE',  ( -2.174999999999999822, 0.9199999999999860512, -3.330669073875470114E-16 ) ) ;
#6309 = EDGE_CURVE ( 'NONE', #3226, #5610, #1914, .T. ) ;
#6310 = CARTESIAN_POINT ( 'NONE',  ( 0.3250000000000020095, 0.9499999999999869660, 0.03619548911246076722 ) ) ;
#6311 = CARTESIAN_POINT ( 'NONE',  ( 21.28500000000000014, -1.800000000000000266, 0.9199999999999980416 ) ) ;
#6312 = CARTESIAN_POINT ( 'NONE',  ( -2.884999999999998899, -1.899999999999999911, 1.000000000000001110 ) ) ;
#6313 = CIRCLE ( 'NONE', #3795, 0.04999999999999980849 ) ;
#6314 = DIRECTION ( 'NONE',  ( 1.000000000000000000, -5.243344273594249610E-32, -2.289834988289389802E-16 ) ) ;
#6315 = DIRECTION ( 'NONE',  ( 1.000000000000000000, -5.243344273594249610E-32, -0.000000000000000000 ) ) ;
#6316 = DIRECTION ( 'NONE',  ( 0.000000000000000000, -4.336808689941645394E-15, 1.000000000000000000 ) ) ;
#6317 = CARTESIAN_POINT ( 'NONE',  ( 0.6750000000000010436, 1.299999999999990274, 0.1099999999999980022 ) ) ;
#6318 = AXIS2_PLACEMENT_3D ( 'NONE', #294, #5973, #1794 ) ;
#6319 = ORIENTED_EDGE ( 'NONE', *, *, #2556, .T. ) ;
#6320 = CARTESIAN_POINT ( 'NONE',  ( -1.825000000000000178, 0.9999999999999988898, 0.07999999999999929390 ) ) ;
#6321 = DIRECTION ( 'NONE',  ( 2.439197797730288502E-32, -1.000000000000000000, 1.065228634467009955E-16 ) ) ;
#6322 = VERTEX_POINT ( 'NONE', #5721 ) ;
#6323 = DIRECTION ( 'NONE',  ( -1.000000000000000000, 5.243344273594249610E-32, 0.000000000000000000 ) ) ;
#6324 = CARTESIAN_POINT ( 'NONE',  ( -3.220000000000000639, 0.5100000000000000089, 0.9400000000000002798 ) ) ;
#6325 = CIRCLE ( 'NONE', #4732, 0.05000000000000070360 ) ;
#6326 = ORIENTED_EDGE ( 'NONE', *, *, #4113, .T. ) ;
#6327 = ORIENTED_EDGE ( 'NONE', *, *, #1864, .T. ) ;
#6328 = VERTEX_POINT ( 'NONE', #7079 ) ;
#6329 = DIRECTION ( 'NONE',  ( 1.000000000000000000, -0.000000000000000000, -2.289834988289389802E-16 ) ) ;
#6330 = CIRCLE ( 'NONE', #1001, 0.05000000000000070360 ) ;
#6331 = LINE ( 'NONE', #1208, #7396 ) ;
#6332 = LINE ( 'NONE', #617, #456 ) ;
#6333 = VERTEX_POINT ( 'NONE', #5876 ) ;
#6334 = VERTEX_POINT ( 'NONE', #2563 ) ;
#6335 = VECTOR ( 'NONE', #3997, 1000.000000000000000 ) ;
#6336 = ORIENTED_EDGE ( 'NONE', *, *, #6261, .F. ) ;
#6337 = DIRECTION ( 'NONE',  ( -0.7071067811865431318, -7.532303909457119365E-17, -0.7071067811865520136 ) ) ;
#6338 = CARTESIAN_POINT ( 'NONE',  ( 1.675000000000000044, 1.350000000000000089, 0.1705002310154639933 ) ) ;
#6339 = VECTOR ( 'NONE', #6131, 1000.000000000000000 ) ;
#6340 = EDGE_CURVE ( 'NONE', #6629, #1058, #149, .T. ) ;
#6341 = VECTOR ( 'NONE', #1537, 1000.000000000000000 ) ;
#6342 = AXIS2_PLACEMENT_3D ( 'NONE', #896, #180, #268 ) ;
#6343 = APPLICATION_CONTEXT ( 'automotive_design' ) ;
#6344 = ORIENTED_EDGE ( 'NONE', *, *, #2442, .T. ) ;
#6345 = EDGE_CURVE ( 'NONE', #8060, #2225, #3981, .T. ) ;
#6346 = DIRECTION ( 'NONE',  ( 0.000000000000000000, 0.000000000000000000, -1.000000000000000000 ) ) ;
#6347 = DIRECTION ( 'NONE',  ( 1.000000000000000000, -0.000000000000000000, -2.289834988289389802E-16 ) ) ;
#6348 = AXIS2_PLACEMENT_3D ( 'NONE', #6826, #1108, #6737 ) ;
#6349 = CARTESIAN_POINT ( 'NONE',  ( -2.174999999999999822, 1.350000000000000089, 0.1099999999999990014 ) ) ;
#6350 = VECTOR ( 'NONE', #5494, 1000.000000000000000 ) ;
#6351 = CARTESIAN_POINT ( 'NONE',  ( -1.899999999999999689, 0.8499999999999999778, 0.07999999999999932165 ) ) ;
#6352 = DIRECTION ( 'NONE',  ( 0.000000000000000000, 0.000000000000000000, -1.000000000000000000 ) ) ;
#6353 = VECTOR ( 'NONE', #1310, 1000.000000000000000 ) ;
#6354 = ORIENTED_EDGE ( 'NONE', *, *, #5552, .F. ) ;
#6355 = EDGE_CURVE ( 'NONE', #2531, #7037, #7040, .T. ) ;
#6356 = EDGE_CURVE ( 'NONE', #8223, #2084, #3307, .T. ) ;
#6357 = DIRECTION ( 'NONE',  ( 2.439197797730288502E-32, -1.000000000000000000, 1.065228634467009955E-16 ) ) ;
#6358 = EDGE_CURVE ( 'NONE', #5871, #2239, #6381, .T. ) ;
#6359 = DIRECTION ( 'NONE',  ( 2.804146475863970139E-32, 1.000000000000000000, -1.065228634467009955E-16 ) ) ;
#6360 = LINE ( 'NONE', #1819, #515 ) ;
#6361 = CARTESIAN_POINT ( 'NONE',  ( -1.674999999999999822, 0.9999999999999991118, 0.07866077735406440397 ) ) ;
#6362 = ORIENTED_EDGE ( 'NONE', *, *, #27, .T. ) ;
#6363 = CARTESIAN_POINT ( 'NONE',  ( -0.8249999999999979572, 0.9499999999999869660, 0.03619548911246110029 ) ) ;
#6364 = CARTESIAN_POINT ( 'NONE',  ( 3.115000000000000213, -1.599999999999999645, 0.04999999999999921174 ) ) ;
#6365 = CARTESIAN_POINT ( 'NONE',  ( -2.325000000000000178, 0.9431866336109967497, 0.06541154699933875161 ) ) ;
#6366 = ADVANCED_FACE ( 'NONE', ( #4595 ), #1959, .T. ) ;
#6367 = ORIENTED_EDGE ( 'NONE', *, *, #394, .T. ) ;
#6368 = CARTESIAN_POINT ( 'NONE',  ( 1.324999999999999956, 1.349999999999999867, 0.3099999999999979994 ) ) ;
#6369 = CARTESIAN_POINT ( 'NONE',  ( 2.174999999999999822, 1.299999999999990274, 0.04999999999999889949 ) ) ;
#6370 = EDGE_LOOP ( 'NONE', ( #6036, #4051, #6139, #6059, #6405, #4516, #3339, #2994, #7165, #2320, #2360 ) ) ;
#6371 = ORIENTED_EDGE ( 'NONE', *, *, #5126, .F. ) ;
#6372 = VECTOR ( 'NONE', #6439, 1000.000000000000000 ) ;
#6373 = EDGE_LOOP ( 'NONE', ( #6180, #4442, #696, #5463 ) ) ;
#6374 = LINE ( 'NONE', #5751, #3238 ) ;
#6375 = VECTOR ( 'NONE', #163, 1000.000000000000000 ) ;
#6376 = FACE_OUTER_BOUND ( 'NONE', #577, .T. ) ;
#6377 = FACE_OUTER_BOUND ( 'NONE', #7339, .T. ) ;
#6378 = ORIENTED_EDGE ( 'NONE', *, *, #4689, .T. ) ;
#6379 = ORIENTED_EDGE ( 'NONE', *, *, #5406, .T. ) ;
#6380 = ORIENTED_EDGE ( 'NONE', *, *, #1363, .T. ) ;
#6381 = LINE ( 'NONE', #5134, #2614 ) ;
#6382 = DIRECTION ( 'NONE',  ( -2.289834988289389802E-16, -2.289834988289389802E-16, -1.000000000000000000 ) ) ;
#6383 = VERTEX_POINT ( 'NONE', #1332 ) ;
#6384 = DIRECTION ( 'NONE',  ( -1.619157848017760137E-16, 0.7071067811864969466, -0.7071067811865980879 ) ) ;
#6385 = CARTESIAN_POINT ( 'NONE',  ( -0.8249999999999979572, 1.299999999999990274, 0.04999999999999989869 ) ) ;
#6386 = EDGE_CURVE ( 'NONE', #6653, #1038, #1370, .T. ) ;
#6387 = CARTESIAN_POINT ( 'NONE',  ( -1.324999999999999956, 0.9199999999999870504, 0.1705002310154649925 ) ) ;
#6388 = CARTESIAN_POINT ( 'NONE',  ( -1.824999999999999956, 1.350000000000000089, 0.1099999999999990014 ) ) ;
#6389 = CARTESIAN_POINT ( 'NONE',  ( 6.785000000000000142, -1.199999999999999956, 0.2999999999999969913 ) ) ;
#6390 = ORIENTED_EDGE ( 'NONE', *, *, #4776, .T. ) ;
#6391 = EDGE_CURVE ( 'NONE', #3583, #7931, #3267, .T. ) ;
#6392 = VECTOR ( 'NONE', #3350, 1000.000000000000000 ) ;
#6393 = CARTESIAN_POINT ( 'NONE',  ( -41.67662438884190834, 0.9999999999999988898, 1.000000000000009326 ) ) ;
#6394 = DIRECTION ( 'NONE',  ( 0.000000000000000000, 0.7071067811865441310, 0.7071067811865507924 ) ) ;
#6395 = DIRECTION ( 'NONE',  ( -1.000000000000000000, 5.243344273594249610E-32, 2.289834988289389802E-16 ) ) ;
#6396 = CARTESIAN_POINT ( 'NONE',  ( -3.102500000000000036, -1.000000000000000000, 0.4028473352920790007 ) ) ;
#6397 = EDGE_CURVE ( 'NONE', #2642, #5989, #2680, .T. ) ;
#6398 = ORIENTED_EDGE ( 'NONE', *, *, #2701, .F. ) ;
#6399 = DIRECTION ( 'NONE',  ( -5.243344273594249610E-32, -1.000000000000000000, 1.200639317332292868E-47 ) ) ;
#6400 = ADVANCED_FACE ( 'NONE', ( #906 ), #7872, .F. ) ;
#6401 = CARTESIAN_POINT ( 'NONE',  ( 1.074999999999999956, 0.9999999999999988898, 0.05499999999999869577 ) ) ;
#6402 = CARTESIAN_POINT ( 'NONE',  ( 3.102500000000000480, -1.749999999999999778, 0.9999999999999991118 ) ) ;
#6403 = EDGE_CURVE ( 'NONE', #3758, #450, #2208, .T. ) ;
#6404 = LINE ( 'NONE', #4576, #7015 ) ;
#6405 = ORIENTED_EDGE ( 'NONE', *, *, #8107, .F. ) ;
#6406 = DIRECTION ( 'NONE',  ( 1.000000000000000000, -5.243344273594249610E-32, 0.000000000000000000 ) ) ;
#6407 = CARTESIAN_POINT ( 'NONE',  ( 6.785000000000000142, -1.650000000000000355, 0.7199999999999976419 ) ) ;
#6408 = EDGE_CURVE ( 'NONE', #6328, #7871, #5473, .T. ) ;
#6409 = ORIENTED_EDGE ( 'NONE', *, *, #494, .F. ) ;
#6410 = VERTEX_POINT ( 'NONE', #280 ) ;
#6411 = ORIENTED_EDGE ( 'NONE', *, *, #1501, .F. ) ;
#6412 = PLANE ( 'NONE',  #3427 ) ;
#6413 = VECTOR ( 'NONE', #7655, 1000.000000000000000 ) ;
#6414 = DIRECTION ( 'NONE',  ( -0.7071067811865490160, -0.7071067811865461294, 3.238315696035290025E-16 ) ) ;
#6415 = LINE ( 'NONE', #6264, #4465 ) ;
#6416 = ORIENTED_EDGE ( 'NONE', *, *, #7017, .T. ) ;
#6417 = ORIENTED_EDGE ( 'NONE', *, *, #2396, .F. ) ;
#6418 = ORIENTED_EDGE ( 'NONE', *, *, #1836, .T. ) ;
#6419 = DIRECTION ( 'NONE',  ( -0.7071067811865520136, 0.000000000000000000, 0.7071067811865431318 ) ) ;
#6420 = DIRECTION ( 'NONE',  ( 0.7071067811865431318, -7.532303909457139086E-17, -0.7071067811865520136 ) ) ;
#6421 = AXIS2_PLACEMENT_3D ( 'NONE', #5265, #3861, #4524 ) ;
#6422 = EDGE_LOOP ( 'NONE', ( #4298, #3254, #2323, #2482 ) ) ;
#6423 = LINE ( 'NONE', #825, #1464 ) ;
#6424 = CARTESIAN_POINT ( 'NONE',  ( -2.050000000000003375, 0.9999999999999988898, 0.02999999999999928418 ) ) ;
#6425 = PLANE ( 'NONE',  #6733 ) ;
#6426 = CARTESIAN_POINT ( 'NONE',  ( 0.6750000000000010436, 1.350000000000000089, 0.1099999999999980022 ) ) ;
#6427 = VERTEX_POINT ( 'NONE', #5381 ) ;
#6428 = DIRECTION ( 'NONE',  ( 1.000000000000000000, -5.243344273594249610E-32, -2.289834988289389802E-16 ) ) ;
#6429 = PLANE ( 'NONE',  #4850 ) ;
#6430 = CARTESIAN_POINT ( 'NONE',  ( 6.250000000000000000, 0.5337243177612559508, 0.9399999999999980593 ) ) ;
#6431 = LINE ( 'NONE', #7140, #3191 ) ;
#6432 = ORIENTED_EDGE ( 'NONE', *, *, #3344, .F. ) ;
#6433 = SURFACE_SIDE_STYLE ('',( #3325 ) ) ;
#6434 = AXIS2_PLACEMENT_3D ( 'NONE', #203, #2726, #2096 ) ;
#6435 = DIRECTION ( 'NONE',  ( -5.326143172335038067E-17, 1.000000000000000000, -5.326143172335105860E-17 ) ) ;
#6436 = LINE ( 'NONE', #16, #7553 ) ;
#6437 = EDGE_CURVE ( 'NONE', #4391, #5254, #1493, .T. ) ;
#6438 = VECTOR ( 'NONE', #4212, 1000.000000000000000 ) ;
#6439 = DIRECTION ( 'NONE',  ( -5.243344273594249610E-32, -1.000000000000000000, 1.200639317332292868E-47 ) ) ;
#6440 = DIRECTION ( 'NONE',  ( -1.619157848017760137E-16, 0.7071067811864969466, -0.7071067811865980879 ) ) ;
#6441 = CARTESIAN_POINT ( 'NONE',  ( -0.3249999999999980127, 1.249999999999988232, 4.675621868843740830E-16 ) ) ;
#6442 = DIRECTION ( 'NONE',  ( 0.000000000000000000, 0.7071067811865980879, 0.7071067811864969466 ) ) ;
#6443 = EDGE_CURVE ( 'NONE', #1805, #3845, #6625, .T. ) ;
#6444 = ORIENTED_EDGE ( 'NONE', *, *, #6309, .F. ) ;
#6446 = ADVANCED_FACE ( 'NONE', ( #7205 ), #5961, .F. ) ;
#6445 = DIRECTION ( 'NONE',  ( 0.7071067811865431318, 7.532303909457121830E-17, 0.7071067811865520136 ) ) ;
#6447 = ORIENTED_EDGE ( 'NONE', *, *, #1915, .F. ) ;
#6448 = ORIENTED_EDGE ( 'NONE', *, *, #510, .F. ) ;
#6449 = DIRECTION ( 'NONE',  ( -1.000000000000000000, -1.144917494144693668E-16, 1.144917494144857357E-16 ) ) ;
#6450 = CIRCLE ( 'NONE', #7513, 0.02999999999999989828 ) ;
#6451 = VECTOR ( 'NONE', #1830, 1000.000000000000000 ) ;
#6452 = ADVANCED_FACE ( 'NONE', ( #2801 ), #4716, .T. ) ;
#6453 = VERTEX_POINT ( 'NONE', #7835 ) ;
#6454 = DIRECTION ( 'NONE',  ( -1.000000000000000000, -0.000000000000000000, 2.289834988289389802E-16 ) ) ;
#6455 = VERTEX_POINT ( 'NONE', #4055 ) ;
#6456 = EDGE_CURVE ( 'NONE', #5353, #3884, #5306, .T. ) ;
#6457 = ORIENTED_EDGE ( 'NONE', *, *, #4779, .F. ) ;
#6458 = VECTOR ( 'NONE', #4128, 1000.000000000000000 ) ;
#6459 = ORIENTED_EDGE ( 'NONE', *, *, #2480, .T. ) ;
#6460 = CARTESIAN_POINT ( 'NONE',  ( 7.299999999999999822, -0.02000000000000089900, 1.050000000000000044 ) ) ;
#6461 = AXIS2_PLACEMENT_3D ( 'NONE', #7551, #3653, #1882 ) ;
#6462 = CARTESIAN_POINT ( 'NONE',  ( 2.952500000000000124, -1.900000000000000133, 0.1300000000000005596 ) ) ;
#6463 = EDGE_CURVE ( 'NONE', #3444, #6576, #1535, .T. ) ;
#6464 = VECTOR ( 'NONE', #993, 1000.000000000000000 ) ;
#6465 = ORIENTED_EDGE ( 'NONE', *, *, #4070, .T. ) ;
#6466 = LINE ( 'NONE', #5764, #661 ) ;
#6467 = CARTESIAN_POINT ( 'NONE',  ( 0.6750000000000010436, 1.299999999999994715, 0.1099999999999980160 ) ) ;
#6468 = PLANE ( 'NONE',  #8029 ) ;
#6469 = VECTOR ( 'NONE', #6621, 1000.000000000000000 ) ;
#6470 = LINE ( 'NONE', #5, #7094 ) ;
#6471 = ORIENTED_EDGE ( 'NONE', *, *, #3210, .F. ) ;
#6472 = VECTOR ( 'NONE', #1123, 1000.000000000000000 ) ;
#6473 = AXIS2_PLACEMENT_3D ( 'NONE', #2830, #6445, #2069 ) ;
#6474 = VECTOR ( 'NONE', #980, 1000.000000000000000 ) ;
#6475 = CARTESIAN_POINT ( 'NONE',  ( -2.324999999999999734, 1.350000000000000089, 0.1599999999999998646 ) ) ;
#6476 = VECTOR ( 'NONE', #4149, 1000.000000000000000 ) ;
#6477 = PLANE ( 'NONE',  #5900 ) ;
#6478 = DIRECTION ( 'NONE',  ( -5.243344273594249610E-32, -1.000000000000000000, 1.200639317332289951E-47 ) ) ;
#6479 = DIRECTION ( 'NONE',  ( 0.000000000000000000, 0.000000000000000000, 1.000000000000000000 ) ) ;
#6480 = ORIENTED_EDGE ( 'NONE', *, *, #1667, .F. ) ;
#6481 = CARTESIAN_POINT ( 'NONE',  ( -1.675000000000000044, 0.9999999999999988898, 0.3099999999999988320 ) ) ;
#6482 = PLANE ( 'NONE',  #2753 ) ;
#6483 = CARTESIAN_POINT ( 'NONE',  ( -3.399999999999999467, 0.9999999999999988898, 0.3099999999999979994 ) ) ;
#6484 = VECTOR ( 'NONE', #96, 1000.000000000000000 ) ;
#6485 = PLANE ( 'NONE',  #1559 ) ;
#6486 = CARTESIAN_POINT ( 'NONE',  ( -0.5499999999999971578, 0.9999999999999988898, 0.02999999999999747660 ) ) ;
#6487 = DIRECTION ( 'NONE',  ( -1.000000000000000000, 5.243344273594249610E-32, 2.289834988289389802E-16 ) ) ;
#6488 = DIRECTION ( 'NONE',  ( -2.289834988289389802E-16, 0.000000000000000000, -1.000000000000000000 ) ) ;
#6489 = ORIENTED_EDGE ( 'NONE', *, *, #3864, .F. ) ;
#6490 = DIRECTION ( 'NONE',  ( 1.000000000000000000, 4.948562843061550213E-17, -2.177367650947074402E-16 ) ) ;
#6491 = VERTEX_POINT ( 'NONE', #7294 ) ;
#6492 = ORIENTED_EDGE ( 'NONE', *, *, #7168, .T. ) ;
#6493 = EDGE_CURVE ( 'NONE', #5866, #1126, #7914, .T. ) ;
#6494 = DIRECTION ( 'NONE',  ( -0.7071067811865520136, 0.000000000000000000, 0.7071067811865431318 ) ) ;
#6495 = PRODUCT_RELATED_PRODUCT_CATEGORY ( 'part', '', ( #6047 ) ) ;
#6496 = ADVANCED_FACE ( 'NONE', ( #861 ), #6704, .F. ) ;
#6497 = ORIENTED_EDGE ( 'NONE', *, *, #8181, .T. ) ;
#6498 = DIRECTION ( 'NONE',  ( -2.439197797730288502E-32, 1.000000000000000000, -1.065228634467009955E-16 ) ) ;
#6499 = VERTEX_POINT ( 'NONE', #2168 ) ;
#6500 = ORIENTED_EDGE ( 'NONE', *, *, #6658, .F. ) ;
#6501 = VERTEX_POINT ( 'NONE', #320 ) ;
#6502 = CARTESIAN_POINT ( 'NONE',  ( 1.824999999999999956, 0.9199999999999870504, 0.1705002310154639933 ) ) ;
#6503 = DIRECTION ( 'NONE',  ( 1.000000000000000000, -0.000000000000000000, -2.289834988289389802E-16 ) ) ;
#6504 = ADVANCED_FACE ( 'NONE', ( #7245 ), #4102, .T. ) ;
#6505 = VECTOR ( 'NONE', #6598, 1000.000000000000000 ) ;
#6506 = VERTEX_POINT ( 'NONE', #4148 ) ;
#6507 = DIRECTION ( 'NONE',  ( 0.000000000000000000, 0.9990138064662085204, 0.04440061362072379725 ) ) ;
#6508 = DIRECTION ( 'NONE',  ( 1.000000000000000000, -5.243344273594249610E-32, -2.289834988289389802E-16 ) ) ;
#6509 = ADVANCED_FACE ( 'NONE', ( #2934 ), #819, .F. ) ;
#6510 = DIRECTION ( 'NONE',  ( 0.000000000000000000, 1.065228634467009955E-16, 1.000000000000000000 ) ) ;
#6511 = VECTOR ( 'NONE', #2686, 1000.000000000000000 ) ;
#6512 = EDGE_CURVE ( 'NONE', #621, #6501, #5431, .T. ) ;
#6513 = DIRECTION ( 'NONE',  ( -0.7071067811865480168, -7.532303909457070061E-17, -0.7071067811865470176 ) ) ;
#6514 = VERTEX_POINT ( 'NONE', #8005 ) ;
#6515 = FACE_OUTER_BOUND ( 'NONE', #2214, .T. ) ;
#6516 = CARTESIAN_POINT ( 'NONE',  ( 0.8250000000000019540, 0.9431866336109967497, 0.06541154699933800221 ) ) ;
#6517 = LINE ( 'NONE', #7055, #772 ) ;
#6518 = LINE ( 'NONE', #2012, #5814 ) ;
#6519 = ORIENTED_EDGE ( 'NONE', *, *, #7050, .F. ) ;
#6520 = CARTESIAN_POINT ( 'NONE',  ( -1.675000000000000044, 0.9999999999999988898, 0.07866077735406440397 ) ) ;
#6521 = DIRECTION ( 'NONE',  ( 0.000000000000000000, 0.7071067811865980879, 0.7071067811864969466 ) ) ;
#6522 = CARTESIAN_POINT ( 'NONE',  ( -0.3249999999999980127, 0.9999999999999988898, 0.07999999999999901634 ) ) ;
#6523 = VECTOR ( 'NONE', #6507, 1000.000000000000114 ) ;
#6524 = LINE ( 'NONE', #7148, #6753 ) ;
#6525 = DIRECTION ( 'NONE',  ( 0.000000000000000000, 0.000000000000000000, 1.000000000000000000 ) ) ;
#6526 = DIRECTION ( 'NONE',  ( 2.289834988289389802E-16, -0.000000000000000000, 1.000000000000000000 ) ) ;
#6527 = CARTESIAN_POINT ( 'NONE',  ( 3.500000000000000000, -0.8000000000000009326, 0.8416139999999979748 ) ) ;
#6528 = VERTEX_POINT ( 'NONE', #1454 ) ;
#6529 = DIRECTION ( 'NONE',  ( 0.000000000000000000, -2.289834988289389802E-16, -1.000000000000000000 ) ) ;
#6530 = ORIENTED_EDGE ( 'NONE', *, *, #5052, .F. ) ;
#6531 = ORIENTED_EDGE ( 'NONE', *, *, #2803, .T. ) ;
#6532 = CARTESIAN_POINT ( 'NONE',  ( -3.265000000000000124, -1.147779969318960092, 0.01787644580804303995 ) ) ;
#6533 = AXIS2_PLACEMENT_3D ( 'NONE', #7975, #3619, #342 ) ;
#6534 = ORIENTED_EDGE ( 'NONE', *, *, #6294, .T. ) ;
#6535 = FACE_OUTER_BOUND ( 'NONE', #388, .T. ) ;
#6536 = ORIENTED_EDGE ( 'NONE', *, *, #8178, .F. ) ;
#6537 = ORIENTED_EDGE ( 'NONE', *, *, #6456, .T. ) ;
#6538 = EDGE_CURVE ( 'NONE', #246, #6306, #1712, .T. ) ;
#6539 = ORIENTED_EDGE ( 'NONE', *, *, #6821, .F. ) ;
#6540 = ADVANCED_FACE ( 'NONE', ( #2348 ), #4456, .F. ) ;
#6541 = DIRECTION ( 'NONE',  ( 0.7071067811865520136, -0.000000000000000000, 0.7071067811865431318 ) ) ;
#6542 = FACE_OUTER_BOUND ( 'NONE', #2158, .T. ) ;
#6543 = ORIENTED_EDGE ( 'NONE', *, *, #694, .F. ) ;
#6544 = CARTESIAN_POINT ( 'NONE',  ( 0.3250000000000019540, 1.673724317761259961, 0.3099999999999982214 ) ) ;
#6545 = DIRECTION ( 'NONE',  ( 0.000000000000000000, 1.000000000000000000, -2.289834988289389802E-16 ) ) ;
#6546 = CARTESIAN_POINT ( 'NONE',  ( -0.1749999999999979905, 0.9499999999999869660, 0.03619548911246096845 ) ) ;
#6547 = EDGE_CURVE ( 'NONE', #2084, #2148, #1753, .T. ) ;
#6548 = EDGE_CURVE ( 'NONE', #6600, #2841, #3170, .T. ) ;
#6549 = DIRECTION ( 'NONE',  ( -1.000000000000000000, 5.243344273594249610E-32, 2.289834988289389802E-16 ) ) ;
#6550 = VECTOR ( 'NONE', #7940, 1000.000000000000000 ) ;
#6551 = CARTESIAN_POINT ( 'NONE',  ( -3.265000000000000124, -1.899999999999999911, 0.8199999999999999512 ) ) ;
#6552 = ORIENTED_EDGE ( 'NONE', *, *, #1363, .F. ) ;
#6553 = LINE ( 'NONE', #1342, #596 ) ;
#6554 = EDGE_CURVE ( 'NONE', #4436, #7497, #3211, .T. ) ;
#6555 = DIRECTION ( 'NONE',  ( -1.000000000000000000, -0.000000000000000000, -0.000000000000000000 ) ) ;
#6556 = LINE ( 'NONE', #91, #908 ) ;
#6557 = LINE ( 'NONE', #7852, #3172 ) ;
#6558 = ORIENTED_EDGE ( 'NONE', *, *, #2542, .T. ) ;
#6559 = CARTESIAN_POINT ( 'NONE',  ( -2.765000000000000124, -1.800000000000000266, 1.050000000000000044 ) ) ;
#6560 = DIRECTION ( 'NONE',  ( 1.000000000000000000, -0.000000000000000000, -2.289834988289389802E-16 ) ) ;
#6561 = CARTESIAN_POINT ( 'NONE',  ( -3.265000000000000124, -1.100000000000000089, 0.4600000000000000200 ) ) ;
#6562 = CYLINDRICAL_SURFACE ( 'NONE', #5691, 0.05000000000000070360 ) ;
#6563 = CARTESIAN_POINT ( 'NONE',  ( -3.299999999999999822, 0.2899999999999989808, 0.3099999999999999978 ) ) ;
#6564 = VECTOR ( 'NONE', #7682, 1000.000000000000000 ) ;
#6565 = FACE_OUTER_BOUND ( 'NONE', #7177, .T. ) ;
#6566 = CARTESIAN_POINT ( 'NONE',  ( 0.4000000000000007994, 0.9199999999999992628, 0.07999999999999880818 ) ) ;
#6567 = LINE ( 'NONE', #2707, #2219 ) ;
#6568 = EDGE_LOOP ( 'NONE', ( #1482, #6002, #1287, #4780, #3439, #7367, #4013, #6762 ) ) ;
#6569 = DIRECTION ( 'NONE',  ( 2.229998385641999896E-16, -0.2271122129663560585, 0.9738685962292472631 ) ) ;
#6570 = ORIENTED_EDGE ( 'NONE', *, *, #3691, .T. ) ;
#6571 = LINE ( 'NONE', #7955, #2640 ) ;
#6572 = VECTOR ( 'NONE', #2179, 1000.000000000000000 ) ;
#6573 = ORIENTED_EDGE ( 'NONE', *, *, #3617, .F. ) ;
#6574 = CARTESIAN_POINT ( 'NONE',  ( 2.325000000000000178, 1.350000000000000089, 0.1099999999999979605 ) ) ;
#6575 = ORIENTED_EDGE ( 'NONE', *, *, #5732, .T. ) ;
#6576 = VERTEX_POINT ( 'NONE', #6221 ) ;
#6577 = ORIENTED_EDGE ( 'NONE', *, *, #733, .F. ) ;
#6578 = VECTOR ( 'NONE', #1306, 1000.000000000000227 ) ;
#6579 = CARTESIAN_POINT ( 'NONE',  ( -1.425000000000000044, 0.9999999999999988898, 0.05499999999999929251 ) ) ;
#6580 = CARTESIAN_POINT ( 'NONE',  ( 2.174999999999999822, 0.9431866336109969717, 0.06541154699933755812 ) ) ;
#6581 = AXIS2_PLACEMENT_3D ( 'NONE', #6628, #242, #910 ) ;
#6582 = ORIENTED_EDGE ( 'NONE', *, *, #2543, .F. ) ;
#6583 = CARTESIAN_POINT ( 'NONE',  ( -0.3249999999999980127, 0.9999999999999988898, 0.07866077735406400151 ) ) ;
#6584 = ORIENTED_EDGE ( 'NONE', *, *, #5151, .T. ) ;
#6585 = DIRECTION ( 'NONE',  ( 1.000000000000000000, -2.804146475863970139E-32, 2.987057121330055487E-48 ) ) ;
#6586 = CIRCLE ( 'NONE', #5928, 0.04999999999999980849 ) ;
#6587 = ORIENTED_EDGE ( 'NONE', *, *, #4192, .T. ) ;
#6588 = DIRECTION ( 'NONE',  ( 0.000000000000000000, -2.289834988289389802E-16, -1.000000000000000000 ) ) ;
#6589 = EDGE_CURVE ( 'NONE', #5302, #7031, #6136, .T. ) ;
#6590 = CARTESIAN_POINT ( 'NONE',  ( 3.270000000000000462, 1.045602317761259892, 0.3099999999999978884 ) ) ;
#6591 = VERTEX_POINT ( 'NONE', #2976 ) ;
#6592 = VECTOR ( 'NONE', #5852, 1000.000000000000000 ) ;
#6593 = AXIS2_PLACEMENT_3D ( 'NONE', #7166, #5342, #6091 ) ;
#6594 = EDGE_CURVE ( 'NONE', #7714, #7242, #3020, .T. ) ;
#6595 = VERTEX_POINT ( 'NONE', #643 ) ;
#6596 = CARTESIAN_POINT ( 'NONE',  ( 1.350000000000000089, 0.9999999999999988898, 0.3099999999999980549 ) ) ;
#6597 = CARTESIAN_POINT ( 'NONE',  ( -2.765000000000001457, -1.099999999999989653, 0.7199999999999994182 ) ) ;
#6598 = DIRECTION ( 'NONE',  ( 2.289834988289389802E-16, -0.000000000000000000, 1.000000000000000000 ) ) ;
#6599 = DIRECTION ( 'NONE',  ( -2.289834988289389802E-16, 0.000000000000000000, -1.000000000000000000 ) ) ;
#6600 = VERTEX_POINT ( 'NONE', #2580 ) ;
#6601 = LINE ( 'NONE', #1640, #6550 ) ;
#6602 = VECTOR ( 'NONE', #1810, 1000.000000000000000 ) ;
#6603 = CARTESIAN_POINT ( 'NONE',  ( 3.350000000000000089, 0.9499999999999990674, 0.3099999999999978884 ) ) ;
#6604 = CARTESIAN_POINT ( 'NONE',  ( 6.250000000000000000, 1.899999999999999689, 0.9399999999999977263 ) ) ;
#6605 = DIRECTION ( 'NONE',  ( 0.000000000000000000, 0.9990138064662085204, 0.04440061362072379725 ) ) ;
#6606 = EDGE_CURVE ( 'NONE', #7, #1717, #6076, .T. ) ;
#6607 = VECTOR ( 'NONE', #6488, 1000.000000000000000 ) ;
#6608 = ADVANCED_FACE ( 'NONE', ( #5512 ), #3837, .F. ) ;
#6609 = VECTOR ( 'NONE', #7295, 1000.000000000000000 ) ;
#6610 = LINE ( 'NONE', #976, #5009 ) ;
#6611 = CARTESIAN_POINT ( 'NONE',  ( 2.765000000000000124, -0.6000000000000009770, 0.6899999999999981704 ) ) ;
#6612 = DIRECTION ( 'NONE',  ( 1.000000000000000000, 0.000000000000000000, -2.289834988289389802E-16 ) ) ;
#6613 = DIRECTION ( 'NONE',  ( -1.619157848017760137E-16, 0.7071067811864969466, -0.7071067811865980879 ) ) ;
#6614 = ORIENTED_EDGE ( 'NONE', *, *, #942, .T. ) ;
#6615 = DIRECTION ( 'NONE',  ( -2.232893331421829163E-16, 0.2216211035889688874, -0.9751328557914595851 ) ) ;
#6616 = CARTESIAN_POINT ( 'NONE',  ( -0.3249999999999980127, 0.9431866336109966387, 0.06541154699933837691 ) ) ;
#6617 = EDGE_CURVE ( 'NONE', #7517, #5610, #3603, .T. ) ;
#6618 = AXIS2_PLACEMENT_3D ( 'NONE', #1573, #4221, #6695 ) ;
#6619 = VECTOR ( 'NONE', #7280, 1000.000000000000341 ) ;
#6620 = VERTEX_POINT ( 'NONE', #3646 ) ;
#6621 = DIRECTION ( 'NONE',  ( -0.000000000000000000, -1.065228634467009955E-16, -1.000000000000000000 ) ) ;
#6622 = ORIENTED_EDGE ( 'NONE', *, *, #7758, .F. ) ;
#6623 = VERTEX_POINT ( 'NONE', #6364 ) ;
#6624 = VERTEX_POINT ( 'NONE', #1897 ) ;
#6625 = LINE ( 'NONE', #7963, #8077 ) ;
#6626 = DIRECTION ( 'NONE',  ( -2.289834988289389802E-16, 0.000000000000000000, -1.000000000000000000 ) ) ;
#6627 = ORIENTED_EDGE ( 'NONE', *, *, #5487, .T. ) ;
#6628 = CARTESIAN_POINT ( 'NONE',  ( -0.3374999999999980238, 0.9199999999999990408, 0.07999999999999909961 ) ) ;
#6629 = VERTEX_POINT ( 'NONE', #4887 ) ;
#6630 = FACE_OUTER_BOUND ( 'NONE', #2722, .T. ) ;
#6631 = APPLICATION_PROTOCOL_DEFINITION ( 'draft international standard', 'automotive_design', 1998, #7191 ) ;
#6632 = VERTEX_POINT ( 'NONE', #7645 ) ;
#6633 = CARTESIAN_POINT ( 'NONE',  ( 1.675000000000000044, 1.249999999999990008, -1.443289932012699953E-15 ) ) ;
#6634 = CARTESIAN_POINT ( 'NONE',  ( 3.500000000000001332, 0.9999999999999988898, 0.9999999999999985567 ) ) ;
#6635 = VERTEX_POINT ( 'NONE', #4277 ) ;
#6636 = ORIENTED_EDGE ( 'NONE', *, *, #2913, .T. ) ;
#6637 = DIRECTION ( 'NONE',  ( 1.000000000000000000, 0.000000000000000000, -2.289834988289389802E-16 ) ) ;
#6638 = CARTESIAN_POINT ( 'NONE',  ( -1.324999999999999956, 1.245779075397750235, 0.1705002310154649925 ) ) ;
#6639 = AXIS2_PLACEMENT_3D ( 'NONE', #6430, #794, #2011 ) ;
#6640 = CARTESIAN_POINT ( 'NONE',  ( 2.174999999999999822, 1.350000000000000089, 0.1599999999999980049 ) ) ;
#6641 = DIRECTION ( 'NONE',  ( 2.289834988289389802E-16, -0.000000000000000000, 1.000000000000000000 ) ) ;
#6642 = ORIENTED_EDGE ( 'NONE', *, *, #5802, .T. ) ;
#6643 = CARTESIAN_POINT ( 'NONE',  ( 3.265000000000000124, -1.749999999999990008, 0.3978428499183340183 ) ) ;
#6644 = LINE ( 'NONE', #4299, #4753 ) ;
#6645 = CARTESIAN_POINT ( 'NONE',  ( -0.8249999999999980682, 1.349999999999999867, 0.3099999999999987210 ) ) ;
#6646 = ADVANCED_FACE ( 'NONE', ( #2540 ), #5079, .T. ) ;
#6647 = CARTESIAN_POINT ( 'NONE',  ( -0.3999999999999993561, 0.8499999999999989786, 0.07999999999999937716 ) ) ;
#6648 = CARTESIAN_POINT ( 'NONE',  ( 0.1750000000000009603, 1.249999999999990008, -1.002887009549091601E-15 ) ) ;
#6649 = CARTESIAN_POINT ( 'NONE',  ( 1.662500000000000089, 0.9199999999999990408, 0.07999999999999850286 ) ) ;
#6650 = DIRECTION ( 'NONE',  ( -2.289834988289389802E-16, 0.000000000000000000, -1.000000000000000000 ) ) ;
#6651 = DIRECTION ( 'NONE',  ( 0.2163711612039608823, -0.9520331092974130272, -0.2163711612039584953 ) ) ;
#6652 = EDGE_CURVE ( 'NONE', #5710, #7824, #1039, .T. ) ;
#6653 = VERTEX_POINT ( 'NONE', #15 ) ;
#6654 = CARTESIAN_POINT ( 'NONE',  ( -47.10249999999999915, 0.6999999999999990674, 0.03000000000000963007 ) ) ;
#6655 = PLANE ( 'NONE',  #6948 ) ;
#6656 = LINE ( 'NONE', #4177, #6106 ) ;
#6657 = EDGE_CURVE ( 'NONE', #7415, #6266, #678, .T. ) ;
#6658 = EDGE_CURVE ( 'NONE', #6811, #5514, #8093, .T. ) ;
#6659 = VECTOR ( 'NONE', #4108, 1000.000000000000000 ) ;
#6660 = ORIENTED_EDGE ( 'NONE', *, *, #5927, .T. ) ;
#6661 = LINE ( 'NONE', #945, #3160 ) ;
#6662 = EDGE_CURVE ( 'NONE', #6595, #7037, #2303, .T. ) ;
#6664 = VERTEX_POINT ( 'NONE', #1663 ) ;
#6663 = ORIENTED_EDGE ( 'NONE', *, *, #3914, .F. ) ;
#6665 = EDGE_LOOP ( 'NONE', ( #8166, #4778, #3033, #5631, #7082, #3842 ) ) ;
#6666 = ORIENTED_EDGE ( 'NONE', *, *, #5599, .F. ) ;
#6667 = CARTESIAN_POINT ( 'NONE',  ( -3.115000000000000213, -1.799999999999990274, 0.4199999999999999845 ) ) ;
#6668 = DIRECTION ( 'NONE',  ( -2.289834988289389802E-16, 0.000000000000000000, -1.000000000000000000 ) ) ;
#6669 = ORIENTED_EDGE ( 'NONE', *, *, #156, .T. ) ;
#6670 = ORIENTED_EDGE ( 'NONE', *, *, #5280, .T. ) ;
#6671 = DIRECTION ( 'NONE',  ( 5.243344273594249610E-32, 1.000000000000000000, -1.200639317332292868E-47 ) ) ;
#6672 = DIRECTION ( 'NONE',  ( 1.000000000000000000, 0.000000000000000000, 0.000000000000000000 ) ) ;
#6673 = EDGE_LOOP ( 'NONE', ( #1955, #1161, #5293, #4163 ) ) ;
#6674 = LINE ( 'NONE', #7969, #4356 ) ;
#6675 = DIRECTION ( 'NONE',  ( 5.243344273594249610E-32, 1.000000000000000000, -1.200639317332292868E-47 ) ) ;
#6676 = VERTEX_POINT ( 'NONE', #4232 ) ;
#6677 = VERTEX_POINT ( 'NONE', #4080 ) ;
#6678 = CARTESIAN_POINT ( 'NONE',  ( 3.102500000000000036, -1.000000000000000000, 0.3299999999999979616 ) ) ;
#6679 = PLANE ( 'NONE',  #2149 ) ;
#6680 = DIRECTION ( 'NONE',  ( -1.000000000000000000, 0.000000000000000000, -0.000000000000000000 ) ) ;
#6681 = PLANE ( 'NONE',  #6235 ) ;
#6682 = VERTEX_POINT ( 'NONE', #2736 ) ;
#6683 = ORIENTED_EDGE ( 'NONE', *, *, #694, .T. ) ;
#6684 = DIRECTION ( 'NONE',  ( 0.000000000000000000, 0.000000000000000000, -1.000000000000000000 ) ) ;
#6685 = CARTESIAN_POINT ( 'NONE',  ( 2.325000000000000178, 0.9999999999999988898, 0.07999999999999810041 ) ) ;
#6686 = LINE ( 'NONE', #6561, #7507 ) ;
#6687 = LINE ( 'NONE', #6647, #3173 ) ;
#6688 = AXIS2_PLACEMENT_3D ( 'NONE', #926, #6022, #3822 ) ;
#6689 = LINE ( 'NONE', #5536, #6458 ) ;
#6690 = DIRECTION ( 'NONE',  ( 0.000000000000000000, 0.000000000000000000, -1.000000000000000000 ) ) ;
#6691 = DIRECTION ( 'NONE',  ( 1.485862475258599639E-32, -1.000000000000000000, 6.488950002325740340E-17 ) ) ;
#6692 = CARTESIAN_POINT ( 'NONE',  ( 1.824999999999999956, 0.9199999999999866063, 0.03619548911246038558 ) ) ;
#6693 = VERTEX_POINT ( 'NONE', #3362 ) ;
#6694 = LINE ( 'NONE', #3497, #5099 ) ;
#6695 = DIRECTION ( 'NONE',  ( 0.000000000000000000, 0.000000000000000000, -1.000000000000000000 ) ) ;
#6696 = EDGE_CURVE ( 'NONE', #138, #3616, #7811, .T. ) ;
#6697 = EDGE_CURVE ( 'NONE', #1750, #5894, #7800, .T. ) ;
#6698 = ORIENTED_EDGE ( 'NONE', *, *, #3633, .F. ) ;
#6699 = FACE_OUTER_BOUND ( 'NONE', #2927, .T. ) ;
#6701 = ORIENTED_EDGE ( 'NONE', *, *, #4375, .F. ) ;
#6700 = ORIENTED_EDGE ( 'NONE', *, *, #3021, .T. ) ;
#6702 = ORIENTED_EDGE ( 'NONE', *, *, #7987, .F. ) ;
#6703 = ORIENTED_EDGE ( 'NONE', *, *, #551, .F. ) ;
#6704 = CYLINDRICAL_SURFACE ( 'NONE', #6593, 0.05000000000000070360 ) ;
#6705 = CIRCLE ( 'NONE', #7233, 0.02999999999999989828 ) ;
#6706 = DIRECTION ( 'NONE',  ( -0.000000000000000000, -1.065228634467009955E-16, -1.000000000000000000 ) ) ;
#6707 = EDGE_CURVE ( 'NONE', #5426, #4853, #1475, .T. ) ;
#6708 = EDGE_CURVE ( 'NONE', #5057, #2778, #2888, .T. ) ;
#6709 = VECTOR ( 'NONE', #2688, 1000.000000000000000 ) ;
#6710 = VECTOR ( 'NONE', #655, 1000.000000000000000 ) ;
#6711 = ORIENTED_EDGE ( 'NONE', *, *, #1346, .F. ) ;
#6712 = ORIENTED_EDGE ( 'NONE', *, *, #2593, .F. ) ;
#6713 = DIRECTION ( 'NONE',  ( -5.326143172335044846E-17, -1.000000000000000000, 5.326143172335112639E-17 ) ) ;
#6714 = ORIENTED_EDGE ( 'NONE', *, *, #373, .F. ) ;
#6715 = DIRECTION ( 'NONE',  ( 1.000000000000000000, -5.243344273594249610E-32, -2.289834988289389802E-16 ) ) ;
#6716 = FACE_OUTER_BOUND ( 'NONE', #3059, .T. ) ;
#6717 = ORIENTED_EDGE ( 'NONE', *, *, #3731, .T. ) ;
#6718 = EDGE_CURVE ( 'NONE', #2714, #2183, #3911, .T. ) ;
#6719 = EDGE_CURVE ( 'NONE', #6591, #7170, #5936, .T. ) ;
#6720 = VECTOR ( 'NONE', #6164, 1000.000000000000114 ) ;
#6721 = ORIENTED_EDGE ( 'NONE', *, *, #184, .F. ) ;
#6722 = DIRECTION ( 'NONE',  ( -1.000000000000000000, -0.000000000000000000, 2.289834988289389802E-16 ) ) ;
#6723 = LINE ( 'NONE', #7266, #1051 ) ;
#6724 = CARTESIAN_POINT ( 'NONE',  ( 3.115000000000000213, -1.824999999999989964, 0.1699999999999979861 ) ) ;
#6725 = VERTEX_POINT ( 'NONE', #5278 ) ;
#6726 = ORIENTED_EDGE ( 'NONE', *, *, #4466, .T. ) ;
#6727 = DIRECTION ( 'NONE',  ( 5.243344273594249610E-32, 1.000000000000000000, -1.200639317332292868E-47 ) ) ;
#6728 = ORIENTED_EDGE ( 'NONE', *, *, #1958, .F. ) ;
#6729 = VECTOR ( 'NONE', #4829, 1000.000000000000000 ) ;
#6730 = DIRECTION ( 'NONE',  ( -5.243344273594249610E-32, -1.000000000000000000, 1.200639317332292868E-47 ) ) ;
#6731 = LINE ( 'NONE', #7274, #3133 ) ;
#6732 = CARTESIAN_POINT ( 'NONE',  ( 2.100000000000000533, 0.8499999999999999778, 0.07999999999999848899 ) ) ;
#6733 = AXIS2_PLACEMENT_3D ( 'NONE', #3941, #3353, #2569 ) ;
#6734 = LINE ( 'NONE', #8030, #6067 ) ;
#6735 = CARTESIAN_POINT ( 'NONE',  ( -1.824999999999999956, 1.299999999999990274, 0.1705002310154649925 ) ) ;
#6736 = CARTESIAN_POINT ( 'NONE',  ( -2.785000000000000586, -1.800000000000000044, 1.000000000000000222 ) ) ;
#6737 = DIRECTION ( 'NONE',  ( -1.000000000000000000, 0.000000000000000000, 2.289834988289389802E-16 ) ) ;
#6738 = VECTOR ( 'NONE', #2129, 1000.000000000000000 ) ;
#6739 = ORIENTED_EDGE ( 'NONE', *, *, #4466, .F. ) ;
#6740 = CARTESIAN_POINT ( 'NONE',  ( 1.675000000000000044, 1.299999999999999378, 0.1099999999999980160 ) ) ;
#6741 = DIRECTION ( 'NONE',  ( -1.000000000000000000, 2.804146475863970139E-32, -2.987057121330055487E-48 ) ) ;
#6742 = VECTOR ( 'NONE', #5912, 999.9999999999998863 ) ;
#6743 = VECTOR ( 'NONE', #1205, 1000.000000000000000 ) ;
#6744 = VECTOR ( 'NONE', #1951, 1000.000000000000000 ) ;
#6745 = ORIENTED_EDGE ( 'NONE', *, *, #7917, .F. ) ;
#6746 = VECTOR ( 'NONE', #5621, 1000.000000000000000 ) ;
#6747 = LINE ( 'NONE', #1033, #8206 ) ;
#6749 = ORIENTED_EDGE ( 'NONE', *, *, #160, .T. ) ;
#6748 = EDGE_LOOP ( 'NONE', ( #5769, #7501, #2669, #5434 ) ) ;
#6750 = ORIENTED_EDGE ( 'NONE', *, *, #4018, .F. ) ;
#6751 = VECTOR ( 'NONE', #1021, 1000.000000000000000 ) ;
#6752 = ORIENTED_EDGE ( 'NONE', *, *, #5237, .T. ) ;
#6753 = VECTOR ( 'NONE', #3960, 1000.000000000000000 ) ;
#6754 = DIRECTION ( 'NONE',  ( 0.000000000000000000, 0.000000000000000000, -1.000000000000000000 ) ) ;
#6755 = CARTESIAN_POINT ( 'NONE',  ( -3.219999999999998863, 0.4807106781186549216, 0.9400000000000003908 ) ) ;
#6756 = ADVANCED_FACE ( 'NONE', ( #168 ), #1386, .T. ) ;
#6757 = VECTOR ( 'NONE', #5740, 1000.000000000000114 ) ;
#6758 = ORIENTED_EDGE ( 'NONE', *, *, #6773, .F. ) ;
#6759 = EDGE_LOOP ( 'NONE', ( #567, #6700, #1035, #2298 ) ) ;
#6760 = CARTESIAN_POINT ( 'NONE',  ( 1.824999999999999956, 1.249999999999990008, -1.544988095791843818E-15 ) ) ;
#6761 = EDGE_CURVE ( 'NONE', #5483, #4862, #2105, .T. ) ;
#6762 = ORIENTED_EDGE ( 'NONE', *, *, #7261, .T. ) ;
#6763 = CARTESIAN_POINT ( 'NONE',  ( -1.175000000000000044, 0.9999999999999988898, 0.07866077735406430682 ) ) ;
#6764 = CARTESIAN_POINT ( 'NONE',  ( -1.324999999999999956, 0.9431866336109966387, 0.06541154699933857120 ) ) ;
#6765 = ORIENTED_EDGE ( 'NONE', *, *, #8149, .T. ) ;
#6766 = ADVANCED_FACE ( 'NONE', ( #2055 ), #6482, .T. ) ;
#6767 = EDGE_CURVE ( 'NONE', #2761, #4453, #1517, .T. ) ;
#6768 = VERTEX_POINT ( 'NONE', #5859 ) ;
#6769 = VECTOR ( 'NONE', #311, 1000.000000000000000 ) ;
#6770 = DIRECTION ( 'NONE',  ( 0.000000000000000000, 0.9751328557914595851, 0.2216211035889688874 ) ) ;
#6771 = DIRECTION ( 'NONE',  ( 0.000000000000000000, -0.9971993098884563977, 0.07478994824163433253 ) ) ;
#6772 = CARTESIAN_POINT ( 'NONE',  ( 1.324999999999999956, 1.350000000000000089, 0.1599999999999988376 ) ) ;
#6773 = EDGE_CURVE ( 'NONE', #7831, #111, #95, .T. ) ;
#6774 = ORIENTED_EDGE ( 'NONE', *, *, #731, .T. ) ;
#6775 = VERTEX_POINT ( 'NONE', #52 ) ;
#6776 = CARTESIAN_POINT ( 'NONE',  ( -1.324999999999999956, 0.9999999999999988898, 0.07866077735406430682 ) ) ;
#6777 = ORIENTED_EDGE ( 'NONE', *, *, #7728, .F. ) ;
#6778 = LINE ( 'NONE', #6685, #3027 ) ;
#6779 = FACE_OUTER_BOUND ( 'NONE', #1458, .T. ) ;
#6780 = CARTESIAN_POINT ( 'NONE',  ( 1.824999999999999956, 1.249999999999988676, -1.457673680834349245E-16 ) ) ;
#6781 = VECTOR ( 'NONE', #4451, 1000.000000000000227 ) ;
#6782 = FACE_OUTER_BOUND ( 'NONE', #3733, .T. ) ;
#6783 = CARTESIAN_POINT ( 'NONE',  ( -0.5499999999999977129, 0.6999999999999990674, 0.02999999999999927724 ) ) ;
#6784 = CARTESIAN_POINT ( 'NONE',  ( 0.5749999999999999556, 0.8499999999999989786, 0.05499999999999879985 ) ) ;
#6785 = LINE ( 'NONE', #3005, #6474 ) ;
#6786 = ORIENTED_EDGE ( 'NONE', *, *, #2438, .F. ) ;
#6787 = DIRECTION ( 'NONE',  ( 1.000000000000000000, 0.000000000000000000, -2.289834988289389802E-16 ) ) ;
#6788 = CARTESIAN_POINT ( 'NONE',  ( -0.6749999999999980460, 0.9999999999999988898, 0.1705002310154649925 ) ) ;
#6789 = VECTOR ( 'NONE', #7749, 1000.000000000000000 ) ;
#6790 = ORIENTED_EDGE ( 'NONE', *, *, #8094, .F. ) ;
#6791 = DIRECTION ( 'NONE',  ( -1.000000000000000000, 5.243344273594249610E-32, 2.289834988289389802E-16 ) ) ;
#6792 = CARTESIAN_POINT ( 'NONE',  ( -1.824999999999999956, 1.299999999999990274, 0.05000000000000019706 ) ) ;
#6793 = EDGE_LOOP ( 'NONE', ( #2272, #5602, #8008, #5750, #1014, #2311, #2630, #7566, #2341, #8122, #3372, #4564, #8040, #6409, #2071, #416, #3038, #5730 ) ) ;
#6794 = VERTEX_POINT ( 'NONE', #2662 ) ;
#6795 = ORIENTED_EDGE ( 'NONE', *, *, #6211, .F. ) ;
#6796 = CARTESIAN_POINT ( 'NONE',  ( 2.325000000000000178, 0.9999999999999988898, 0.3099999999999979994 ) ) ;
#6797 = CARTESIAN_POINT ( 'NONE',  ( -0.9250000000000000444, 0.8499999999999999778, 0.05499999999999920230 ) ) ;
#6798 = VECTOR ( 'NONE', #7083, 1000.000000000000000 ) ;
#6799 = EDGE_CURVE ( 'NONE', #5635, #5308, #4612, .T. ) ;
#6800 = ORIENTED_EDGE ( 'NONE', *, *, #331, .F. ) ;
#6801 = EDGE_CURVE ( 'NONE', #2761, #7652, #1979, .T. ) ;
#6802 = EDGE_LOOP ( 'NONE', ( #6133, #347, #895, #2507 ) ) ;
#6803 = DIRECTION ( 'NONE',  ( -1.000000000000000000, 5.243344273594249610E-32, 2.289834988289389802E-16 ) ) ;
#6804 = VERTEX_POINT ( 'NONE', #4538 ) ;
#6805 = CARTESIAN_POINT ( 'NONE',  ( -1.824999999999999956, 0.9431866336109969717, 0.06541154699933869610 ) ) ;
#6806 = CARTESIAN_POINT ( 'NONE',  ( -0.8249999999999979572, 1.249999999999988232, 5.759824041329245264E-16 ) ) ;
#6807 = ORIENTED_EDGE ( 'NONE', *, *, #7884, .F. ) ;
#6808 = ADVANCED_FACE ( 'NONE', ( #7059 ), #1350, .T. ) ;
#6809 = VECTOR ( 'NONE', #6061, 1000.000000000000114 ) ;
#6810 = EDGE_CURVE ( 'NONE', #450, #6989, #131, .T. ) ;
#6811 = VERTEX_POINT ( 'NONE', #2015 ) ;
#6812 = EDGE_CURVE ( 'NONE', #7007, #4916, #4573, .T. ) ;
#6813 = DIRECTION ( 'NONE',  ( -2.289834988289389802E-16, 0.000000000000000000, -1.000000000000000000 ) ) ;
#6814 = CARTESIAN_POINT ( 'NONE',  ( -47.10249999999999915, 0.6999999999999990674, 0.03000000000000963007 ) ) ;
#6815 = CARTESIAN_POINT ( 'NONE',  ( -2.174999999999999822, 1.350000000000000089, 0.1705002310154649925 ) ) ;
#6816 = ORIENTED_EDGE ( 'NONE', *, *, #4438, .F. ) ;
#6817 = LINE ( 'NONE', #6896, #1361 ) ;
#6818 = ORIENTED_EDGE ( 'NONE', *, *, #5955, .T. ) ;
#6819 = CARTESIAN_POINT ( 'NONE',  ( -2.764999999999999680, -1.780000000000000693, 0.8933333333333345339 ) ) ;
#6820 = LINE ( 'NONE', #3666, #1654 ) ;
#6821 = EDGE_CURVE ( 'NONE', #2148, #1032, #6778, .T. ) ;
#6822 = DIRECTION ( 'NONE',  ( 2.439197797730288502E-32, -1.000000000000000000, 1.065228634467009955E-16 ) ) ;
#6823 = ADVANCED_FACE ( 'NONE', ( #5492 ), #4743, .F. ) ;
#6824 = CARTESIAN_POINT ( 'NONE',  ( 3.027499999999999858, -1.824999999999999956, 0.6149999999999979927 ) ) ;
#6825 = CYLINDRICAL_SURFACE ( 'NONE', #2932, 0.02999999999999989828 ) ;
#6826 = CARTESIAN_POINT ( 'NONE',  ( 0.6625000000000019762, 0.9999999999999988898, 0.07999999999999871103 ) ) ;
#6827 = ORIENTED_EDGE ( 'NONE', *, *, #4430, .F. ) ;
#6828 = CARTESIAN_POINT ( 'NONE',  ( 2.325000000000000178, 0.9999999999999988898, 0.3099999999999979994 ) ) ;
#6829 = DIRECTION ( 'NONE',  ( -1.000000000000000000, 0.000000000000000000, 2.289834988289389802E-16 ) ) ;
#6830 = AXIS2_PLACEMENT_3D ( 'NONE', #4611, #1385, #7686 ) ;
#6831 = ORIENTED_EDGE ( 'NONE', *, *, #2122, .T. ) ;
#6832 = PLANE ( 'NONE',  #1131 ) ;
#6833 = DIRECTION ( 'NONE',  ( 1.000000000000000000, -5.243344273594249610E-32, -2.289834988289389802E-16 ) ) ;
#6834 = ORIENTED_EDGE ( 'NONE', *, *, #5226, .T. ) ;
#6835 = EDGE_LOOP ( 'NONE', ( #870, #5506, #3770, #1674 ) ) ;
#6836 = ORIENTED_EDGE ( 'NONE', *, *, #7608, .F. ) ;
#6837 = CARTESIAN_POINT ( 'NONE',  ( -2.784999999999999254, -1.800000000000000266, 0.9199999999999940448 ) ) ;
#6838 = LINE ( 'NONE', #7422, #6472 ) ;
#6839 = DIRECTION ( 'NONE',  ( 2.289834988289389802E-16, -0.000000000000000000, 1.000000000000000000 ) ) ;
#6840 = ORIENTED_EDGE ( 'NONE', *, *, #1574, .F. ) ;
#6841 = ORIENTED_EDGE ( 'NONE', *, *, #6662, .F. ) ;
#6842 = CARTESIAN_POINT ( 'NONE',  ( 0.1750000000000009881, 0.9199999999999860512, -8.881784197001250351E-16 ) ) ;
#6843 = VECTOR ( 'NONE', #5840, 1000.000000000000000 ) ;
#6844 = ORIENTED_EDGE ( 'NONE', *, *, #2804, .F. ) ;
#6845 = FACE_OUTER_BOUND ( 'NONE', #5427, .T. ) ;
#6846 = CARTESIAN_POINT ( 'NONE',  ( 2.162500000000000089, 0.9999999999999988898, 0.07999999999999810041 ) ) ;
#6847 = VERTEX_POINT ( 'NONE', #2864 ) ;
#6848 = AXIS2_PLACEMENT_3D ( 'NONE', #1224, #6242, #6116 ) ;
#6849 = ORIENTED_EDGE ( 'NONE', *, *, #5642, .F. ) ;
#6850 = CARTESIAN_POINT ( 'NONE',  ( -3.265000000000000124, -1.050000000000000044, 0.4600000000000000200 ) ) ;
#6851 = CARTESIAN_POINT ( 'NONE',  ( 0.3250000000000020095, 0.9199999999999866063, 0.03619548911246078110 ) ) ;
#6852 = CARTESIAN_POINT ( 'NONE',  ( 3.115000000000000213, -1.799999999999990274, 0.4199999999999990408 ) ) ;
#6853 = ORIENTED_EDGE ( 'NONE', *, *, #6547, .T. ) ;
#6854 = VECTOR ( 'NONE', #2596, 1000.000000000000114 ) ;
#6855 = CARTESIAN_POINT ( 'NONE',  ( -3.299999999999999822, 0.8999999999999980238, 0.3099999999999999423 ) ) ;
#6856 = DIRECTION ( 'NONE',  ( -0.7071067811865520136, 0.000000000000000000, 0.7071067811865431318 ) ) ;
#6857 = ADVANCED_FACE ( 'NONE', ( #4825 ), #1063, .F. ) ;
#6858 = AXIS2_PLACEMENT_3D ( 'NONE', #683, #7066, #3963 ) ;
#6859 = CARTESIAN_POINT ( 'NONE',  ( 2.325000000000000178, 0.9999999999999988898, 0.07999999999999760081 ) ) ;
#6860 = DIRECTION ( 'NONE',  ( 1.000000000000000000, -5.243344273594249610E-32, -2.289834988289389802E-16 ) ) ;
#6861 = VECTOR ( 'NONE', #8154, 1000.000000000000000 ) ;
#6862 = DIRECTION ( 'NONE',  ( -1.000000000000000000, 5.243344273594249610E-32, 2.289834988289389802E-16 ) ) ;
#6863 = CARTESIAN_POINT ( 'NONE',  ( -2.100000000000000089, 0.9199999999999992628, 0.07999999999999943268 ) ) ;
#6864 = VERTEX_POINT ( 'NONE', #7894 ) ;
#6865 = DIRECTION ( 'NONE',  ( 2.439197797730288502E-32, -1.000000000000000000, 1.065228634467009955E-16 ) ) ;
#6866 = VECTOR ( 'NONE', #3345, 1000.000000000000000 ) ;
#6867 = EDGE_CURVE ( 'NONE', #460, #3270, #5454, .T. ) ;
#6868 = PLANE ( 'NONE',  #2912 ) ;
#6869 = ADVANCED_FACE ( 'NONE', ( #8025 ), #2955, .F. ) ;
#6870 = AXIS2_PLACEMENT_3D ( 'NONE', #1436, #2627, #4002 ) ;
#6871 = AXIS2_PLACEMENT_3D ( 'NONE', #6156, #430, #2995 ) ;
#6872 = ORIENTED_EDGE ( 'NONE', *, *, #6006, .T. ) ;
#6873 = CARTESIAN_POINT ( 'NONE',  ( 1.175000000000000044, 0.9199999999999860512, 0.03619548911246060763 ) ) ;
#6874 = CARTESIAN_POINT ( 'NONE',  ( -1.550000000000002709, 0.9999999999999988898, 0.02999999999999916622 ) ) ;
#6875 = VERTEX_POINT ( 'NONE', #4122 ) ;
#6876 = ORIENTED_EDGE ( 'NONE', *, *, #1962, .F. ) ;
#6877 = VECTOR ( 'NONE', #2787, 1000.000000000000000 ) ;
#6878 = ORIENTED_EDGE ( 'NONE', *, *, #4057, .F. ) ;
#6879 = EDGE_CURVE ( 'NONE', #6847, #6322, #6644, .T. ) ;
#6880 = VECTOR ( 'NONE', #3335, 1000.000000000000000 ) ;
#6881 = DIRECTION ( 'NONE',  ( 0.000000000000000000, 0.000000000000000000, 1.000000000000000000 ) ) ;
#6882 = AXIS2_PLACEMENT_3D ( 'NONE', #4496, #2457, #7641 ) ;
#6883 = VECTOR ( 'NONE', #3061, 1000.000000000000000 ) ;
#6884 = FACE_OUTER_BOUND ( 'NONE', #4310, .T. ) ;
#6885 = LINE ( 'NONE', #5600, #4866 ) ;
#6886 = ORIENTED_EDGE ( 'NONE', *, *, #7627, .T. ) ;
#6887 = VERTEX_POINT ( 'NONE', #5362 ) ;
#6888 = FACE_OUTER_BOUND ( 'NONE', #7685, .T. ) ;
#6889 = VERTEX_POINT ( 'NONE', #3626 ) ;
#6890 = DIRECTION ( 'NONE',  ( -2.289834988289389802E-16, 0.000000000000000000, -1.000000000000000000 ) ) ;
#6891 = FACE_OUTER_BOUND ( 'NONE', #7478, .T. ) ;
#6892 = VECTOR ( 'NONE', #217, 1000.000000000000000 ) ;
#6893 = EDGE_LOOP ( 'NONE', ( #6943, #7235, #4824, #1869 ) ) ;
#6894 = CARTESIAN_POINT ( 'NONE',  ( 3.265000000000000124, 0.7999999999999990452, 0.8199999999999979527 ) ) ;
#6895 = FACE_OUTER_BOUND ( 'NONE', #2880, .T. ) ;
#6896 = CARTESIAN_POINT ( 'NONE',  ( -3.500000000000000000, 0.9999999999999988898, 0.8416139999999999732 ) ) ;
#6897 = FACE_OUTER_BOUND ( 'NONE', #4328, .T. ) ;
#6898 = PLANE ( 'NONE',  #312 ) ;
#6899 = DIRECTION ( 'NONE',  ( -1.000000000000000000, 2.804146475863970139E-32, -2.987057121330055487E-48 ) ) ;
#6900 = DIRECTION ( 'NONE',  ( 1.000000000000000000, -1.144917494144696380E-16, -1.144917494144614043E-16 ) ) ;
#6901 = CARTESIAN_POINT ( 'NONE',  ( 1.175000000000000044, 0.9499999999999869660, 0.03619548911246060763 ) ) ;
#6902 = DIRECTION ( 'NONE',  ( -1.000000000000000000, 2.804146475863970139E-32, -2.987057121330055487E-48 ) ) ;
#6903 = ORIENTED_EDGE ( 'NONE', *, *, #66, .T. ) ;
#6904 = EDGE_CURVE ( 'NONE', #196, #4922, #7397, .T. ) ;
#6905 = DIRECTION ( 'NONE',  ( 5.243344273594249610E-32, 1.000000000000000000, -1.200639317332292868E-47 ) ) ;
#6906 = DIRECTION ( 'NONE',  ( -2.289834988289389802E-16, -2.289834988289389802E-16, -1.000000000000000000 ) ) ;
#6907 = VECTOR ( 'NONE', #5109, 1000.000000000000000 ) ;
#6908 = EDGE_CURVE ( 'NONE', #1532, #4287, #3584, .T. ) ;
#6909 = ADVANCED_FACE ( 'NONE', ( #2242 ), #1692, .T. ) ;
#6910 = ORIENTED_EDGE ( 'NONE', *, *, #4726, .T. ) ;
#6911 = CARTESIAN_POINT ( 'NONE',  ( -4.325000000000000178, 0.8999999999999990230, 0.8400000000000107381 ) ) ;
#6912 = DIRECTION ( 'NONE',  ( 1.000000000000000000, -5.243344273594249610E-32, -2.289834988289389802E-16 ) ) ;
#6913 = VERTEX_POINT ( 'NONE', #6819 ) ;
#6914 = EDGE_CURVE ( 'NONE', #2371, #8195, #2822, .T. ) ;
#6915 = ORIENTED_EDGE ( 'NONE', *, *, #3222, .F. ) ;
#6916 = VERTEX_POINT ( 'NONE', #7352 ) ;
#6917 = LINE ( 'NONE', #8168, #6743 ) ;
#6918 = EDGE_CURVE ( 'NONE', #3176, #6924, #6115, .T. ) ;
#6919 = FACE_OUTER_BOUND ( 'NONE', #327, .T. ) ;
#6920 = CARTESIAN_POINT ( 'NONE',  ( -0.8249999999999979572, 1.245779075397750235, 0.1705002310154649925 ) ) ;
#6921 = ORIENTED_EDGE ( 'NONE', *, *, #6538, .T. ) ;
#6922 = ORIENTED_EDGE ( 'NONE', *, *, #787, .T. ) ;
#6923 = DIRECTION ( 'NONE',  ( 5.326143172335040532E-17, -1.000000000000000000, 5.326143172335033136E-17 ) ) ;
#6924 = VERTEX_POINT ( 'NONE', #7983 ) ;
#6925 = DIRECTION ( 'NONE',  ( 0.000000000000000000, 1.065228634467009955E-16, 1.000000000000000000 ) ) ;
#6926 = CARTESIAN_POINT ( 'NONE',  ( 3.115000000000000213, -1.900000000000000133, 0.8199999999999982858 ) ) ;
#6927 = ORIENTED_EDGE ( 'NONE', *, *, #1725, .T. ) ;
#6928 = CARTESIAN_POINT ( 'NONE',  ( 3.265000000000000124, -1.550000000000000266, -1.945919250629580039E-15 ) ) ;
#6929 = CARTESIAN_POINT ( 'NONE',  ( 1.400000000000000133, 0.9999999999999988898, 0.07999999999999840572 ) ) ;
#6930 = DIRECTION ( 'NONE',  ( 2.289834988289389802E-16, -0.000000000000000000, 1.000000000000000000 ) ) ;
#6931 = DIRECTION ( 'NONE',  ( 1.000000000000000000, -5.243344273594249610E-32, -2.289834988289389802E-16 ) ) ;
#6932 = PLANE ( 'NONE',  #7906 ) ;
#6933 = VECTOR ( 'NONE', #7389, 1000.000000000000000 ) ;
#6934 = ORIENTED_EDGE ( 'NONE', *, *, #7377, .T. ) ;
#6935 = CARTESIAN_POINT ( 'NONE',  ( 1.675000000000000044, 1.299999999999990274, 0.04999999999999919092 ) ) ;
#6936 = CARTESIAN_POINT ( 'NONE',  ( 0.6750000000000010436, 0.9199999999999870504, 0.1705002310154649925 ) ) ;
#6937 = PLANE ( 'NONE',  #2260 ) ;
#6938 = LINE ( 'NONE', #6361, #8211 ) ;
#6939 = VERTEX_POINT ( 'NONE', #5408 ) ;
#6940 = LINE ( 'NONE', #7605, #3365 ) ;
#6941 = CARTESIAN_POINT ( 'NONE',  ( -1.449999999999999734, 0.9999999999999988898, 0.03000000000000073788 ) ) ;
#6942 = ADVANCED_FACE ( 'NONE', ( #4260 ), #3534, .T. ) ;
#6943 = ORIENTED_EDGE ( 'NONE', *, *, #1170, .T. ) ;
#6944 = DIRECTION ( 'NONE',  ( -1.000000000000000000, 0.000000000000000000, 2.289834988289389802E-16 ) ) ;
#6945 = CARTESIAN_POINT ( 'NONE',  ( 3.102500000000000036, 0.07493623042063711492, 0.4028473352920770023 ) ) ;
#6946 = EDGE_LOOP ( 'NONE', ( #4675, #3909, #3688, #6910, #5530, #5111, #6749, #1577, #2301, #1904, #5007 ) ) ;
#6947 = ORIENTED_EDGE ( 'NONE', *, *, #4727, .T. ) ;
#6948 = AXIS2_PLACEMENT_3D ( 'NONE', #3542, #7285, #7994 ) ;
#6949 = VERTEX_POINT ( 'NONE', #5532 ) ;
#6950 = ADVANCED_FACE ( 'NONE', ( #8069 ), #7942, .T. ) ;
#6951 = CARTESIAN_POINT ( 'NONE',  ( -0.3249999999999980127, 0.9499999999999869660, 0.03619548911246100314 ) ) ;
#6952 = EDGE_CURVE ( 'NONE', #4287, #4856, #6068, .T. ) ;
#6953 = CIRCLE ( 'NONE', #2029, 0.05000000000000070360 ) ;
#6954 = EDGE_CURVE ( 'NONE', #4764, #3506, #5069, .T. ) ;
#6955 = DIRECTION ( 'NONE',  ( -1.000000000000000000, 5.243344273594249610E-32, 2.289834988289389802E-16 ) ) ;
#6956 = LINE ( 'NONE', #7700, #1655 ) ;
#6957 = VERTEX_POINT ( 'NONE', #2450 ) ;
#6958 = ORIENTED_EDGE ( 'NONE', *, *, #5185, .T. ) ;
#6959 = CARTESIAN_POINT ( 'NONE',  ( -3.115000000000000213, -1.824999999999989964, 0.1699999999999994849 ) ) ;
#6960 = ORIENTED_EDGE ( 'NONE', *, *, #1164, .F. ) ;
#6961 = ADVANCED_FACE ( 'NONE', ( #552 ), #5577, .T. ) ;
#6962 = CARTESIAN_POINT ( 'NONE',  ( -0.09999999999999885369, 0.8499999999999989786, 0.07999999999999903022 ) ) ;
#6963 = EDGE_CURVE ( 'NONE', #6595, #3508, #6278, .T. ) ;
#6964 = CARTESIAN_POINT ( 'NONE',  ( -3.265000000000000124, -1.899999999999999911, 0.8199999999999999512 ) ) ;
#6965 = ADVANCED_FACE ( 'NONE', ( #6897 ), #1852, .T. ) ;
#6966 = VECTOR ( 'NONE', #46, 1000.000000000000000 ) ;
#6967 = VERTEX_POINT ( 'NONE', #3117 ) ;
#6968 = DIRECTION ( 'NONE',  ( 1.000000000000000000, 1.144917494144693668E-16, -1.144917494144857357E-16 ) ) ;
#6969 = DIRECTION ( 'NONE',  ( -1.000000000000000000, 5.243344273594249610E-32, 2.289834988289389802E-16 ) ) ;
#6970 = DIRECTION ( 'NONE',  ( 2.289834988289389802E-16, -0.000000000000000000, 1.000000000000000000 ) ) ;
#6971 = EDGE_CURVE ( 'NONE', #3519, #658, #5649, .T. ) ;
#6972 = DIRECTION ( 'NONE',  ( 0.000000000000000000, -0.9738685962292474851, -0.2271122129663544764 ) ) ;
#6973 = CARTESIAN_POINT ( 'NONE',  ( 0.1750000000000010714, 1.349999999999999867, 0.3099999999999985545 ) ) ;
#6974 = EDGE_LOOP ( 'NONE', ( #3873, #2589, #4196, #4146 ) ) ;
#6975 = VECTOR ( 'NONE', #8221, 1000.000000000000000 ) ;
#6976 = CARTESIAN_POINT ( 'NONE',  ( 0.1750000000000009881, 0.9999999999999988898, 0.07866077735406398763 ) ) ;
#6977 = DIRECTION ( 'NONE',  ( -2.289834988289389802E-16, 0.000000000000000000, -1.000000000000000000 ) ) ;
#6978 = DIRECTION ( 'NONE',  ( 1.000000000000000000, -5.243344273594249610E-32, -2.289834988289389802E-16 ) ) ;
#6979 = LINE ( 'NONE', #5582, #5424 ) ;
#6980 = VECTOR ( 'NONE', #6839, 1000.000000000000000 ) ;
#6981 = VERTEX_POINT ( 'NONE', #7479 ) ;
#6982 = DIRECTION ( 'NONE',  ( -2.289834988289389802E-16, -2.289834988289389802E-16, -1.000000000000000000 ) ) ;
#6983 = CARTESIAN_POINT ( 'NONE',  ( -1.824999999999999956, 0.9431866336109969717, 0.06541154699933876548 ) ) ;
#6984 = DIRECTION ( 'NONE',  ( 1.000000000000000000, -0.000000000000000000, -2.289834988289389802E-16 ) ) ;
#6985 = VECTOR ( 'NONE', #2922, 1000.000000000000000 ) ;
#6986 = ORIENTED_EDGE ( 'NONE', *, *, #6391, .F. ) ;
#6987 = DIRECTION ( 'NONE',  ( -5.326143172335038067E-17, 1.000000000000000000, -5.326143172335105860E-17 ) ) ;
#6988 = LINE ( 'NONE', #1276, #7795 ) ;
#6989 = VERTEX_POINT ( 'NONE', #1223 ) ;
#6990 = ORIENTED_EDGE ( 'NONE', *, *, #7826, .F. ) ;
#6991 = ORIENTED_EDGE ( 'NONE', *, *, #2906, .T. ) ;
#6992 = VECTOR ( 'NONE', #6027, 1000.000000000000000 ) ;
#6993 = CIRCLE ( 'NONE', #4605, 0.02999999999999989828 ) ;
#6994 = EDGE_CURVE ( 'NONE', #7031, #1721, #3665, .T. ) ;
#6995 = CARTESIAN_POINT ( 'NONE',  ( 2.834999999999999964, -1.850000000000000089, 0.5749999999999990674 ) ) ;
#6996 = DIRECTION ( 'NONE',  ( 1.000000000000000000, -5.243344273594249610E-32, -2.289834988289389802E-16 ) ) ;
#6997 = ORIENTED_EDGE ( 'NONE', *, *, #5376, .F. ) ;
#6998 = ORIENTED_EDGE ( 'NONE', *, *, #6914, .T. ) ;
#6999 = VECTOR ( 'NONE', #6560, 1000.000000000000000 ) ;
#7000 = EDGE_LOOP ( 'NONE', ( #3852, #4505, #543, #682, #7069, #5638, #7283, #1987, #5471, #6293, #8204, #2924, #964, #3530, #5521, #1835, #1473, #6416, #3479, #8088, #2414, #1295, #5087, #243, #6327, #6319, #4723, #6459, #6265, #7386, #3599, #4939, #3376, #5719, #4546, #4554, #7309, #2300, #7612, #6380, #5450, #6185, #5744, #2744 ) ) ;
#7001 = EDGE_CURVE ( 'NONE', #7193, #7919, #5728, .T. ) ;
#7002 = DIRECTION ( 'NONE',  ( -2.289834988289389802E-16, 0.000000000000000000, -1.000000000000000000 ) ) ;
#7003 = DIRECTION ( 'NONE',  ( -1.000000000000000000, 0.000000000000000000, 2.289834988289389802E-16 ) ) ;
#7004 = VECTOR ( 'NONE', #2586, 1000.000000000000000 ) ;
#7005 = VECTOR ( 'NONE', #5474, 999.9999999999998863 ) ;
#7006 = EDGE_CURVE ( 'NONE', #2750, #4436, #8151, .T. ) ;
#7007 = VERTEX_POINT ( 'NONE', #5033 ) ;
#7008 = DIRECTION ( 'NONE',  ( -1.000000000000000000, 0.000000000000000000, 2.289834988289389802E-16 ) ) ;
#7009 = CARTESIAN_POINT ( 'NONE',  ( 0.8250000000000019540, 0.9199999999999870504, 0.1705002310154649925 ) ) ;
#7010 = EDGE_CURVE ( 'NONE', #1553, #568, #7558, .T. ) ;
#7011 = CARTESIAN_POINT ( 'NONE',  ( 3.219999999999999751, 0.5100000000000000089, 0.9399999999999987255 ) ) ;
#7012 = AXIS2_PLACEMENT_3D ( 'NONE', #4168, #975, #433 ) ;
#7013 = DIRECTION ( 'NONE',  ( 0.000000000000000000, -1.000000000000000000, 2.289834988289389802E-16 ) ) ;
#7014 = DIRECTION ( 'NONE',  ( 1.000000000000000000, -5.243344273594249610E-32, -2.289834988289389802E-16 ) ) ;
#7015 = VECTOR ( 'NONE', #2626, 1000.000000000000114 ) ;
#7016 = ORIENTED_EDGE ( 'NONE', *, *, #7838, .T. ) ;
#7017 = EDGE_CURVE ( 'NONE', #3361, #3495, #3784, .T. ) ;
#7018 = DIRECTION ( 'NONE',  ( 0.000000000000000000, 0.000000000000000000, -1.000000000000000000 ) ) ;
#7019 = CARTESIAN_POINT ( 'NONE',  ( 2.325000000000000178, 0.9199999999999868283, -1.771002326271068265E-15 ) ) ;
#7020 = FACE_OUTER_BOUND ( 'NONE', #6835, .T. ) ;
#7021 = CARTESIAN_POINT ( 'NONE',  ( 3.265000000000000124, -1.749999999999991562, 0.4199999999999989297 ) ) ;
#7022 = ORIENTED_EDGE ( 'NONE', *, *, #1111, .F. ) ;
#7023 =( LENGTH_UNIT ( ) NAMED_UNIT ( * ) SI_UNIT ( .MILLI., .METRE. ) );
#7024 = DIRECTION ( 'NONE',  ( -1.000000000000000000, 5.243344273594249610E-32, 2.289834988289389802E-16 ) ) ;
#7025 = CARTESIAN_POINT ( 'NONE',  ( 21.28500000000000014, -1.800000000000000266, 0.9199999999999940448 ) ) ;
#7026 = CARTESIAN_POINT ( 'NONE',  ( 2.174999999999999822, 1.299999999999990274, 0.04999999999999889949 ) ) ;
#7027 = ORIENTED_EDGE ( 'NONE', *, *, #4289, .F. ) ;
#7028 = CARTESIAN_POINT ( 'NONE',  ( -1.324999999999999956, 1.299999999999990274, 0.1099999999999990014 ) ) ;
#7029 = CARTESIAN_POINT ( 'NONE',  ( 2.325000000000000178, 0.9999999999999988898, 0.07999999999999662936 ) ) ;
#7030 = EDGE_LOOP ( 'NONE', ( #4164, #3965, #3472, #1789, #1540, #7823, #6247, #7747, #6816, #4185, #3754 ) ) ;
#7031 = VERTEX_POINT ( 'NONE', #589 ) ;
#7032 = ORIENTED_EDGE ( 'NONE', *, *, #1166, .F. ) ;
#7033 = CARTESIAN_POINT ( 'NONE',  ( -1.600000000000000311, 0.8499999999999989786, 0.07999999999999923839 ) ) ;
#7034 = VECTOR ( 'NONE', #5581, 1000.000000000000000 ) ;
#7035 = DIRECTION ( 'NONE',  ( -2.439197797730288502E-32, 1.000000000000000000, -1.065228634467009955E-16 ) ) ;
#7036 = DIRECTION ( 'NONE',  ( -2.289834988289389802E-16, -1.065228634467009955E-16, -1.000000000000000000 ) ) ;
#7037 = VERTEX_POINT ( 'NONE', #5692 ) ;
#7038 = ORIENTED_EDGE ( 'NONE', *, *, #7995, .F. ) ;
#7039 = VERTEX_POINT ( 'NONE', #7597 ) ;
#7040 = LINE ( 'NONE', #7744, #330 ) ;
#7041 = CARTESIAN_POINT ( 'NONE',  ( 1.074999999999999956, 0.8499999999999989786, 0.05499999999999870270 ) ) ;
#7042 = EDGE_CURVE ( 'NONE', #4863, #3270, #1888, .T. ) ;
#7043 = EDGE_LOOP ( 'NONE', ( #3132, #6379, #2090, #6807 ) ) ;
#7044 = CARTESIAN_POINT ( 'NONE',  ( 2.325000000000000178, 1.299999999999990274, 0.1705002310154639933 ) ) ;
#7045 = LINE ( 'NONE', #2093, #2532 ) ;
#7046 = CARTESIAN_POINT ( 'NONE',  ( 3.115000000000000213, -1.799999999999990274, 0.4700000000000000289 ) ) ;
#7047 = EDGE_CURVE ( 'NONE', #3845, #7824, #1143, .T. ) ;
#7048 = DIRECTION ( 'NONE',  ( -5.243344273594270410E-32, 1.000000000000000000, -2.289834988289389802E-16 ) ) ;
#7049 = ORIENTED_EDGE ( 'NONE', *, *, #7362, .T. ) ;
#7050 = EDGE_CURVE ( 'NONE', #7723, #7336, #3041, .T. ) ;
#7051 = ADVANCED_FACE ( 'NONE', ( #5104 ), #1925, .T. ) ;
#7052 = AXIS2_PLACEMENT_3D ( 'NONE', #6097, #5437, #2309 ) ;
#7053 = DIRECTION ( 'NONE',  ( -1.000000000000000000, 0.000000000000000000, -0.000000000000000000 ) ) ;
#7054 = DIRECTION ( 'NONE',  ( 2.439197797730288502E-32, -1.000000000000000000, 1.065228634467009955E-16 ) ) ;
#7055 = CARTESIAN_POINT ( 'NONE',  ( -0.5499999999999949374, 0.9999999999999988898, 0.02999999999999894071 ) ) ;
#7056 = FACE_OUTER_BOUND ( 'NONE', #4740, .T. ) ;
#7057 = ORIENTED_EDGE ( 'NONE', *, *, #4540, .F. ) ;
#7058 = LINE ( 'NONE', #5322, #3776 ) ;
#7059 = FACE_OUTER_BOUND ( 'NONE', #2258, .T. ) ;
#7060 = CARTESIAN_POINT ( 'NONE',  ( 2.764999999999999236, -0.7000000000000085043, 0.6899999999999983924 ) ) ;
#7061 = EDGE_CURVE ( 'NONE', #3012, #6322, #5150, .T. ) ;
#7062 = ADVANCED_FACE ( 'NONE', ( #6241 ), #517, .T. ) ;
#7063 = ADVANCED_FACE ( 'NONE', ( #2611 ), #5145, .T. ) ;
#7064 = LINE ( 'NONE', #7729, #5695 ) ;
#7065 = CARTESIAN_POINT ( 'NONE',  ( 1.175000000000000044, 0.9431866336109969717, 0.06541154699933800221 ) ) ;
#7066 = DIRECTION ( 'NONE',  ( -2.289834988289389802E-16, -2.289834988289389802E-16, -1.000000000000000000 ) ) ;
#7067 = DIRECTION ( 'NONE',  ( 0.000000000000000000, 1.065228634467009955E-16, 1.000000000000000000 ) ) ;
#7068 = ORIENTED_EDGE ( 'NONE', *, *, #5758, .T. ) ;
#7069 = ORIENTED_EDGE ( 'NONE', *, *, #4929, .T. ) ;
#7070 = ORIENTED_EDGE ( 'NONE', *, *, #502, .T. ) ;
#7071 = DIRECTION ( 'NONE',  ( 2.804146475863970139E-32, 1.000000000000000000, -1.065228634467009955E-16 ) ) ;
#7072 = EDGE_CURVE ( 'NONE', #4360, #2836, #1922, .T. ) ;
#7073 = AXIS2_PLACEMENT_3D ( 'NONE', #6559, #5858, #7760 ) ;
#7074 = ORIENTED_EDGE ( 'NONE', *, *, #5237, .F. ) ;
#7075 = CARTESIAN_POINT ( 'NONE',  ( -0.8374999999999980238, 0.9199999999999990408, 0.07999999999999919675 ) ) ;
#7076 = EDGE_LOOP ( 'NONE', ( #3668, #8002, #5041, #6497 ) ) ;
#7077 = VERTEX_POINT ( 'NONE', #7676 ) ;
#7078 = ORIENTED_EDGE ( 'NONE', *, *, #3063, .T. ) ;
#7079 = CARTESIAN_POINT ( 'NONE',  ( 1.050000000000000044, 0.6999999999999991784, 0.02999999999999857295 ) ) ;
#7080 = CARTESIAN_POINT ( 'NONE',  ( -3.299999999999999822, -1.000000000000000888, 0.3299999999999990163 ) ) ;
#7081 = CIRCLE ( 'NONE', #3816, 0.04999999999999980849 ) ;
#7082 = ORIENTED_EDGE ( 'NONE', *, *, #1720, .T. ) ;
#7083 = DIRECTION ( 'NONE',  ( -1.000000000000000000, 5.243344273594249610E-32, 2.289834988289389802E-16 ) ) ;
#7084 = LINE ( 'NONE', #785, #1188 ) ;
#7085 = CARTESIAN_POINT ( 'NONE',  ( -1.250000000000000000, 1.649999999999999911, 0.4699999999999990297 ) ) ;
#7086 = LINE ( 'NONE', #7677, #5779 ) ;
#7087 = VERTEX_POINT ( 'NONE', #1968 ) ;
#7088 = CARTESIAN_POINT ( 'NONE',  ( 0.3250000000000020095, 0.9999999999999988898, 0.07866077735406379334 ) ) ;
#7089 = FACE_OUTER_BOUND ( 'NONE', #6748, .T. ) ;
#7090 = PLANE ( 'NONE',  #2793 ) ;
#7091 = CARTESIAN_POINT ( 'NONE',  ( -3.265000000000000124, -1.749999999999990008, 0.4700000000000009726 ) ) ;
#7092 = ORIENTED_EDGE ( 'NONE', *, *, #592, .F. ) ;
#7093 = LINE ( 'NONE', #4537, #8017 ) ;
#7094 = VECTOR ( 'NONE', #3942, 1000.000000000000000 ) ;
#7095 = CARTESIAN_POINT ( 'NONE',  ( 3.115000000000000213, -1.050000000000000044, 0.4599999999999980771 ) ) ;
#7096 = DIRECTION ( 'NONE',  ( -1.619157848017590039E-16, -0.7071067811865729968, -0.7071067811865220376 ) ) ;
#7097 = EDGE_CURVE ( 'NONE', #3920, #5310, #4526, .T. ) ;
#7098 =( NAMED_UNIT ( * ) SI_UNIT ( $, .STERADIAN. ) SOLID_ANGLE_UNIT ( ) );
#7099 = VECTOR ( 'NONE', #6158, 1000.000000000000000 ) ;
#7100 = EDGE_CURVE ( 'NONE', #4107, #1485, #2342, .T. ) ;
#7101 = LINE ( 'NONE', #4042, #2089 ) ;
#7102 = LINE ( 'NONE', #7730, #5013 ) ;
#7103 = CARTESIAN_POINT ( 'NONE',  ( 3.265000000000000124, -1.147779969318960092, 0.01787644580804145442 ) ) ;
#7104 = DIRECTION ( 'NONE',  ( 2.439197797730288502E-32, -1.000000000000000000, 1.065228634467009955E-16 ) ) ;
#7105 = EDGE_CURVE ( 'NONE', #2613, #2800, #4022, .T. ) ;
#7106 = ORIENTED_EDGE ( 'NONE', *, *, #8044, .F. ) ;
#7107 = DIRECTION ( 'NONE',  ( -1.000000000000000000, 5.243344273594249610E-32, 2.289834988289389802E-16 ) ) ;
#7108 = EDGE_LOOP ( 'NONE', ( #5965, #5394, #5120, #1373 ) ) ;
#7109 = ORIENTED_EDGE ( 'NONE', *, *, #3455, .F. ) ;
#7110 = CARTESIAN_POINT ( 'NONE',  ( 0.1750000000000009881, 0.9199999999999870504, 0.1705002310154649925 ) ) ;
#7111 = EDGE_CURVE ( 'NONE', #7534, #2321, #4106, .T. ) ;
#7112 = VECTOR ( 'NONE', #3409, 1000.000000000000000 ) ;
#7113 = ADVANCED_FACE ( 'NONE', ( #7249 ), #4882, .F. ) ;
#7114 = ORIENTED_EDGE ( 'NONE', *, *, #791, .T. ) ;
#7115 = CARTESIAN_POINT ( 'NONE',  ( -2.450000000000000178, 0.6999999999999992895, 0.02999999999999949235 ) ) ;
#7116 = ADVANCED_FACE ( 'NONE', ( #4311 ), #7791, .T. ) ;
#7117 = ORIENTED_EDGE ( 'NONE', *, *, #6099, .T. ) ;
#7118 = ORIENTED_EDGE ( 'NONE', *, *, #3670, .F. ) ;
#7119 = VECTOR ( 'NONE', #6899, 1000.000000000000000 ) ;
#7120 = EDGE_LOOP ( 'NONE', ( #123, #4802, #7473, #4805, #5510, #6182, #5830, #1071, #316, #3504, #6558 ) ) ;
#7121 = LINE ( 'NONE', #5177, #5411 ) ;
#7122 = AXIS2_PLACEMENT_3D ( 'NONE', #5479, #2811, #1590 ) ;
#7123 = LINE ( 'NONE', #863, #611 ) ;
#7124 = AXIS2_PLACEMENT_3D ( 'NONE', #4988, #474, #2486 ) ;
#7125 = ORIENTED_EDGE ( 'NONE', *, *, #931, .T. ) ;
#7126 = LINE ( 'NONE', #1421, #6523 ) ;
#7127 = EDGE_CURVE ( 'NONE', #2084, #5516, #5347, .T. ) ;
#7128 = CARTESIAN_POINT ( 'NONE',  ( -3.265000000000000124, -1.824999999999989964, 0.1699999999999990130 ) ) ;
#7129 = FACE_OUTER_BOUND ( 'NONE', #5718, .T. ) ;
#7130 = VECTOR ( 'NONE', #6651, 1000.000000000000114 ) ;
#7131 = DIRECTION ( 'NONE',  ( -0.000000000000000000, -1.065228634467009955E-16, -1.000000000000000000 ) ) ;
#7132 = ORIENTED_EDGE ( 'NONE', *, *, #6179, .F. ) ;
#7133 = AXIS2_PLACEMENT_3D ( 'NONE', #1171, #8096, #7334 ) ;
#7134 = VECTOR ( 'NONE', #7774, 1000.000000000000000 ) ;
#7135 = AXIS2_PLACEMENT_3D ( 'NONE', #6246, #598, #2499 ) ;
#7136 = LINE ( 'NONE', #6393, #5407 ) ;
#7137 = VECTOR ( 'NONE', #2118, 1000.000000000000000 ) ;
#7138 = CARTESIAN_POINT ( 'NONE',  ( 2.400000000000001243, 0.8499999999999989786, 0.07999999999999668487 ) ) ;
#7139 = CARTESIAN_POINT ( 'NONE',  ( 1.600000000000000755, 0.8499999999999989786, 0.07999999999999886369 ) ) ;
#7140 = CARTESIAN_POINT ( 'NONE',  ( -47.10249999999999915, -1.899999999999999911, 0.03000000000000990763 ) ) ;
#7141 = VERTEX_POINT ( 'NONE', #7413 ) ;
#7142 = VECTOR ( 'NONE', #3037, 1000.000000000000114 ) ;
#7143 = CARTESIAN_POINT ( 'NONE',  ( -1.449999999999999956, 0.6999999999999990674, 0.02999999999999913500 ) ) ;
#7144 = CARTESIAN_POINT ( 'NONE',  ( 1.675000000000000044, 0.9999999999999988898, 0.07866077735406341864 ) ) ;
#7145 = DIRECTION ( 'NONE',  ( 0.000000000000000000, -1.000000000000000000, 2.289834988289389802E-16 ) ) ;
#7146 = CARTESIAN_POINT ( 'NONE',  ( 0.1750000000000009881, 0.9499999999999869660, 0.03619548911246080192 ) ) ;
#7147 = VECTOR ( 'NONE', #4924, 1000.000000000000000 ) ;
#7148 = CARTESIAN_POINT ( 'NONE',  ( -0.3249999999999980127, 1.350000000000000089, 0.1599999999999990041 ) ) ;
#7149 = EDGE_CURVE ( 'NONE', #3583, #4754, #3596, .T. ) ;
#7150 = PLANE ( 'NONE',  #3695 ) ;
#7151 = DIRECTION ( 'NONE',  ( 2.804146475863970139E-32, 1.000000000000000000, -1.065228634467009955E-16 ) ) ;
#7152 = LINE ( 'NONE', #137, #487 ) ;
#7153 = EDGE_LOOP ( 'NONE', ( #8001, #6872, #2434, #4314, #6038, #6927, #874, #7288, #1002, #790, #3103, #2883, #165, #2257, #1467, #1847, #4677, #6213, #4005, #1710 ) ) ;
#7154 = FACE_OUTER_BOUND ( 'NONE', #147, .T. ) ;
#7155 = ORIENTED_EDGE ( 'NONE', *, *, #3072, .F. ) ;
#7156 = ORIENTED_EDGE ( 'NONE', *, *, #7332, .F. ) ;
#7157 = CARTESIAN_POINT ( 'NONE',  ( 1.824999999999999956, 1.299999999999994715, 0.1099999999999979605 ) ) ;
#7158 = EDGE_CURVE ( 'NONE', #4886, #4863, #6130, .T. ) ;
#7159 = EDGE_CURVE ( 'NONE', #1358, #1038, #6325, .T. ) ;
#7160 = AXIS2_PLACEMENT_3D ( 'NONE', #2990, #7308, #8063 ) ;
#7161 = ORIENTED_EDGE ( 'NONE', *, *, #7214, .F. ) ;
#7162 = DIRECTION ( 'NONE',  ( -0.7071067811865530128, 0.000000000000000000, -0.7071067811865421326 ) ) ;
#7163 = ORIENTED_EDGE ( 'NONE', *, *, #3722, .T. ) ;
#7164 = ORIENTED_EDGE ( 'NONE', *, *, #3248, .F. ) ;
#7165 = ORIENTED_EDGE ( 'NONE', *, *, #1317, .F. ) ;
#7166 = CARTESIAN_POINT ( 'NONE',  ( 2.174999999999999822, 1.350000000000000089, 0.1099999999999980022 ) ) ;
#7167 = CARTESIAN_POINT ( 'NONE',  ( 3.265000000000000124, -1.228897383693329903, 0.5199999999999980194 ) ) ;
#7168 = EDGE_CURVE ( 'NONE', #450, #4270, #447, .T. ) ;
#7169 = VECTOR ( 'NONE', #47, 1000.000000000000000 ) ;
#7170 = VERTEX_POINT ( 'NONE', #2806 ) ;
#7171 = CARTESIAN_POINT ( 'NONE',  ( 0.1750000000000009881, 1.350000000000000089, 0.1099999999999980022 ) ) ;
#7172 = DIRECTION ( 'NONE',  ( 0.000000000000000000, -0.9738685962292472631, -0.2271122129663562805 ) ) ;
#7173 = DIRECTION ( 'NONE',  ( -2.439197797730288502E-32, 1.000000000000000000, -1.065228634467009955E-16 ) ) ;
#7174 = PLANE ( 'NONE',  #6026 ) ;
#7175 = VECTOR ( 'NONE', #2, 1000.000000000000227 ) ;
#7176 = CARTESIAN_POINT ( 'NONE',  ( 1.324999999999999956, 1.299999999999994715, 0.1099999999999979605 ) ) ;
#7177 = EDGE_LOOP ( 'NONE', ( #1773, #8054, #6840, #2954 ) ) ;
#7178 = LINE ( 'NONE', #7681, #3545 ) ;
#7179 = PLANE ( 'NONE',  #1081 ) ;
#7180 = DIRECTION ( 'NONE',  ( -0.000000000000000000, -0.8000000000000000444, 0.5999999999999999778 ) ) ;
#7181 = LINE ( 'NONE', #3950, #636 ) ;
#7182 = EDGE_LOOP ( 'NONE', ( #7993, #8162, #7370, #6800 ) ) ;
#7183 = LINE ( 'NONE', #838, #5365 ) ;
#7184 = CARTESIAN_POINT ( 'NONE',  ( 1.175000000000000044, 1.299999999999990274, 0.1705002310154649925 ) ) ;
#7185 = DIRECTION ( 'NONE',  ( 1.000000000000000000, 0.000000000000000000, -2.289834988289389802E-16 ) ) ;
#7186 = CARTESIAN_POINT ( 'NONE',  ( 0.6750000000000010436, 1.249999999999986233, 2.683400376901623474E-15 ) ) ;
#7187 = VECTOR ( 'NONE', #5101, 1000.000000000000114 ) ;
#7188 = CARTESIAN_POINT ( 'NONE',  ( 3.102500000000000036, -0.8000000000000017097, 0.1799999999999979672 ) ) ;
#7189 = LINE ( 'NONE', #3331, #2884 ) ;
#7190 = DIRECTION ( 'NONE',  ( -1.000000000000000000, 1.144917494144696380E-16, 1.144917494144614043E-16 ) ) ;
#7191 = APPLICATION_CONTEXT ( 'automotive_design' ) ;
#7192 = PLANE ( 'NONE',  #4236 ) ;
#7193 = VERTEX_POINT ( 'NONE', #7454 ) ;
#7194 = PLANE ( 'NONE',  #6342 ) ;
#7195 = ORIENTED_EDGE ( 'NONE', *, *, #7569, .T. ) ;
#7196 = ORIENTED_EDGE ( 'NONE', *, *, #2442, .F. ) ;
#7197 = DIRECTION ( 'NONE',  ( -1.000000000000000000, 0.000000000000000000, 2.289834988289389802E-16 ) ) ;
#7198 = VECTOR ( 'NONE', #879, 1000.000000000000000 ) ;
#7199 = ORIENTED_EDGE ( 'NONE', *, *, #284, .T. ) ;
#7200 = CARTESIAN_POINT ( 'NONE',  ( -2.049999999999999822, 0.6999999999999999556, 0.02999999999999943337 ) ) ;
#7201 = EDGE_CURVE ( 'NONE', #1058, #7931, #1541, .T. ) ;
#7202 = ORIENTED_EDGE ( 'NONE', *, *, #76, .T. ) ;
#7203 = ORIENTED_EDGE ( 'NONE', *, *, #5647, .T. ) ;
#7204 = ORIENTED_EDGE ( 'NONE', *, *, #120, .T. ) ;
#7205 = FACE_OUTER_BOUND ( 'NONE', #7579, .T. ) ;
#7206 = CARTESIAN_POINT ( 'NONE',  ( -1.324999999999999956, 0.9499999999999869660, 0.03619548911246119743 ) ) ;
#7207 = ADVANCED_FACE ( 'NONE', ( #3641 ), #866, .F. ) ;
#7208 = EDGE_CURVE ( 'NONE', #810, #2183, #7877, .T. ) ;
#7209 = ORIENTED_EDGE ( 'NONE', *, *, #2452, .F. ) ;
#7210 = DIRECTION ( 'NONE',  ( -2.289834988289389802E-16, 0.000000000000000000, -1.000000000000000000 ) ) ;
#7211 = VERTEX_POINT ( 'NONE', #8086 ) ;
#7212 = DIRECTION ( 'NONE',  ( 2.289834988289389802E-16, -0.000000000000000000, 1.000000000000000000 ) ) ;
#7213 = FACE_OUTER_BOUND ( 'NONE', #7000, .T. ) ;
#7214 = EDGE_CURVE ( 'NONE', #3127, #3266, #1459, .T. ) ;
#7215 = LINE ( 'NONE', #1503, #5543 ) ;
#7216 = VECTOR ( 'NONE', #2831, 1000.000000000000000 ) ;
#7217 = CARTESIAN_POINT ( 'NONE',  ( 1.550000000000000266, 0.6999999999999992895, 0.02999999999999841682 ) ) ;
#7218 = EDGE_LOOP ( 'NONE', ( #5478, #6519, #1507, #816 ) ) ;
#7219 = ADVANCED_FACE ( 'NONE', ( #4927 ), #6832, .F. ) ;
#7220 = DIRECTION ( 'NONE',  ( 2.439197797730288502E-32, -1.000000000000000000, 1.065228634467009955E-16 ) ) ;
#7221 = LINE ( 'NONE', #1510, #4683 ) ;
#7222 = DIRECTION ( 'NONE',  ( 0.000000000000000000, 0.9990138064662085204, 0.04440061362072340173 ) ) ;
#7223 = PLANE ( 'NONE',  #2766 ) ;
#7224 = EDGE_CURVE ( 'NONE', #6455, #5707, #4722, .T. ) ;
#7225 = VERTEX_POINT ( 'NONE', #491 ) ;
#7226 = DIRECTION ( 'NONE',  ( 1.000000000000000000, 0.000000000000000000, -2.289834988289389802E-16 ) ) ;
#7227 = CARTESIAN_POINT ( 'NONE',  ( -3.500000000000000000, -1.000000000000000000, 0.8416139999999999732 ) ) ;
#7228 = CARTESIAN_POINT ( 'NONE',  ( -0.8249999999999979572, 1.249999999999986233, 3.015437292225309207E-15 ) ) ;
#7229 = FACE_OUTER_BOUND ( 'NONE', #2076, .T. ) ;
#7230 = LINE ( 'NONE', #1645, #2742 ) ;
#7231 = CIRCLE ( 'NONE', #6181, 0.02999999999999989828 ) ;
#7232 = PLANE ( 'NONE',  #3947 ) ;
#7233 = AXIS2_PLACEMENT_3D ( 'NONE', #3785, #7014, #590 ) ;
#7234 = CARTESIAN_POINT ( 'NONE',  ( -18.62071951488119836, -0.6000000000000009770, 0.4874554975804329948 ) ) ;
#7235 = ORIENTED_EDGE ( 'NONE', *, *, #1462, .T. ) ;
#7236 = CARTESIAN_POINT ( 'NONE',  ( -0.3249999999999980127, 1.350000000000000089, 0.1099999999999990014 ) ) ;
#7237 = DIRECTION ( 'NONE',  ( -1.000000000000000000, 0.000000000000000000, 2.289834988289389802E-16 ) ) ;
#7238 = VECTOR ( 'NONE', #3042, 1000.000000000000000 ) ;
#7239 = ORIENTED_EDGE ( 'NONE', *, *, #3929, .F. ) ;
#7240 = DIRECTION ( 'NONE',  ( -2.289834988289389802E-16, 0.000000000000000000, -1.000000000000000000 ) ) ;
#7241 = EDGE_LOOP ( 'NONE', ( #7351, #1311, #4846, #4721 ) ) ;
#7242 = VERTEX_POINT ( 'NONE', #5261 ) ;
#7243 = EDGE_LOOP ( 'NONE', ( #971, #6448, #949, #6991 ) ) ;
#7244 = AXIS2_PLACEMENT_3D ( 'NONE', #4115, #1508, #5399 ) ;
#7245 = FACE_OUTER_BOUND ( 'NONE', #2430, .T. ) ;
#7246 = DIRECTION ( 'NONE',  ( -5.326143172335039916E-17, -1.000000000000000000, 5.326143172335047311E-17 ) ) ;
#7247 = VECTOR ( 'NONE', #3055, 1000.000000000000000 ) ;
#7248 = VERTEX_POINT ( 'NONE', #6368 ) ;
#7249 = FACE_OUTER_BOUND ( 'NONE', #4368, .T. ) ;
#7250 = EDGE_CURVE ( 'NONE', #8108, #5246, #8127, .T. ) ;
#7251 = ORIENTED_EDGE ( 'NONE', *, *, #2845, .T. ) ;
#7252 = LINE ( 'NONE', #1628, #2140 ) ;
#7253 = AXIS2_PLACEMENT_3D ( 'NONE', #2610, #3, #6510 ) ;
#7254 = VERTEX_POINT ( 'NONE', #4423 ) ;
#7255 = FACE_OUTER_BOUND ( 'NONE', #8034, .T. ) ;
#7256 = LINE ( 'NONE', #5924, #1785 ) ;
#7257 = ORIENTED_EDGE ( 'NONE', *, *, #4726, .F. ) ;
#7258 = AXIS2_PLACEMENT_3D ( 'NONE', #2155, #5901, #3408 ) ;
#7259 = EDGE_CURVE ( 'NONE', #7087, #3574, #6253, .T. ) ;
#7260 = VECTOR ( 'NONE', #973, 1000.000000000000000 ) ;
#7261 = EDGE_CURVE ( 'NONE', #1661, #1895, #8202, .T. ) ;
#7262 = ORIENTED_EDGE ( 'NONE', *, *, #6463, .F. ) ;
#7263 = CARTESIAN_POINT ( 'NONE',  ( -47.10249999999999915, 0.9999999999999988898, 0.03000000000000959885 ) ) ;
#7264 = EDGE_CURVE ( 'NONE', #4856, #4433, #4386, .T. ) ;
#7265 = FACE_OUTER_BOUND ( 'NONE', #4822, .T. ) ;
#7266 = CARTESIAN_POINT ( 'NONE',  ( 3.500000000000000000, 0.9999999999999988898, 0.8416139999999979748 ) ) ;
#7267 = VECTOR ( 'NONE', #3129, 1000.000000000000114 ) ;
#7268 = PLANE ( 'NONE',  #8231 ) ;
#7269 = ORIENTED_EDGE ( 'NONE', *, *, #1907, .F. ) ;
#7270 = DIRECTION ( 'NONE',  ( -0.000000000000000000, -1.065228634467009955E-16, -1.000000000000000000 ) ) ;
#7271 = VECTOR ( 'NONE', #4468, 1000.000000000000000 ) ;
#7272 = VECTOR ( 'NONE', #6972, 1000.000000000000227 ) ;
#7273 = DIRECTION ( 'NONE',  ( 1.000000000000000000, -5.243344273594249610E-32, -2.289834988289389802E-16 ) ) ;
#7274 = CARTESIAN_POINT ( 'NONE',  ( -2.764999999999999236, -1.780000000000001137, 0.8933333333333342008 ) ) ;
#7275 = PLANE ( 'NONE',  #8090 ) ;
#7276 = EDGE_CURVE ( 'NONE', #687, #7621, #5745, .T. ) ;
#7277 = AXIS2_PLACEMENT_3D ( 'NONE', #6945, #5627, #5047 ) ;
#7278 = AXIS2_PLACEMENT_3D ( 'NONE', #1040, #371, #2395 ) ;
#7279 = DIRECTION ( 'NONE',  ( -5.243344273594249610E-32, -1.000000000000000000, 1.200639317332289951E-47 ) ) ;
#7280 = DIRECTION ( 'NONE',  ( 0.2163711612039573018, 0.9520331092974138043, 0.2163711612039584120 ) ) ;
#7281 = LINE ( 'NONE', #1568, #2119 ) ;
#7282 = CARTESIAN_POINT ( 'NONE',  ( -3.299999999999998934, -0.02000000000000091288, 0.9999999999999991118 ) ) ;
#7283 = ORIENTED_EDGE ( 'NONE', *, *, #8082, .T. ) ;
#7284 = DIRECTION ( 'NONE',  ( 0.000000000000000000, 2.289834988289389802E-16, 1.000000000000000000 ) ) ;
#7285 = DIRECTION ( 'NONE',  ( 2.804146475863970139E-32, 1.000000000000000000, -1.065228634467009955E-16 ) ) ;
#7286 = FACE_OUTER_BOUND ( 'NONE', #286, .T. ) ;
#7287 = VECTOR ( 'NONE', #841, 1000.000000000000000 ) ;
#7288 = ORIENTED_EDGE ( 'NONE', *, *, #5190, .T. ) ;
#7289 = DIRECTION ( 'NONE',  ( -0.7071067811865536790, -0.7071067811865414665, 1.533293416683343471E-15 ) ) ;
#7291 = ORIENTED_EDGE ( 'NONE', *, *, #7656, .F. ) ;
#7290 = ORIENTED_EDGE ( 'NONE', *, *, #6358, .F. ) ;
#7292 = ORIENTED_EDGE ( 'NONE', *, *, #3448, .T. ) ;
#7293 = ORIENTED_EDGE ( 'NONE', *, *, #3726, .F. ) ;
#7294 = CARTESIAN_POINT ( 'NONE',  ( 1.174999999999999822, 0.9999999999999988898, 0.3099999999999980549 ) ) ;
#7295 = DIRECTION ( 'NONE',  ( -1.000000000000000000, 2.804146475863970139E-32, -2.987057121330055487E-48 ) ) ;
#7296 = ORIENTED_EDGE ( 'NONE', *, *, #2222, .F. ) ;
#7297 = ORIENTED_EDGE ( 'NONE', *, *, #6112, .F. ) ;
#7298 = CARTESIAN_POINT ( 'NONE',  ( -3.500000000000000444, 0.9999999999999988898, 0.07999999999999955758 ) ) ;
#7299 = ORIENTED_EDGE ( 'NONE', *, *, #6697, .F. ) ;
#7300 = CARTESIAN_POINT ( 'NONE',  ( 0.6750000000000011546, 0.9999999999999988898, 0.3099999999999979994 ) ) ;
#7301 = FACE_OUTER_BOUND ( 'NONE', #6129, .T. ) ;
#7302 = ORIENTED_EDGE ( 'NONE', *, *, #4715, .T. ) ;
#7303 = AXIS2_PLACEMENT_3D ( 'NONE', #3241, #6478, #5817 ) ;
#7304 = ORIENTED_EDGE ( 'NONE', *, *, #646, .T. ) ;
#7305 = FACE_OUTER_BOUND ( 'NONE', #754, .T. ) ;
#7306 = DIRECTION ( 'NONE',  ( -5.243344273594249610E-32, -1.000000000000000000, 1.200639317332292868E-47 ) ) ;
#7307 = CYLINDRICAL_SURFACE ( 'NONE', #3744, 0.04999999999999720640 ) ;
#7308 = DIRECTION ( 'NONE',  ( -1.619157848017760137E-16, 0.7071067811864969466, -0.7071067811865980879 ) ) ;
#7309 = ORIENTED_EDGE ( 'NONE', *, *, #7580, .T. ) ;
#7310 = LINE ( 'NONE', #389, #5504 ) ;
#7311 = DIRECTION ( 'NONE',  ( -2.289834988289389802E-16, 0.000000000000000000, -1.000000000000000000 ) ) ;
#7312 = CARTESIAN_POINT ( 'NONE',  ( 2.075000000000000178, 0.9999999999999988898, 0.05499999999999819617 ) ) ;
#7313 = CARTESIAN_POINT ( 'NONE',  ( 0.1750000000000010436, 0.9999999999999988898, 0.07999999999999890532 ) ) ;
#7314 = ADVANCED_FACE ( 'NONE', ( #528 ), #7493, .T. ) ;
#7315 = EDGE_CURVE ( 'NONE', #6664, #7723, #564, .T. ) ;
#7316 = DIRECTION ( 'NONE',  ( -2.289834988289389802E-16, 0.000000000000000000, -1.000000000000000000 ) ) ;
#7317 = DIRECTION ( 'NONE',  ( 1.000000000000000000, -0.000000000000000000, -2.289834988289389802E-16 ) ) ;
#7318 = CARTESIAN_POINT ( 'NONE',  ( -1.337499999999999911, 0.9999999999999988898, 0.07999999999999919675 ) ) ;
#7319 = LINE ( 'NONE', #6124, #6080 ) ;
#7320 = ORIENTED_EDGE ( 'NONE', *, *, #6356, .T. ) ;
#7321 = LINE ( 'NONE', #6740, #7216 ) ;
#7322 = ADVANCED_FACE ( 'NONE', ( #2508 ), #5626, .T. ) ;
#7323 = LINE ( 'NONE', #7451, #624 ) ;
#7324 = EDGE_CURVE ( 'NONE', #4603, #3385, #3759, .T. ) ;
#7325 = ADVANCED_FACE ( 'NONE', ( #8245 ), #3797, .T. ) ;
#7326 = ORIENTED_EDGE ( 'NONE', *, *, #7758, .T. ) ;
#7327 = CARTESIAN_POINT ( 'NONE',  ( 1.824999999999999956, 0.9499999999999869660, 0.03619548911246036477 ) ) ;
#7329 = EDGE_LOOP ( 'NONE', ( #818, #607, #2673, #387 ) ) ;
#7328 = ORIENTED_EDGE ( 'NONE', *, *, #2292, .T. ) ;
#7330 = EDGE_LOOP ( 'NONE', ( #4896, #2773, #6236, #1384 ) ) ;
#7331 = ORIENTED_EDGE ( 'NONE', *, *, #3681, .T. ) ;
#7332 = EDGE_CURVE ( 'NONE', #3040, #196, #3843, .T. ) ;
#7333 = DIRECTION ( 'NONE',  ( -2.289834988289389802E-16, 0.000000000000000000, -1.000000000000000000 ) ) ;
#7334 = DIRECTION ( 'NONE',  ( 0.000000000000000000, 0.000000000000000000, 1.000000000000000000 ) ) ;
#7335 = EDGE_LOOP ( 'NONE', ( #6057, #251, #5354, #2268 ) ) ;
#7336 = VERTEX_POINT ( 'NONE', #7535 ) ;
#7337 = DIRECTION ( 'NONE',  ( 0.000000000000000000, 0.7071067811865432429, 0.7071067811865517916 ) ) ;
#7338 = FACE_OUTER_BOUND ( 'NONE', #4584, .T. ) ;
#7339 = EDGE_LOOP ( 'NONE', ( #5243, #4098, #5481, #7820 ) ) ;
#7340 = LINE ( 'NONE', #7300, #3278 ) ;
#7341 = DIRECTION ( 'NONE',  ( 0.000000000000000000, 1.000000000000000000, -2.289834988289389802E-16 ) ) ;
#7342 = ORIENTED_EDGE ( 'NONE', *, *, #1207, .F. ) ;
#7343 = ORIENTED_EDGE ( 'NONE', *, *, #3052, .F. ) ;
#7344 = VECTOR ( 'NONE', #4923, 1000.000000000000000 ) ;
#7345 = LINE ( 'NONE', #7934, #7198 ) ;
#7346 = CARTESIAN_POINT ( 'NONE',  ( 1.450000000000000178, 0.6999999999999979572, 0.02999999999999832315 ) ) ;
#7347 = DIRECTION ( 'NONE',  ( -0.7071067811865520136, 0.000000000000000000, -0.7071067811865431318 ) ) ;
#7348 = ORIENTED_EDGE ( 'NONE', *, *, #5732, .F. ) ;
#7349 = ORIENTED_EDGE ( 'NONE', *, *, #2543, .T. ) ;
#7350 = FACE_OUTER_BOUND ( 'NONE', #769, .T. ) ;
#7351 = ORIENTED_EDGE ( 'NONE', *, *, #322, .T. ) ;
#7352 = CARTESIAN_POINT ( 'NONE',  ( 2.765000000000000124, -1.779999999999999805, 0.1888888888888869966 ) ) ;
#7353 = DIRECTION ( 'NONE',  ( -1.677531811378194763E-16, -1.677531811378194763E-16, -1.000000000000000000 ) ) ;
#7354 = CARTESIAN_POINT ( 'NONE',  ( -47.10249999999999915, 0.9999999999999988898, 0.03000000000000959885 ) ) ;
#7355 = AXIS2_PLACEMENT_3D ( 'NONE', #5614, #2369, #550 ) ;
#7356 = ADVANCED_FACE ( 'NONE', ( #605 ), #1235, .T. ) ;
#7357 = DIRECTION ( 'NONE',  ( -1.000000000000000000, 5.243344273594249610E-32, 2.289834988289389802E-16 ) ) ;
#7358 = CARTESIAN_POINT ( 'NONE',  ( -3.265000000000000124, -1.824999999999989964, 0.3700000000000010503 ) ) ;
#7359 = LINE ( 'NONE', #265, #1263 ) ;
#7360 = PLANE ( 'NONE',  #5029 ) ;
#7361 = ORIENTED_EDGE ( 'NONE', *, *, #3259, .F. ) ;
#7362 = EDGE_CURVE ( 'NONE', #2321, #1994, #5084, .T. ) ;
#7363 = CARTESIAN_POINT ( 'NONE',  ( -3.265000000000000124, -1.100000000000000089, 0.06782713613135761543 ) ) ;
#7364 = CARTESIAN_POINT ( 'NONE',  ( 3.299999999999999822, -0.02000000000000090941, 0.8400000000000091838 ) ) ;
#7365 = EDGE_CURVE ( 'NONE', #1805, #5710, #648, .T. ) ;
#7366 = EDGE_CURVE ( 'NONE', #3937, #3374, #1320, .T. ) ;
#7367 = ORIENTED_EDGE ( 'NONE', *, *, #4680, .F. ) ;
#7368 = LINE ( 'NONE', #1658, #6339 ) ;
#7370 = ORIENTED_EDGE ( 'NONE', *, *, #1197, .F. ) ;
#7369 = ORIENTED_EDGE ( 'NONE', *, *, #4388, .F. ) ;
#7371 = EDGE_CURVE ( 'NONE', #368, #4545, #1941, .T. ) ;
#7372 = ORIENTED_EDGE ( 'NONE', *, *, #6093, .F. ) ;
#7373 = EDGE_LOOP ( 'NONE', ( #8205, #1008, #6326, #7195 ) ) ;
#7374 = DIRECTION ( 'NONE',  ( -1.000000000000000000, -0.000000000000000000, 2.289834988289389802E-16 ) ) ;
#7375 = VECTOR ( 'NONE', #580, 1000.000000000000000 ) ;
#7376 = DIRECTION ( 'NONE',  ( -2.289834988289389802E-16, 0.000000000000000000, -1.000000000000000000 ) ) ;
#7377 = EDGE_CURVE ( 'NONE', #1717, #1634, #4349, .T. ) ;
#7378 = EDGE_CURVE ( 'NONE', #5604, #6140, #5003, .T. ) ;
#7379 = AXIS2_PLACEMENT_3D ( 'NONE', #2857, #2144, #5929 ) ;
#7380 = ORIENTED_EDGE ( 'NONE', *, *, #4585, .F. ) ;
#7381 = ORIENTED_EDGE ( 'NONE', *, *, #220, .T. ) ;
#7382 = CARTESIAN_POINT ( 'NONE',  ( 3.299999999999999822, -1.000000000000000000, 0.5100000000000000089 ) ) ;
#7383 = VERTEX_POINT ( 'NONE', #7860 ) ;
#7384 = LINE ( 'NONE', #3476, #4480 ) ;
#7385 = DIRECTION ( 'NONE',  ( 0.000000000000000000, -0.7071067811865980879, -0.7071067811864969466 ) ) ;
#7386 = ORIENTED_EDGE ( 'NONE', *, *, #992, .T. ) ;
#7387 = VECTOR ( 'NONE', #7610, 1000.000000000000000 ) ;
#7388 = ORIENTED_EDGE ( 'NONE', *, *, #7618, .F. ) ;
#7389 = DIRECTION ( 'NONE',  ( 0.000000000000000000, 0.7071067811865441310, 0.7071067811865510144 ) ) ;
#7390 = DIRECTION ( 'NONE',  ( 0.000000000000000000, -0.9738685962292471521, -0.2271122129663564748 ) ) ;
#7391 = LINE ( 'NONE', #1597, #7678 ) ;
#7392 = ORIENTED_EDGE ( 'NONE', *, *, #3462, .F. ) ;
#7393 = ORIENTED_EDGE ( 'NONE', *, *, #7881, .T. ) ;
#7394 = DIRECTION ( 'NONE',  ( -1.000000000000000000, -0.000000000000000000, -0.000000000000000000 ) ) ;
#7395 = ORIENTED_EDGE ( 'NONE', *, *, #3357, .T. ) ;
#7396 = VECTOR ( 'NONE', #4357, 1000.000000000000000 ) ;
#7397 = LINE ( 'NONE', #391, #3953 ) ;
#7398 = CARTESIAN_POINT ( 'NONE',  ( 0.1750000000000009603, 0.9999999999999988898, 0.07866077735406400151 ) ) ;
#7399 = CARTESIAN_POINT ( 'NONE',  ( -0.6749999999999980460, 1.299999999999994715, 0.1099999999999989597 ) ) ;
#7400 = VECTOR ( 'NONE', #6303, 1000.000000000000000 ) ;
#7401 = LINE ( 'NONE', #4704, #2878 ) ;
#7402 = CYLINDRICAL_SURFACE ( 'NONE', #3888, 0.05000000000000070360 ) ;
#7403 = FACE_OUTER_BOUND ( 'NONE', #1842, .T. ) ;
#7404 = CARTESIAN_POINT ( 'NONE',  ( 0.3250000000000020095, 1.349999999999999867, 0.3099999999999984990 ) ) ;
#7405 = ORIENTED_EDGE ( 'NONE', *, *, #85, .T. ) ;
#7406 = DIRECTION ( 'NONE',  ( 0.7071067811865475727, -0.7071067811865475727, -8.659274570719346786E-17 ) ) ;
#7407 = DIRECTION ( 'NONE',  ( -2.289834988289389802E-16, 0.000000000000000000, -1.000000000000000000 ) ) ;
#7408 = VECTOR ( 'NONE', #2343, 1000.000000000000000 ) ;
#7409 = STYLED_ITEM ( 'NONE', ( #2017 ), #4747 ) ;
#7410 = VECTOR ( 'NONE', #2671, 1000.000000000000000 ) ;
#7411 = EDGE_CURVE ( 'NONE', #1616, #7509, #1437, .T. ) ;
#7412 = ORIENTED_EDGE ( 'NONE', *, *, #8226, .T. ) ;
#7413 = CARTESIAN_POINT ( 'NONE',  ( -3.299999999999998490, 0.8999999999999982458, 1.000000000000000222 ) ) ;
#7414 = DIRECTION ( 'NONE',  ( -2.289834988289389802E-16, -2.289834988289389802E-16, -1.000000000000000000 ) ) ;
#7415 = VERTEX_POINT ( 'NONE', #806 ) ;
#7416 = ORIENTED_EDGE ( 'NONE', *, *, #3101, .T. ) ;
#7417 = VECTOR ( 'NONE', #260, 1000.000000000000114 ) ;
#7418 = ORIENTED_EDGE ( 'NONE', *, *, #2644, .F. ) ;
#7419 = EDGE_CURVE ( 'NONE', #3519, #3515, #5287, .T. ) ;
#7420 = AXIS2_PLACEMENT_3D ( 'NONE', #3529, #345, #881 ) ;
#7421 = CARTESIAN_POINT ( 'NONE',  ( 3.265000000000000124, -1.799999999999990274, 0.4199999999999989853 ) ) ;
#7422 = CARTESIAN_POINT ( 'NONE',  ( -0.3249999999999980127, 0.9999999999999988898, 0.07866077735406408478 ) ) ;
#7423 = EDGE_CURVE ( 'NONE', #7037, #6664, #5864, .T. ) ;
#7424 = EDGE_CURVE ( 'NONE', #5339, #1431, #3291, .T. ) ;
#7425 = ORIENTED_EDGE ( 'NONE', *, *, #824, .F. ) ;
#7426 = ORIENTED_EDGE ( 'NONE', *, *, #4889, .F. ) ;
#7427 = DIRECTION ( 'NONE',  ( -0.000000000000000000, 2.289834988289389802E-16, 1.000000000000000000 ) ) ;
#7428 = VERTEX_POINT ( 'NONE', #2706 ) ;
#7429 = PLANE ( 'NONE',  #6461 ) ;
#7430 = LINE ( 'NONE', #5641, #5776 ) ;
#7431 = ADVANCED_FACE ( 'NONE', ( #1394 ), #5902, .T. ) ;
#7432 = EDGE_LOOP ( 'NONE', ( #1302, #4638, #620, #4874, #298, #8255 ) ) ;
#7433 = ADVANCED_FACE ( 'NONE', ( #4543 ), #99, .T. ) ;
#7434 = ORIENTED_EDGE ( 'NONE', *, *, #3174, .F. ) ;
#7435 = CIRCLE ( 'NONE', #7420, 0.02999999999999989828 ) ;
#7436 = LINE ( 'NONE', #549, #410 ) ;
#7437 = DIRECTION ( 'NONE',  ( 5.243344273594249610E-32, 1.000000000000000000, -1.200639317332292868E-47 ) ) ;
#7438 = EDGE_LOOP ( 'NONE', ( #3951, #71, #7643, #2561, #2387, #7395 ) ) ;
#7439 = LINE ( 'NONE', #3116, #821 ) ;
#7440 = VERTEX_POINT ( 'NONE', #2667 ) ;
#7441 = CARTESIAN_POINT ( 'NONE',  ( 2.977500000000000036, -1.350000000000000089, 0.1549999999999980005 ) ) ;
#7442 = CARTESIAN_POINT ( 'NONE',  ( 3.269999999999999574, 1.649999999999999911, 0.4699999999999990297 ) ) ;
#7443 = ORIENTED_EDGE ( 'NONE', *, *, #6270, .T. ) ;
#7444 = VECTOR ( 'NONE', #6680, 1000.000000000000000 ) ;
#7445 = FACE_OUTER_BOUND ( 'NONE', #5260, .T. ) ;
#7446 = DIRECTION ( 'NONE',  ( -2.232893331421829163E-16, 0.2216211035889688874, -0.9751328557914595851 ) ) ;
#7447 = CARTESIAN_POINT ( 'NONE',  ( -3.265000000000000124, -1.899999999999999911, 0.8199999999999999512 ) ) ;
#7448 = CARTESIAN_POINT ( 'NONE',  ( -3.115000000000000213, -1.147779969318961868, 0.01787644580804497937 ) ) ;
#7449 = VERTEX_POINT ( 'NONE', #6566 ) ;
#7450 = LINE ( 'NONE', #5464, #7738 ) ;
#7451 = CARTESIAN_POINT ( 'NONE',  ( -47.10249999999999915, 0.9999999999999988898, 0.03000000000000959885 ) ) ;
#7452 = AXIS2_PLACEMENT_3D ( 'NONE', #329, #2310, #2809 ) ;
#7453 = ORIENTED_EDGE ( 'NONE', *, *, #5781, .T. ) ;
#7454 = CARTESIAN_POINT ( 'NONE',  ( -3.299999999999999822, 0.8999999999999986899, 0.3099999999999999423 ) ) ;
#7455 = CARTESIAN_POINT ( 'NONE',  ( 2.174999999999999822, 1.299999999999990274, 0.04999999999999883704 ) ) ;
#7456 = ORIENTED_EDGE ( 'NONE', *, *, #6103, .T. ) ;
#7457 = VERTEX_POINT ( 'NONE', #5204 ) ;
#7458 = VERTEX_POINT ( 'NONE', #6441 ) ;
#7459 = DIRECTION ( 'NONE',  ( -0.000000000000000000, -1.065228634467009955E-16, -1.000000000000000000 ) ) ;
#7460 = CARTESIAN_POINT ( 'NONE',  ( 1.750000000000000000, 0.5100000000000000089, 0.8899999999999991251 ) ) ;
#7461 = VECTOR ( 'NONE', #7008, 1000.000000000000000 ) ;
#7462 = EDGE_CURVE ( 'NONE', #6620, #3176, #2786, .T. ) ;
#7463 = DIRECTION ( 'NONE',  ( -1.000000000000000000, 5.243344273594249610E-32, 2.289834988289389802E-16 ) ) ;
#7464 = ORIENTED_EDGE ( 'NONE', *, *, #4715, .F. ) ;
#7465 = ORIENTED_EDGE ( 'NONE', *, *, #2397, .T. ) ;
#7466 = CARTESIAN_POINT ( 'NONE',  ( -2.952500000000000124, -1.899999999999999911, 0.1799999999999999933 ) ) ;
#7467 = ORIENTED_EDGE ( 'NONE', *, *, #7061, .F. ) ;
#7468 = EDGE_CURVE ( 'NONE', #573, #1953, #847, .T. ) ;
#7469 = DIRECTION ( 'NONE',  ( -0.7071067811865520136, 0.000000000000000000, 0.7071067811865431318 ) ) ;
#7470 = LINE ( 'NONE', #4945, #2040 ) ;
#7471 = ORIENTED_EDGE ( 'NONE', *, *, #5952, .F. ) ;
#7472 = ADVANCED_FACE ( 'NONE', ( #2064 ), #5329, .T. ) ;
#7473 = ORIENTED_EDGE ( 'NONE', *, *, #5335, .T. ) ;
#7474 = FACE_OUTER_BOUND ( 'NONE', #7952, .T. ) ;
#7475 = CARTESIAN_POINT ( 'NONE',  ( 6.785000000000000142, -0.7000000000000028422, 0.3299999999999967959 ) ) ;
#7476 = EDGE_CURVE ( 'NONE', #6506, #6981, #223, .T. ) ;
#7477 = CARTESIAN_POINT ( 'NONE',  ( -3.270000000000000018, 1.045602317761259892, -0.7947080000000009692 ) ) ;
#7478 = EDGE_LOOP ( 'NONE', ( #4008, #698, #5304, #2548 ) ) ;
#7479 = CARTESIAN_POINT ( 'NONE',  ( 3.115000000000000213, -1.147779969318961868, 0.01787644580804351527 ) ) ;
#7480 = DIRECTION ( 'NONE',  ( -0.000000000000000000, -1.065228634467009955E-16, -1.000000000000000000 ) ) ;
#7481 = COLOUR_RGB ( '',1.000000000000000000, 0.000000000000000000, 1.000000000000000000 ) ;
#7482 = EDGE_CURVE ( 'NONE', #1953, #5812, #2156, .T. ) ;
#7483 = CARTESIAN_POINT ( 'NONE',  ( 3.115000000000000213, -1.600000000000000089, 0.04999999999999877459 ) ) ;
#7484 = CARTESIAN_POINT ( 'NONE',  ( 2.325000000000000178, 0.9999999999999988898, 0.3099999999999979994 ) ) ;
#7485 = EDGE_CURVE ( 'NONE', #5254, #2347, #2379, .T. ) ;
#7486 = DIRECTION ( 'NONE',  ( -1.000000000000000000, -1.144917494144693668E-16, 1.144917494144857357E-16 ) ) ;
#7487 = LINE ( 'NONE', #1781, #6746 ) ;
#7488 = ORIENTED_EDGE ( 'NONE', *, *, #5833, .T. ) ;
#7489 = LINE ( 'NONE', #3124, #4178 ) ;
#7490 = CARTESIAN_POINT ( 'NONE',  ( -1.449999999999999956, 0.9999999999999988898, 0.02999999999999914541 ) ) ;
#7491 = AXIS2_PLACEMENT_3D ( 'NONE', #6349, #1734, #629 ) ;
#7492 = ORIENTED_EDGE ( 'NONE', *, *, #4020, .T. ) ;
#7493 = PLANE ( 'NONE',  #2350 ) ;
#7494 = DIRECTION ( 'NONE',  ( 1.000000000000000000, -2.804146475863970139E-32, 2.987057121330055487E-48 ) ) ;
#7495 = ORIENTED_EDGE ( 'NONE', *, *, #3162, .F. ) ;
#7496 = VERTEX_POINT ( 'NONE', #6123 ) ;
#7497 = VERTEX_POINT ( 'NONE', #6736 ) ;
#7498 = CARTESIAN_POINT ( 'NONE',  ( -0.3249999999999980127, 0.9431866336109969717, 0.06541154699933847405 ) ) ;
#7499 = LINE ( 'NONE', #3526, #5257 ) ;
#7500 = ORIENTED_EDGE ( 'NONE', *, *, #2057, .T. ) ;
#7501 = ORIENTED_EDGE ( 'NONE', *, *, #1861, .T. ) ;
#7502 = FACE_OUTER_BOUND ( 'NONE', #738, .T. ) ;
#7503 = VECTOR ( 'NONE', #3317, 1000.000000000000000 ) ;
#7504 = ORIENTED_EDGE ( 'NONE', *, *, #5654, .T. ) ;
#7505 = CARTESIAN_POINT ( 'NONE',  ( -2.174999999999999822, 1.245779075397750235, 0.1705002310154649925 ) ) ;
#7506 = LINE ( 'NONE', #2440, #6043 ) ;
#7507 = VECTOR ( 'NONE', #974, 1000.000000000000000 ) ;
#7508 = ADVANCED_FACE ( 'NONE', ( #5414 ), #6029, .T. ) ;
#7509 = VERTEX_POINT ( 'NONE', #1699 ) ;
#7510 = DIRECTION ( 'NONE',  ( 0.000000000000000000, 0.000000000000000000, 1.000000000000000000 ) ) ;
#7511 = CARTESIAN_POINT ( 'NONE',  ( -3.115000000000000213, -1.000000000000000000, 0.8199999999999999512 ) ) ;
#7512 = CARTESIAN_POINT ( 'NONE',  ( -2.174999999999999822, 0.9999999999999988898, 0.07866077735406448723 ) ) ;
#7513 = AXIS2_PLACEMENT_3D ( 'NONE', #2715, #4633, #7908 ) ;
#7514 = DIRECTION ( 'NONE',  ( 1.000000000000000000, -5.243344273594249610E-32, -2.289834988289389802E-16 ) ) ;
#7515 = ADVANCED_FACE ( 'NONE', ( #7403 ), #4795, .T. ) ;
#7516 = DIRECTION ( 'NONE',  ( 0.000000000000000000, 0.000000000000000000, -1.000000000000000000 ) ) ;
#7517 = VERTEX_POINT ( 'NONE', #7991 ) ;
#7518 = EDGE_CURVE ( 'NONE', #2347, #990, #7359, .T. ) ;
#7519 = VECTOR ( 'NONE', #6323, 1000.000000000000000 ) ;
#7520 = EDGE_CURVE ( 'NONE', #1542, #1277, #2288, .T. ) ;
#7521 = LINE ( 'NONE', #1856, #1803 ) ;
#7522 = PLANE ( 'NONE',  #3156 ) ;
#7523 = AXIS2_PLACEMENT_3D ( 'NONE', #1105, #3671, #1149 ) ;
#7524 = CARTESIAN_POINT ( 'NONE',  ( 1.675000000000000044, 0.9999999999999988898, 0.07866077735406348803 ) ) ;
#7525 = PLANE ( 'NONE',  #1416 ) ;
#7526 = VERTEX_POINT ( 'NONE', #3635 ) ;
#7527 = DIRECTION ( 'NONE',  ( 1.000000000000000000, 0.000000000000000000, -2.289834988289389802E-16 ) ) ;
#7528 = VECTOR ( 'NONE', #5760, 1000.000000000000000 ) ;
#7529 = ADVANCED_FACE ( 'NONE', ( #5461 ), #437, .F. ) ;
#7530 = CARTESIAN_POINT ( 'NONE',  ( 0.3250000000000020095, 0.9431866336109967497, 0.06541154699933815486 ) ) ;
#7531 = ADVANCED_FACE ( 'NONE', ( #4831 ), #1648, .T. ) ;
#7532 = AXIS2_PLACEMENT_3D ( 'NONE', #5286, #2111, #721 ) ;
#7533 = VECTOR ( 'NONE', #7724, 1000.000000000000000 ) ;
#7534 = VERTEX_POINT ( 'NONE', #5498 ) ;
#7535 = CARTESIAN_POINT ( 'NONE',  ( -3.299999999999999822, -0.02000000000000091635, 0.8400000000000101830 ) ) ;
#7536 = LINE ( 'NONE', #1831, #7267 ) ;
#7537 = ORIENTED_EDGE ( 'NONE', *, *, #733, .T. ) ;
#7538 = ORIENTED_EDGE ( 'NONE', *, *, #273, .F. ) ;
#7539 = VECTOR ( 'NONE', #1366, 1000.000000000000000 ) ;
#7540 = ORIENTED_EDGE ( 'NONE', *, *, #5597, .T. ) ;
#7541 = VECTOR ( 'NONE', #7107, 1000.000000000000000 ) ;
#7542 = LINE ( 'NONE', #5236, #4372 ) ;
#7543 = CIRCLE ( 'NONE', #2227, 0.05000000000000070360 ) ;
#7544 = VECTOR ( 'NONE', #3258, 1000.000000000000000 ) ;
#7545 = LINE ( 'NONE', #5753, #4238 ) ;
#7546 = CARTESIAN_POINT ( 'NONE',  ( -6.785000000000000142, -1.199999999999999956, 0.7200000000000009726 ) ) ;
#7547 = EDGE_LOOP ( 'NONE', ( #7974, #1075, #6622, #101 ) ) ;
#7548 = ORIENTED_EDGE ( 'NONE', *, *, #6908, .F. ) ;
#7549 = PLANE ( 'NONE',  #1818 ) ;
#7550 = ORIENTED_EDGE ( 'NONE', *, *, #282, .F. ) ;
#7551 = CARTESIAN_POINT ( 'NONE',  ( 0.1750000000000009881, 0.9431866336109969717, 0.06541154699933829364 ) ) ;
#7552 = FACE_OUTER_BOUND ( 'NONE', #5960, .T. ) ;
#7553 = VECTOR ( 'NONE', #5161, 1000.000000000000000 ) ;
#7554 = VERTEX_POINT ( 'NONE', #4216 ) ;
#7555 = DIRECTION ( 'NONE',  ( -0.000000000000000000, -1.065228634467009955E-16, -1.000000000000000000 ) ) ;
#7556 = CARTESIAN_POINT ( 'NONE',  ( -2.174999999999999822, 0.9431866336109969717, 0.06541154699933886263 ) ) ;
#7557 = DIRECTION ( 'NONE',  ( 0.7071067811865520136, -0.000000000000000000, 0.7071067811865431318 ) ) ;
#7558 = LINE ( 'NONE', #4409, #2625 ) ;
#7559 = PLANE ( 'NONE',  #6848 ) ;
#7560 = EDGE_LOOP ( 'NONE', ( #1347, #5670, #3547, #7742 ) ) ;
#7561 = EDGE_CURVE ( 'NONE', #1485, #1895, #2250, .T. ) ;
#7562 = LINE ( 'NONE', #7483, #7784 ) ;
#7563 = CARTESIAN_POINT ( 'NONE',  ( 3.299999999999998490, 0.8999999999999980238, 0.9999999999999986677 ) ) ;
#7564 = CARTESIAN_POINT ( 'NONE',  ( 0.8250000000000019540, 0.9999999999999988898, 0.07866077735406377947 ) ) ;
#7565 = DIRECTION ( 'NONE',  ( -1.000000000000000000, 5.243344273594249610E-32, 2.289834988289389802E-16 ) ) ;
#7566 = ORIENTED_EDGE ( 'NONE', *, *, #3416, .F. ) ;
#7567 = PLANE ( 'NONE',  #7614 ) ;
#7568 = DIRECTION ( 'NONE',  ( 1.000000000000000000, -0.000000000000000000, -2.289834988289389802E-16 ) ) ;
#7569 = EDGE_CURVE ( 'NONE', #4353, #6677, #1740, .T. ) ;
#7570 = VECTOR ( 'NONE', #2963, 1000.000000000000000 ) ;
#7571 = ORIENTED_EDGE ( 'NONE', *, *, #3109, .T. ) ;
#7572 = DIRECTION ( 'NONE',  ( 0.000000000000000000, 2.289834988289389802E-16, 1.000000000000000000 ) ) ;
#7573 = CARTESIAN_POINT ( 'NONE',  ( 0.6750000000000010436, 0.9499999999999869660, 0.03619548911246069783 ) ) ;
#7574 = ADVANCED_FACE ( 'NONE', ( #5368 ), #3539, .T. ) ;
#7575 = EDGE_LOOP ( 'NONE', ( #3552, #2280, #1735, #7759 ) ) ;
#7576 = EDGE_CURVE ( 'NONE', #59, #3645, #2827, .T. ) ;
#7577 = ORIENTED_EDGE ( 'NONE', *, *, #1240, .F. ) ;
#7578 = VECTOR ( 'NONE', #586, 1000.000000000000000 ) ;
#7579 = EDGE_LOOP ( 'NONE', ( #1090, #256, #1331, #1290, #7297, #8248 ) ) ;
#7580 = EDGE_CURVE ( 'NONE', #6001, #1201, #7900, .T. ) ;
#7581 =( NAMED_UNIT ( * ) PLANE_ANGLE_UNIT ( ) SI_UNIT ( $, .RADIAN. ) );
#7582 = DIRECTION ( 'NONE',  ( 0.7071067811865510144, 0.7071067811865441310, -3.238315696035290518E-16 ) ) ;
#7583 = DIRECTION ( 'NONE',  ( -1.000000000000000000, 2.804146475863970139E-32, -2.987057121330055487E-48 ) ) ;
#7584 = EDGE_CURVE ( 'NONE', #5168, #3808, #1026, .T. ) ;
#7585 = ORIENTED_EDGE ( 'NONE', *, *, #3783, .F. ) ;
#7586 = ORIENTED_EDGE ( 'NONE', *, *, #5755, .T. ) ;
#7587 = CARTESIAN_POINT ( 'NONE',  ( 0.04999999999999783784, 0.6999999999999992895, 0.02999999999999887826 ) ) ;
#7588 = EDGE_CURVE ( 'NONE', #8237, #6501, #2200, .T. ) ;
#7589 = ORIENTED_EDGE ( 'NONE', *, *, #7485, .F. ) ;
#7590 = CARTESIAN_POINT ( 'NONE',  ( 1.425000000000000044, 0.8499999999999989786, 0.05499999999999850148 ) ) ;
#7591 = PLANE ( 'NONE',  #2331 ) ;
#7592 = VECTOR ( 'NONE', #4898, 1000.000000000000000 ) ;
#7593 = ORIENTED_EDGE ( 'NONE', *, *, #4231, .F. ) ;
#7594 = CARTESIAN_POINT ( 'NONE',  ( -2.174999999999999822, 1.299999999999994715, 0.1099999999999989736 ) ) ;
#7595 = CARTESIAN_POINT ( 'NONE',  ( 1.925000000000000044, 0.8499999999999999778, 0.05499999999999820310 ) ) ;
#7596 = DIRECTION ( 'NONE',  ( 2.289834988289389802E-16, -0.000000000000000000, 1.000000000000000000 ) ) ;
#7597 = CARTESIAN_POINT ( 'NONE',  ( 3.270000000000000018, 1.899999999999999911, 0.8899999999999987921 ) ) ;
#7598 = CARTESIAN_POINT ( 'NONE',  ( -3.270000000000000018, 1.899999999999999911, -0.7947080000000009692 ) ) ;
#7599 = VECTOR ( 'NONE', #7555, 1000.000000000000000 ) ;
#7600 = CARTESIAN_POINT ( 'NONE',  ( -0.4500000000000020095, 0.6999999999999990674, 0.02999999999999893030 ) ) ;
#7601 = FACE_OUTER_BOUND ( 'NONE', #2904, .T. ) ;
#7602 = CARTESIAN_POINT ( 'NONE',  ( -1.175000000000000044, 0.9199999999999870504, 0.1705002310154649925 ) ) ;
#7603 = CARTESIAN_POINT ( 'NONE',  ( -3.265000000000000124, -1.899999999999999911, 0.8199999999999999512 ) ) ;
#7604 = EDGE_LOOP ( 'NONE', ( #6014, #2933, #2511, #5315, #1860, #4150 ) ) ;
#7605 = CARTESIAN_POINT ( 'NONE',  ( 0.3250000000000020095, 0.9999999999999988898, 0.1705002310154649925 ) ) ;
#7606 = DIRECTION ( 'NONE',  ( 2.804146475863970139E-32, 1.000000000000000000, -1.065228634467009955E-16 ) ) ;
#7607 = CARTESIAN_POINT ( 'NONE',  ( 0.4000000000000010214, 0.9999999999999988898, 0.07999999999999869715 ) ) ;
#7608 = EDGE_CURVE ( 'NONE', #317, #516, #7281, .T. ) ;
#7609 = EDGE_LOOP ( 'NONE', ( #4225, #4201, #1280, #6702 ) ) ;
#7610 = DIRECTION ( 'NONE',  ( -5.326143172335051625E-17, -1.000000000000000000, 5.326143172335119418E-17 ) ) ;
#7611 = CARTESIAN_POINT ( 'NONE',  ( -2.952500000000001901, -1.900000000000000133, 1.000000000000000444 ) ) ;
#7612 = ORIENTED_EDGE ( 'NONE', *, *, #3523, .T. ) ;
#7613 = ORIENTED_EDGE ( 'NONE', *, *, #4018, .T. ) ;
#7614 = AXIS2_PLACEMENT_3D ( 'NONE', #5113, #1896, #4417 ) ;
#7615 = ORIENTED_EDGE ( 'NONE', *, *, #1142, .F. ) ;
#7616 = ADVANCED_FACE ( 'NONE', ( #306 ), #3046, .F. ) ;
#7617 = ADVANCED_FACE ( 'NONE', ( #10 ), #6937, .F. ) ;
#7618 = EDGE_CURVE ( 'NONE', #1592, #531, #4340, .T. ) ;
#7619 = CARTESIAN_POINT ( 'NONE',  ( -0.6749999999999980460, 0.9999999999999988898, 0.07866077735406419580 ) ) ;
#7620 = CARTESIAN_POINT ( 'NONE',  ( 2.764999999999999236, -1.199999999999999956, 0.7199999999999988631 ) ) ;
#7621 = VERTEX_POINT ( 'NONE', #7564 ) ;
#7622 = ORIENTED_EDGE ( 'NONE', *, *, #3201, .F. ) ;
#7623 = ORIENTED_EDGE ( 'NONE', *, *, #4519, .T. ) ;
#7624 = PLANE ( 'NONE',  #2879 ) ;
#7625 = EDGE_CURVE ( 'NONE', #3550, #7912, #5700, .T. ) ;
#7626 = DIRECTION ( 'NONE',  ( 0.000000000000000000, -0.9738685962292472631, -0.2271122129663562805 ) ) ;
#7627 = EDGE_CURVE ( 'NONE', #778, #8067, #1266, .T. ) ;
#7628 = VECTOR ( 'NONE', #6977, 1000.000000000000000 ) ;
#7629 = ORIENTED_EDGE ( 'NONE', *, *, #6594, .T. ) ;
#7630 = CARTESIAN_POINT ( 'NONE',  ( -0.3249999999999980127, 0.9499999999999869660, 0.03619548911246100314 ) ) ;
#7631 = FACE_OUTER_BOUND ( 'NONE', #3652, .T. ) ;
#7632 = DIRECTION ( 'NONE',  ( 0.000000000000000000, 0.000000000000000000, 1.000000000000000000 ) ) ;
#7633 = CLOSED_SHELL ( 'NONE', ( #8239, #3804, #272, #1217, #955, #3053, #6646, #8036, #125, #7574, #7062, #6157, #533, #4421, #6161, #3630, #1253, #7515, #2729, #3904, #6961, #2843, #2967, #6301, #7116, #939, #501, #4336, #6366, #4691, #6942, #5044, #2120, #2121, #8136, #4953, #7947, #3017, #1744, #1865, #4301, #7063, #5270, #6446, #5390, #6950, #2798, #7207, #2171, #5301, #1966, #7864, #4284, #7472, #5846, #5984, #7508, #1251, #742, #2583, #6869, #3062, #3406, #5991, #5547, #6766, #2245, #7531, #4191, #225, #3877, #7322, #1961, #3821, #5940, #535, #6251, #3308, #3348, #3145, #1668, #6218, #680, #2850, #583, #1307, #271, #1357, #3316, #3775, #570, #720, #1446, #5667, #7433, #2048, #2453, #6496, #452, #2409, #6452, #1243, #1666, #1196, #2692, #172, #6504, #1409, #6056, #6305, #5615, #6909, #5898, #6756, #439, #1104, #20, #7431, #3450, #4936, #74, #3919, #5327, #1755, #2684, #62, #4346, #7051, #2302, #2594, #7617, #5856, #6509, #800, #6808, #2866, #1053, #4799, #6147, #425, #4139, #207, #1349, #5879, #3512, #339, #4791, #4991, #4384, #4344, #6823, #1303, #786, #3255, #5248, #3217, #5743, #7924, #2340, #4982, #7314, #1602, #7716, #1066, #4476, #4393, #6857, #2246, #1653, #7839, #3000, #5344, #3310, #7668, #6201, #5505, #7997, #5136, #3661, #4247, #7719, #8084, #7727, #7325, #263, #6035, #6044, #1113, #5081, #2008, #8007, #2294, #1821, #5558, #7113, #578, #169, #4587, #3974, #8252, #6965, #7356, #3810, #3607, #6272, #2752, #6608, #2487, #7766, #6400, #1419, #1399, #7219, #8098, #634, #1453, #1727, #1827, #3815, #6540, #2602, #7616, #1905, #1502, #1455, #6105, #174, #7762, #2432, #985, #383, #3564, #1258, #1296, #6222, #8230, #1204, #7988, #5706, #2740, #953, #5088, #2448, #2019, #5048, #5886, #2741, #4631, #7807, #4180, #112, #3500, #4489, #8242, #5847, #5939, #7529 ) ) ;
#7634 = DIRECTION ( 'NONE',  ( 5.243344273594249610E-32, 1.000000000000000000, -1.200639317332292868E-47 ) ) ;
#7635 = CARTESIAN_POINT ( 'NONE',  ( 3.115000000000000213, -1.649999999999999911, 0.1199999999999980388 ) ) ;
#7636 = ORIENTED_EDGE ( 'NONE', *, *, #6397, .F. ) ;
#7637 = VECTOR ( 'NONE', #4602, 1000.000000000000000 ) ;
#7638 = CARTESIAN_POINT ( 'NONE',  ( 3.265000000000000124, -1.649999999999999911, 0.1699999999999980138 ) ) ;
#7639 = DIRECTION ( 'NONE',  ( 0.7071067811865336949, -0.7071067811865613395, 0.000000000000000000 ) ) ;
#7640 = LINE ( 'NONE', #7602, #3461 ) ;
#7641 = DIRECTION ( 'NONE',  ( 0.000000000000000000, 1.065228634467009955E-16, 1.000000000000000000 ) ) ;
#7642 = AXIS2_PLACEMENT_3D ( 'NONE', #6920, #1245, #693 ) ;
#7643 = ORIENTED_EDGE ( 'NONE', *, *, #1565, .F. ) ;
#7644 = LINE ( 'NONE', #2459, #5223 ) ;
#7645 = CARTESIAN_POINT ( 'NONE',  ( -0.5499999999999979350, 0.9999999999999988898, 0.02999999999999838213 ) ) ;
#7646 = CARTESIAN_POINT ( 'NONE',  ( 0.9250000000000010436, 0.8499999999999989786, 0.05499999999999870270 ) ) ;
#7647 = AXIS2_PLACEMENT_3D ( 'NONE', #5664, #7649, #5046 ) ;
#7648 = VERTEX_POINT ( 'NONE', #1858 ) ;
#7649 = DIRECTION ( 'NONE',  ( 2.229998385641999896E-16, -0.2271122129663560585, 0.9738685962292472631 ) ) ;
#7650 = CARTESIAN_POINT ( 'NONE',  ( -2.400000000000000799, 0.9199999999999990408, 0.07999999999999891920 ) ) ;
#7651 = VECTOR ( 'NONE', #2521, 1000.000000000000000 ) ;
#7652 = VERTEX_POINT ( 'NONE', #7524 ) ;
#7653 = ORIENTED_EDGE ( 'NONE', *, *, #3105, .T. ) ;
#7654 = EDGE_LOOP ( 'NONE', ( #7038, #3625, #2392, #999 ) ) ;
#7655 = DIRECTION ( 'NONE',  ( -2.289834988289389802E-16, 0.000000000000000000, -1.000000000000000000 ) ) ;
#7656 = EDGE_CURVE ( 'NONE', #2531, #1750, #1191, .T. ) ;
#7657 = VECTOR ( 'NONE', #7374, 1000.000000000000000 ) ;
#7658 = FACE_OUTER_BOUND ( 'NONE', #4174, .T. ) ;
#7659 = CARTESIAN_POINT ( 'NONE',  ( 1.824999999999999956, 1.673724317761259961, 0.3099999999999978884 ) ) ;
#7660 = EDGE_CURVE ( 'NONE', #3295, #991, #7640, .T. ) ;
#7661 = ORIENTED_EDGE ( 'NONE', *, *, #6209, .F. ) ;
#7662 = ORIENTED_EDGE ( 'NONE', *, *, #4034, .F. ) ;
#7663 = VECTOR ( 'NONE', #3198, 1000.000000000000000 ) ;
#7664 = EDGE_LOOP ( 'NONE', ( #1119, #2987, #6011, #6134, #6765, #5914, #5488, #4707, #7962, #4693, #3847 ) ) ;
#7665 = DIRECTION ( 'NONE',  ( -5.243344273594249610E-32, -1.000000000000000000, 1.200639317332292868E-47 ) ) ;
#7666 = EDGE_CURVE ( 'NONE', #4931, #1634, #6250, .T. ) ;
#7667 = CARTESIAN_POINT ( 'NONE',  ( 3.265000000000000124, -1.824999999999989964, 0.3978428499183340183 ) ) ;
#7668 = ADVANCED_FACE ( 'NONE', ( #4996 ), #6825, .T. ) ;
#7669 = VECTOR ( 'NONE', #8042, 1000.000000000000000 ) ;
#7670 = ORIENTED_EDGE ( 'NONE', *, *, #2958, .T. ) ;
#7671 = LINE ( 'NONE', #2567, #4291 ) ;
#7672 = LINE ( 'NONE', #3898, #3605 ) ;
#7673 = EDGE_CURVE ( 'NONE', #3969, #2278, #6360, .T. ) ;
#7674 = EDGE_CURVE ( 'NONE', #2128, #6725, #2498, .T. ) ;
#7675 = DIRECTION ( 'NONE',  ( 1.000000000000000000, -5.243344273594249610E-32, -2.289834988289389802E-16 ) ) ;
#7676 = CARTESIAN_POINT ( 'NONE',  ( -0.6749999999999980460, 0.9199999999999868283, -6.970639343517602685E-16 ) ) ;
#7677 = CARTESIAN_POINT ( 'NONE',  ( -2.325000000000000178, 0.9199999999999860512, -3.685246552365122542E-16 ) ) ;
#7678 = VECTOR ( 'NONE', #4118, 1000.000000000000000 ) ;
#7679 = EDGE_LOOP ( 'NONE', ( #777, #2854, #7979, #1234 ) ) ;
#7680 = EDGE_CURVE ( 'NONE', #5967, #3595, #5620, .T. ) ;
#7681 = CARTESIAN_POINT ( 'NONE',  ( -2.337500000000000355, 0.9199999999999990408, 0.07999999999999950206 ) ) ;
#7682 = DIRECTION ( 'NONE',  ( -2.289834988289389802E-16, 0.000000000000000000, -1.000000000000000000 ) ) ;
#7683 = FACE_OUTER_BOUND ( 'NONE', #2757, .T. ) ;
#7684 = DIRECTION ( 'NONE',  ( -2.289834988289389802E-16, 0.000000000000000000, -1.000000000000000000 ) ) ;
#7685 = EDGE_LOOP ( 'NONE', ( #490, #2299, #6790, #3600 ) ) ;
#7686 = DIRECTION ( 'NONE',  ( -2.289834988289389802E-16, 0.000000000000000000, -1.000000000000000000 ) ) ;
#7687 = CARTESIAN_POINT ( 'NONE',  ( -1.337499999999999911, 0.9199999999999990408, 0.07999999999999930778 ) ) ;
#7688 = PLANE ( 'NONE',  #4769 ) ;
#7689 = DIRECTION ( 'NONE',  ( -1.000000000000000000, 0.000000000000000000, -0.000000000000000000 ) ) ;
#7690 = LINE ( 'NONE', #846, #1140 ) ;
#7691 = SURFACE_STYLE_USAGE ( .BOTH. , #5783 ) ;
#7692 = LINE ( 'NONE', #723, #3705 ) ;
#7693 = ORIENTED_EDGE ( 'NONE', *, *, #3676, .T. ) ;
#7694 = ORIENTED_EDGE ( 'NONE', *, *, #1174, .T. ) ;
#7695 = ORIENTED_EDGE ( 'NONE', *, *, #7925, .F. ) ;
#7696 = FACE_OUTER_BOUND ( 'NONE', #2229, .T. ) ;
#7697 = VECTOR ( 'NONE', #2818, 1000.000000000000000 ) ;
#7698 = VECTOR ( 'NONE', #3085, 1000.000000000000000 ) ;
#7699 = CARTESIAN_POINT ( 'NONE',  ( 3.265000000000000124, -1.649999999999999911, 0.1699999999999979028 ) ) ;
#7700 = CARTESIAN_POINT ( 'NONE',  ( -1.824999999999999956, 1.299999999999999378, 0.1099999999999990152 ) ) ;
#7701 = ORIENTED_EDGE ( 'NONE', *, *, #3556, .F. ) ;
#7702 = ORIENTED_EDGE ( 'NONE', *, *, #3213, .T. ) ;
#7703 = ORIENTED_EDGE ( 'NONE', *, *, #3455, .T. ) ;
#7704 = CARTESIAN_POINT ( 'NONE',  ( 3.102500000000000036, -1.899999999999999911, 0.1799999999999979672 ) ) ;
#7705 = FACE_OUTER_BOUND ( 'NONE', #6673, .T. ) ;
#7706 = VECTOR ( 'NONE', #1183, 1000.000000000000000 ) ;
#7707 = EDGE_CURVE ( 'NONE', #5267, #2938, #2419, .T. ) ;
#7708 = ORIENTED_EDGE ( 'NONE', *, *, #7674, .F. ) ;
#7709 = EDGE_CURVE ( 'NONE', #5026, #318, #3789, .T. ) ;
#7710 = LINE ( 'NONE', #703, #3885 ) ;
#7711 = LINE ( 'NONE', #3313, #3202 ) ;
#7712 = CARTESIAN_POINT ( 'NONE',  ( 1.324999999999999956, 1.245779075397750235, 0.1705002310154649925 ) ) ;
#7713 = LINE ( 'NONE', #6312, #3673 ) ;
#7714 = VERTEX_POINT ( 'NONE', #5735 ) ;
#7715 = EDGE_CURVE ( 'NONE', #5812, #246, #3197, .T. ) ;
#7716 = ADVANCED_FACE ( 'NONE', ( #3719 ), #3752, .T. ) ;
#7717 = CIRCLE ( 'NONE', #4155, 0.05000000000000002359 ) ;
#7718 = LINE ( 'NONE', #45, #718 ) ;
#7719 = ADVANCED_FACE ( 'NONE', ( #522 ), #8156, .T. ) ;
#7720 = CARTESIAN_POINT ( 'NONE',  ( 3.265000000000000124, -1.100000000000000089, 0.4599999999999979661 ) ) ;
#7721 = FACE_OUTER_BOUND ( 'NONE', #5350, .T. ) ;
#7722 = DIRECTION ( 'NONE',  ( -2.289834988289389802E-16, -2.289834988289389802E-16, -1.000000000000000000 ) ) ;
#7723 = VERTEX_POINT ( 'NONE', #4655 ) ;
#7724 = DIRECTION ( 'NONE',  ( -1.000000000000000000, -0.000000000000000000, 2.289834988289389802E-16 ) ) ;
#7725 = LINE ( 'NONE', #53, #8222 ) ;
#7726 = DIRECTION ( 'NONE',  ( -1.000000000000000000, -1.144917494144693668E-16, 1.144917494144857357E-16 ) ) ;
#7727 = ADVANCED_FACE ( 'NONE', ( #835 ), #2101, .T. ) ;
#7728 = EDGE_CURVE ( 'NONE', #4321, #2710, #3871, .T. ) ;
#7729 = CARTESIAN_POINT ( 'NONE',  ( -2.174999999999999822, 0.9199999999999870504, 0.1705002310154649925 ) ) ;
#7730 = CARTESIAN_POINT ( 'NONE',  ( 1.675000000000000266, 0.9999999999999988898, 0.3099999999999970002 ) ) ;
#7731 = DIRECTION ( 'NONE',  ( -1.000000000000000000, 0.000000000000000000, 2.289834988289389802E-16 ) ) ;
#7732 = DIRECTION ( 'NONE',  ( -1.000000000000000000, -0.000000000000000000, -0.000000000000000000 ) ) ;
#7733 = ORIENTED_EDGE ( 'NONE', *, *, #1465, .F. ) ;
#7734 = DIRECTION ( 'NONE',  ( 1.000000000000000000, -5.243344273594249610E-32, -2.289834988289389802E-16 ) ) ;
#7735 = ORIENTED_EDGE ( 'NONE', *, *, #7378, .T. ) ;
#7736 = ORIENTED_EDGE ( 'NONE', *, *, #3248, .T. ) ;
#7737 = DIRECTION ( 'NONE',  ( 0.2163711612039573018, 0.9520331092974138043, 0.2163711612039584120 ) ) ;
#7738 = VECTOR ( 'NONE', #4268, 1000.000000000000000 ) ;
#7739 = ORIENTED_EDGE ( 'NONE', *, *, #2231, .F. ) ;
#7740 = CARTESIAN_POINT ( 'NONE',  ( 3.299999999999999822, 0.6948629999999990092, 0.8416139999999979748 ) ) ;
#7741 = EDGE_LOOP ( 'NONE', ( #1484, #1812, #7239, #117, #6539, #493 ) ) ;
#7742 = ORIENTED_EDGE ( 'NONE', *, *, #2276, .F. ) ;
#7743 = VERTEX_POINT ( 'NONE', #1429 ) ;
#7744 = CARTESIAN_POINT ( 'NONE',  ( -3.270000000000000018, 0.4600000000000000200, -0.7947080000000009692 ) ) ;
#7745 = CARTESIAN_POINT ( 'NONE',  ( -6.785000000000000142, -1.100000000000000089, 0.7200000000000009726 ) ) ;
#7746 = VECTOR ( 'NONE', #7557, 999.9999999999998863 ) ;
#7747 = ORIENTED_EDGE ( 'NONE', *, *, #782, .F. ) ;
#7748 = LINE ( 'NONE', #4645, #5995 ) ;
#7749 = DIRECTION ( 'NONE',  ( -2.439197797730288502E-32, 1.000000000000000000, -1.065228634467009955E-16 ) ) ;
#7750 = CARTESIAN_POINT ( 'NONE',  ( -2.764999999999999680, -1.199999999999994404, 0.2999999999999995448 ) ) ;
#7751 = CARTESIAN_POINT ( 'NONE',  ( -3.265000000000000124, -1.600000000000000089, 0.1200000000000000094 ) ) ;
#7752 = ORIENTED_EDGE ( 'NONE', *, *, #2898, .F. ) ;
#7753 = EDGE_CURVE ( 'NONE', #3796, #6632, #6517, .T. ) ;
#7754 = CARTESIAN_POINT ( 'NONE',  ( 3.269999999999999574, 0.4600000000000005751, 0.8899999999999992362 ) ) ;
#7755 = CARTESIAN_POINT ( 'NONE',  ( 2.933678328689710124, -0.8000000000000010436, 0.1799999999999979672 ) ) ;
#7756 = CARTESIAN_POINT ( 'NONE',  ( -1.250000000000000000, 1.649999999999999911, 0.3099999999999979994 ) ) ;
#7757 = DIRECTION ( 'NONE',  ( -1.000000000000000000, 0.000000000000000000, 2.289834988289389802E-16 ) ) ;
#7758 = EDGE_CURVE ( 'NONE', #3179, #6175, #2658, .T. ) ;
#7759 = ORIENTED_EDGE ( 'NONE', *, *, #3786, .T. ) ;
#7760 = DIRECTION ( 'NONE',  ( 2.289834988289389802E-16, 0.000000000000000000, 1.000000000000000000 ) ) ;
#7761 = AXIS2_PLACEMENT_3D ( 'NONE', #8057, #3030, #5566 ) ;
#7762 = ADVANCED_FACE ( 'NONE', ( #7721 ), #5931, .T. ) ;
#7763 = CARTESIAN_POINT ( 'NONE',  ( 3.269999999999999574, 0.4600000000000005751, 0.8899999999999992362 ) ) ;
#7764 = LINE ( 'NONE', #2623, #1704 ) ;
#7765 = DIRECTION ( 'NONE',  ( -5.326143172335051625E-17, -1.000000000000000000, 5.326143172335119418E-17 ) ) ;
#7766 = ADVANCED_FACE ( 'NONE', ( #1309 ), #3907, .T. ) ;
#7767 = AXIS2_PLACEMENT_3D ( 'NONE', #4410, #431, #7516 ) ;
#7768 = AXIS2_PLACEMENT_3D ( 'NONE', #775, #2210, #4097 ) ;
#7769 = DIRECTION ( 'NONE',  ( 1.000000000000000000, -5.243344273594249610E-32, -2.289834988289389802E-16 ) ) ;
#7770 = DIRECTION ( 'NONE',  ( 0.000000000000000000, 0.000000000000000000, -1.000000000000000000 ) ) ;
#7771 = PRESENTATION_STYLE_ASSIGNMENT (( #7691 ) ) ;
#7772 = DIRECTION ( 'NONE',  ( -2.439197797730288502E-32, 1.000000000000000000, -1.065228634467009955E-16 ) ) ;
#7773 = EDGE_LOOP ( 'NONE', ( #6570, #6095, #6666, #7164 ) ) ;
#7774 = DIRECTION ( 'NONE',  ( -2.439197797730288502E-32, 1.000000000000000000, -1.065228634467009955E-16 ) ) ;
#7775 = ORIENTED_EDGE ( 'NONE', *, *, #3263, .T. ) ;
#7776 = VERTEX_POINT ( 'NONE', #2617 ) ;
#7777 = DIRECTION ( 'NONE',  ( 0.000000000000000000, 1.065228634467009955E-16, 1.000000000000000000 ) ) ;
#7778 = EDGE_CURVE ( 'NONE', #4359, #3969, #1344, .T. ) ;
#7779 = AXIS2_PLACEMENT_3D ( 'NONE', #3430, #2135, #6172 ) ;
#7780 = ORIENTED_EDGE ( 'NONE', *, *, #7047, .F. ) ;
#7781 = CARTESIAN_POINT ( 'NONE',  ( -41.67662438884190834, 0.9999999999999988898, 1.000000000000009326 ) ) ;
#7782 = ORIENTED_EDGE ( 'NONE', *, *, #4929, .F. ) ;
#7783 = ORIENTED_EDGE ( 'NONE', *, *, #6657, .F. ) ;
#7784 = VECTOR ( 'NONE', #594, 1000.000000000000000 ) ;
#7785 = ORIENTED_EDGE ( 'NONE', *, *, #6493, .F. ) ;
#7786 = DIRECTION ( 'NONE',  ( 0.000000000000000000, -0.9738685962292472631, -0.2271122129663562805 ) ) ;
#7787 = VECTOR ( 'NONE', #417, 1000.000000000000000 ) ;
#7788 = LINE ( 'NONE', #4640, #350 ) ;
#7789 = AXIS2_PLACEMENT_3D ( 'NONE', #5704, #5114, #8047 ) ;
#7790 = ORIENTED_EDGE ( 'NONE', *, *, #948, .T. ) ;
#7791 = PLANE ( 'NONE',  #6581 ) ;
#7792 = CARTESIAN_POINT ( 'NONE',  ( 1.675000000000000044, 0.9431866336109969717, 0.06541154699933786343 ) ) ;
#7793 = DIRECTION ( 'NONE',  ( -2.289834988289389802E-16, 0.000000000000000000, -1.000000000000000000 ) ) ;
#7794 = DIRECTION ( 'NONE',  ( -1.000000000000000000, 5.243344273594249610E-32, 2.289834988289389802E-16 ) ) ;
#7795 = VECTOR ( 'NONE', #2464, 1000.000000000000000 ) ;
#7796 = LINE ( 'NONE', #6013, #4857 ) ;
#7797 = ORIENTED_EDGE ( 'NONE', *, *, #3827, .F. ) ;
#7798 = AXIS2_PLACEMENT_3D ( 'NONE', #3693, #6178, #500 ) ;
#7799 = VECTOR ( 'NONE', #7427, 1000.000000000000000 ) ;
#7800 =( BOUNDED_CURVE ( )  B_SPLINE_CURVE ( 3, ( #7763, #7854, #5234, #3285 ),
 .UNSPECIFIED., .F., .F. ) 
 B_SPLINE_CURVE_WITH_KNOTS ( ( 4, 4 ),
 ( 4.712388980384694115, 6.283185307179586232 ),
 .UNSPECIFIED. ) 
 CURVE ( )  GEOMETRIC_REPRESENTATION_ITEM ( )  RATIONAL_B_SPLINE_CURVE ( ( 1.000000000000000000, 0.8047378541243661587, 0.8047378541243661587, 1.000000000000000000 ) ) 
 REPRESENTATION_ITEM ( '' )  );
#7801 = VECTOR ( 'NONE', #4341, 1000.000000000000114 ) ;
#7802 = CARTESIAN_POINT ( 'NONE',  ( 0.8250000000000019540, 1.349999999999999867, 0.3099999999999984435 ) ) ;
#7803 = VECTOR ( 'NONE', #6605, 1000.000000000000114 ) ;
#7804 = CARTESIAN_POINT ( 'NONE',  ( -0.1749999999999980183, 1.249999999999990008, -1.002887009549091601E-15 ) ) ;
#7805 = CARTESIAN_POINT ( 'NONE',  ( -1.675000000000000044, 1.349999999999999867, 0.3099999999999988320 ) ) ;
#7806 = PLANE ( 'NONE',  #1159 ) ;
#7807 = ADVANCED_FACE ( 'NONE', ( #7020 ), #3993, .F. ) ;
#7808 = ORIENTED_EDGE ( 'NONE', *, *, #3098, .F. ) ;
#7809 = AXIS2_PLACEMENT_3D ( 'NONE', #2052, #836, #6479 ) ;
#7810 = CARTESIAN_POINT ( 'NONE',  ( 2.174999999999999822, 1.349999999999999867, 0.3099999999999979439 ) ) ;
#7811 = LINE ( 'NONE', #6603, #5277 ) ;
#7812 = CARTESIAN_POINT ( 'NONE',  ( 1.324999999999999956, 0.9999999999999988898, 0.1705002310154649925 ) ) ;
#7813 = CARTESIAN_POINT ( 'NONE',  ( -3.299999999999997158, 0.8999999999999978018, 1.000000000000000444 ) ) ;
#7814 = EDGE_CURVE ( 'NONE', #4453, #1319, #3359, .T. ) ;
#7815 = VECTOR ( 'NONE', #5080, 1000.000000000000000 ) ;
#7816 = LINE ( 'NONE', #2784, #3175 ) ;
#7817 = CARTESIAN_POINT ( 'NONE',  ( 1.324999999999999956, 0.9431866336109967497, 0.06541154699933789118 ) ) ;
#7818 = CARTESIAN_POINT ( 'NONE',  ( 0.4500000000000028977, 0.9999999999999988898, 0.02999999999999731354 ) ) ;
#7819 = DIRECTION ( 'NONE',  ( 0.000000000000000000, 2.289834988289389802E-16, 1.000000000000000000 ) ) ;
#7820 = ORIENTED_EDGE ( 'NONE', *, *, #7618, .T. ) ;
#7822 = EDGE_CURVE ( 'NONE', #1805, #5060, #6556, .T. ) ;
#7821 = FACE_OUTER_BOUND ( 'NONE', #5251, .T. ) ;
#7823 = ORIENTED_EDGE ( 'NONE', *, *, #3961, .F. ) ;
#7824 = VERTEX_POINT ( 'NONE', #5273 ) ;
#7825 = CARTESIAN_POINT ( 'NONE',  ( 3.115000000000000213, -1.100000000000000089, 0.4599999999999980771 ) ) ;
#7826 = EDGE_CURVE ( 'NONE', #4862, #4884, #5319, .T. ) ;
#7827 = EDGE_CURVE ( 'NONE', #2588, #2239, #5195, .T. ) ;
#7828 = VECTOR ( 'NONE', #681, 1000.000000000000000 ) ;
#7829 = ORIENTED_EDGE ( 'NONE', *, *, #5952, .T. ) ;
#7830 = CARTESIAN_POINT ( 'NONE',  ( 3.270000000000000018, 1.899999999999999911, 0.9399999999999980593 ) ) ;
#7831 = VERTEX_POINT ( 'NONE', #5230 ) ;
#7832 = EDGE_CURVE ( 'NONE', #140, #2371, #2051, .T. ) ;
#7833 = ORIENTED_EDGE ( 'NONE', *, *, #6216, .F. ) ;
#7834 = VERTEX_POINT ( 'NONE', #7805 ) ;
#7835 = CARTESIAN_POINT ( 'NONE',  ( -3.102500000000000036, -0.8000000000000018208, 0.1799999999999998823 ) ) ;
#7836 = LINE ( 'NONE', #4681, #5024 ) ;
#7837 = VECTOR ( 'NONE', #3398, 1000.000000000000000 ) ;
#7838 = EDGE_CURVE ( 'NONE', #6453, #1995, #5156, .T. ) ;
#7839 = ADVANCED_FACE ( 'NONE', ( #7683 ), #7090, .T. ) ;
#7840 = VERTEX_POINT ( 'NONE', #4534 ) ;
#7841 = DIRECTION ( 'NONE',  ( 0.000000000000000000, 0.000000000000000000, -1.000000000000000000 ) ) ;
#7842 = EDGE_LOOP ( 'NONE', ( #33, #4109, #446, #1054 ) ) ;
#7843 = CARTESIAN_POINT ( 'NONE',  ( -0.1749999999999979905, 0.9199999999999866063, 0.03619548911246093376 ) ) ;
#7844 = LINE ( 'NONE', #2138, #4661 ) ;
#7845 = CARTESIAN_POINT ( 'NONE',  ( 1.824999999999999956, 1.349999999999999867, 0.3099999999999979994 ) ) ;
#7846 = PRODUCT_DEFINITION_FORMATION_WITH_SPECIFIED_SOURCE ( 'ANY', '', #6047, .NOT_KNOWN. ) ;
#7847 = CARTESIAN_POINT ( 'NONE',  ( 0.1750000000000010991, 0.9999999999999988898, 0.3099999999999979994 ) ) ;
#7848 = ORIENTED_EDGE ( 'NONE', *, *, #6707, .F. ) ;
#7849 = CARTESIAN_POINT ( 'NONE',  ( -22.88500000000000156, -1.900000000000000133, 0.09999999999999863165 ) ) ;
#7850 = DIRECTION ( 'NONE',  ( -5.326143172335051625E-17, -1.000000000000000000, 5.326143172335119418E-17 ) ) ;
#7851 = CARTESIAN_POINT ( 'NONE',  ( -0.1749999999999980183, 0.9999999999999988898, 0.07999999999999893308 ) ) ;
#7852 = CARTESIAN_POINT ( 'NONE',  ( -3.265000000000000124, -1.824999999999989964, 0.3700000000000010503 ) ) ;
#7853 = VERTEX_POINT ( 'NONE', #127 ) ;
#7854 = CARTESIAN_POINT ( 'NONE',  ( 3.240710678118654542, 0.4600000000000000755, 0.9192893218813441569 ) ) ;
#7855 = CARTESIAN_POINT ( 'NONE',  ( 1.175000000000000044, 1.350000000000000089, 0.1099999999999980022 ) ) ;
#7856 = CARTESIAN_POINT ( 'NONE',  ( -1.949999999999999956, 0.9999999999999991118, 0.03000000000000045686 ) ) ;
#7857 = AXIS2_PLACEMENT_3D ( 'NONE', #3113, #3819, #7510 ) ;
#7858 = CARTESIAN_POINT ( 'NONE',  ( -3.500000000000000000, 0.6948629999999990092, 1.000000000000000000 ) ) ;
#7859 = PLANE ( 'NONE',  #7258 ) ;
#7860 = CARTESIAN_POINT ( 'NONE',  ( -2.325000000000000178, 1.299999999999990496, 0.05000000000000041911 ) ) ;
#7861 = FACE_OUTER_BOUND ( 'NONE', #3613, .T. ) ;
#7862 = ORIENTED_EDGE ( 'NONE', *, *, #7158, .F. ) ;
#7863 = CARTESIAN_POINT ( 'NONE',  ( -3.265000000000000124, -1.824999999999989964, 0.3700000000000010503 ) ) ;
#7864 = ADVANCED_FACE ( 'NONE', ( #4608 ), #3576, .T. ) ;
#7865 = DIRECTION ( 'NONE',  ( -5.243344273594249610E-32, -1.000000000000000000, 1.200639317332292868E-47 ) ) ;
#7866 = EDGE_CURVE ( 'NONE', #6981, #4471, #6118, .T. ) ;
#7867 = ORIENTED_EDGE ( 'NONE', *, *, #1148, .T. ) ;
#7868 = LINE ( 'NONE', #7075, #2077 ) ;
#7869 = ORIENTED_EDGE ( 'NONE', *, *, #7580, .F. ) ;
#7870 = ORIENTED_EDGE ( 'NONE', *, *, #6662, .T. ) ;
#7871 = VERTEX_POINT ( 'NONE', #7346 ) ;
#7872 = PLANE ( 'NONE',  #5801 ) ;
#7873 = EDGE_CURVE ( 'NONE', #2642, #6875, #3484, .T. ) ;
#7874 = CARTESIAN_POINT ( 'NONE',  ( 0.6750000000000010436, 1.245779075397750235, -1.002887009549091601E-15 ) ) ;
#7875 = EDGE_CURVE ( 'NONE', #5834, #2717, #423, .T. ) ;
#7876 = ORIENTED_EDGE ( 'NONE', *, *, #547, .T. ) ;
#7877 = LINE ( 'NONE', #3013, #3543 ) ;
#7878 = ORIENTED_EDGE ( 'NONE', *, *, #2655, .F. ) ;
#7879 = DIRECTION ( 'NONE',  ( 2.439197797730288502E-32, -1.000000000000000000, 1.065228634467009955E-16 ) ) ;
#7880 = ORIENTED_EDGE ( 'NONE', *, *, #273, .T. ) ;
#7881 = EDGE_CURVE ( 'NONE', #7509, #4021, #4395, .T. ) ;
#7882 = LINE ( 'NONE', #6012, #2481 ) ;
#7883 = VECTOR ( 'NONE', #5775, 1000.000000000000000 ) ;
#7884 = EDGE_CURVE ( 'NONE', #2209, #6266, #5976, .T. ) ;
#7885 = CARTESIAN_POINT ( 'NONE',  ( -2.325000000000000178, 1.299999999999994715, 0.1099999999999990152 ) ) ;
#7886 = EDGE_LOOP ( 'NONE', ( #5049, #7292, #5554, #1109 ) ) ;
#7887 = ORIENTED_EDGE ( 'NONE', *, *, #931, .F. ) ;
#7888 = CARTESIAN_POINT ( 'NONE',  ( -1.175000000000000044, 1.249999999999990008, -6.776263578034402713E-16 ) ) ;
#7889 = CARTESIAN_POINT ( 'NONE',  ( -3.115000000000000213, -1.550000000000000266, -3.332946708873024489E-16 ) ) ;
#7890 = CARTESIAN_POINT ( 'NONE',  ( -2.765000000000003677, -0.7000000000000007327, 0.6899999999999990585 ) ) ;
#7891 = CARTESIAN_POINT ( 'NONE',  ( -1.824999999999999734, 1.673724317761259961, 0.3099999999999987210 ) ) ;
#7892 = ORIENTED_EDGE ( 'NONE', *, *, #2176, .F. ) ;
#7893 = CARTESIAN_POINT ( 'NONE',  ( 1.675000000000000044, 1.245779075397750235, -1.328147661294742932E-15 ) ) ;
#7894 = CARTESIAN_POINT ( 'NONE',  ( 3.299999999999998934, -0.02000000000000091288, 0.9999999999999983347 ) ) ;
#7895 = DIRECTION ( 'NONE',  ( 1.000000000000000000, -2.804146475863970139E-32, 2.987057121330055487E-48 ) ) ;
#7896 = LINE ( 'NONE', #2283, #8212 ) ;
#7897 = CARTESIAN_POINT ( 'NONE',  ( 3.265000000000000124, -1.100000000000000089, 0.4600000000000000200 ) ) ;
#7898 = DIRECTION ( 'NONE',  ( 1.000000000000000000, -5.243344273594249610E-32, -2.289834988289389802E-16 ) ) ;
#7899 = VECTOR ( 'NONE', #7048, 1000.000000000000000 ) ;
#7900 = LINE ( 'NONE', #979, #4275 ) ;
#7901 = CARTESIAN_POINT ( 'NONE',  ( -2.174999999999999822, 1.299999999999990274, 0.05000000000000040523 ) ) ;
#7902 = ORIENTED_EDGE ( 'NONE', *, *, #3691, .F. ) ;
#7903 = DIRECTION ( 'NONE',  ( -1.000000000000000000, 0.000000000000000000, -0.000000000000000000 ) ) ;
#7904 = PLANE ( 'NONE',  #3499 ) ;
#7905 = LINE ( 'NONE', #898, #2783 ) ;
#7906 = AXIS2_PLACEMENT_3D ( 'NONE', #4261, #8152, #6856 ) ;
#7907 = ORIENTED_EDGE ( 'NONE', *, *, #5148, .F. ) ;
#7908 = DIRECTION ( 'NONE',  ( 0.000000000000000000, 0.000000000000000000, -1.000000000000000000 ) ) ;
#7910 = ORIENTED_EDGE ( 'NONE', *, *, #1164, .T. ) ;
#7909 = ORIENTED_EDGE ( 'NONE', *, *, #3972, .F. ) ;
#7911 = ORIENTED_EDGE ( 'NONE', *, *, #1615, .T. ) ;
#7912 = VERTEX_POINT ( 'NONE', #7977 ) ;
#7913 = VECTOR ( 'NONE', #5252, 1000.000000000000000 ) ;
#7914 = LINE ( 'NONE', #4189, #3700 ) ;
#7915 = DIRECTION ( 'NONE',  ( 1.000000000000000000, -2.804146475863970139E-32, 2.987057121330055487E-48 ) ) ;
#7916 = PRESENTATION_LAYER_ASSIGNMENT (  '', '', ( #4220 ) ) ;
#7917 = EDGE_CURVE ( 'NONE', #1325, #531, #2274, .T. ) ;
#7918 = VECTOR ( 'NONE', #2656, 1000.000000000000000 ) ;
#7919 = VERTEX_POINT ( 'NONE', #7935 ) ;
#7920 = ORIENTED_EDGE ( 'NONE', *, *, #3162, .T. ) ;
#7921 = CARTESIAN_POINT ( 'NONE',  ( 3.265000000000000124, -1.050000000000000044, 0.5099999999999980105 ) ) ;
#7922 = VECTOR ( 'NONE', #6003, 1000.000000000000000 ) ;
#7923 = ORIENTED_EDGE ( 'NONE', *, *, #1047, .F. ) ;
#7924 = ADVANCED_FACE ( 'NONE', ( #1636 ), #4819, .F. ) ;
#7925 = EDGE_CURVE ( 'NONE', #1165, #5873, #6108, .T. ) ;
#7926 = DIRECTION ( 'NONE',  ( 0.7071067811865520136, -0.000000000000000000, 0.7071067811865431318 ) ) ;
#7927 = CARTESIAN_POINT ( 'NONE',  ( -3.265000000000000124, -1.050000000000000044, 0.5100000000000000089 ) ) ;
#7928 = ORIENTED_EDGE ( 'NONE', *, *, #2533, .T. ) ;
#7929 = VECTOR ( 'NONE', #2373, 1000.000000000000000 ) ;
#7930 = EDGE_CURVE ( 'NONE', #8091, #4862, #2949, .T. ) ;
#7931 = VERTEX_POINT ( 'NONE', #7851 ) ;
#7932 = FACE_OUTER_BOUND ( 'NONE', #222, .T. ) ;
#7933 = EDGE_CURVE ( 'NONE', #5451, #4091, #6723, .T. ) ;
#7934 = CARTESIAN_POINT ( 'NONE',  ( 2.050000000000003375, 0.9999999999999988898, 0.02999999999999834396 ) ) ;
#7935 = CARTESIAN_POINT ( 'NONE',  ( -3.269999999999999574, 0.8999999999999986899, 0.3099999999999999423 ) ) ;
#7936 = AXIS2_PLACEMENT_3D ( 'NONE', #5957, #815, #5872 ) ;
#7937 = CARTESIAN_POINT ( 'NONE',  ( -0.5999999999999986455, 0.9199999999999992628, 0.07999999999999939104 ) ) ;
#7938 = ORIENTED_EDGE ( 'NONE', *, *, #3352, .F. ) ;
#7939 = EDGE_CURVE ( 'NONE', #3807, #2037, #3620, .T. ) ;
#7940 = DIRECTION ( 'NONE',  ( 1.000000000000000000, -2.804146475863970139E-32, 2.987057121330055487E-48 ) ) ;
#7941 = AXIS2_PLACEMENT_3D ( 'NONE', #4708, #6615, #2789 ) ;
#7942 = PLANE ( 'NONE',  #338 ) ;
#7943 = CARTESIAN_POINT ( 'NONE',  ( -0.5499999999999970468, 0.6999999999999979572, 0.02999999999999872907 ) ) ;
#7944 = DIRECTION ( 'NONE',  ( -0.7071067811865431318, -7.532303909457119365E-17, -0.7071067811865520136 ) ) ;
#7945 = AXIS2_PLACEMENT_3D ( 'NONE', #7603, #3122, #3675 ) ;
#7946 = COLOUR_RGB ( '',0.000000000000000000, 1.000000000000000000, 1.000000000000000000 ) ;
#7947 = ADVANCED_FACE ( 'NONE', ( #5358 ), #2186, .T. ) ;
#7948 = DIRECTION ( 'NONE',  ( 5.243344273594249610E-32, 1.000000000000000000, -1.200639317332289951E-47 ) ) ;
#7949 = FACE_OUTER_BOUND ( 'NONE', #2597, .T. ) ;
#7950 = CARTESIAN_POINT ( 'NONE',  ( -0.6749999999999980460, 1.245779075397750235, 0.1705002310154649925 ) ) ;
#7951 = LINE ( 'NONE', #1700, #2900 ) ;
#7952 = EDGE_LOOP ( 'NONE', ( #7902, #5470, #7331, #7348 ) ) ;
#7953 = CARTESIAN_POINT ( 'NONE',  ( -0.8249999999999979572, 1.299999999999990274, 0.1099999999999990014 ) ) ;
#7954 = DIRECTION ( 'NONE',  ( -5.326143172335038067E-17, 1.000000000000000000, -5.326143172335105860E-17 ) ) ;
#7955 = CARTESIAN_POINT ( 'NONE',  ( 3.002499999999999947, -1.850000000000000089, 0.1799999999999978839 ) ) ;
#7956 = AXIS2_PLACEMENT_3D ( 'NONE', #3171, #486, #8124 ) ;
#7957 = ORIENTED_EDGE ( 'NONE', *, *, #7111, .T. ) ;
#7958 = DIRECTION ( 'NONE',  ( 2.289834988289389802E-16, -0.000000000000000000, 1.000000000000000000 ) ) ;
#7960 = ORIENTED_EDGE ( 'NONE', *, *, #1605, .T. ) ;
#7959 = ORIENTED_EDGE ( 'NONE', *, *, #5994, .F. ) ;
#7961 = ORIENTED_EDGE ( 'NONE', *, *, #2231, .T. ) ;
#7962 = ORIENTED_EDGE ( 'NONE', *, *, #4119, .T. ) ;
#7963 = CARTESIAN_POINT ( 'NONE',  ( -2.162500000000000089, 0.9999999999999988898, 0.07999999999999940492 ) ) ;
#7964 = DIRECTION ( 'NONE',  ( 1.000000000000000000, 0.000000000000000000, -2.289834988289389802E-16 ) ) ;
#7965 = ORIENTED_EDGE ( 'NONE', *, *, #4169, .T. ) ;
#7966 = VERTEX_POINT ( 'NONE', #2146 ) ;
#7967 = CARTESIAN_POINT ( 'NONE',  ( -0.1749999999999979905, 1.299999999999994715, 0.1099999999999989597 ) ) ;
#7968 = ORIENTED_EDGE ( 'NONE', *, *, #6168, .T. ) ;
#7969 = CARTESIAN_POINT ( 'NONE',  ( 3.299999999999999822, 0.6948629999999990092, 0.9999999999999981126 ) ) ;
#7970 = DIRECTION ( 'NONE',  ( 0.000000000000000000, 0.7071067811865474617, 0.7071067811865474617 ) ) ;
#7971 = ORIENTED_EDGE ( 'NONE', *, *, #2110, .F. ) ;
#7972 = VECTOR ( 'NONE', #2859, 1000.000000000000000 ) ;
#7973 = EDGE_CURVE ( 'NONE', #7449, #3515, #5401, .T. ) ;
#7974 = ORIENTED_EDGE ( 'NONE', *, *, #5091, .T. ) ;
#7975 = CARTESIAN_POINT ( 'NONE',  ( -3.500000000000000000, 0.9999999999999988898, 0.07999999999999950206 ) ) ;
#7976 = CIRCLE ( 'NONE', #4140, 0.02999999999999989828 ) ;
#7977 = CARTESIAN_POINT ( 'NONE',  ( -1.600000000000000089, 0.9199999999999989297, 0.07999999999999925226 ) ) ;
#7978 = CARTESIAN_POINT ( 'NONE',  ( 0.1750000000000009881, 0.9431866336109966387, 0.06541154699933821037 ) ) ;
#7979 = ORIENTED_EDGE ( 'NONE', *, *, #631, .T. ) ;
#7980 = ORIENTED_EDGE ( 'NONE', *, *, #5298, .F. ) ;
#7981 = CARTESIAN_POINT ( 'NONE',  ( 0.3250000000000020095, 1.350000000000000089, 0.1099999999999979605 ) ) ;
#7982 = VERTEX_POINT ( 'NONE', #4696 ) ;
#7983 = CARTESIAN_POINT ( 'NONE',  ( -2.952500000000000568, -1.900000000000000133, 0.1300000000000039457 ) ) ;
#7984 = EDGE_CURVE ( 'NONE', #573, #2606, #2908, .T. ) ;
#7985 = PLANE ( 'NONE',  #3265 ) ;
#7986 = CARTESIAN_POINT ( 'NONE',  ( 1.100000000000000755, 0.8499999999999989786, 0.07999999999999905798 ) ) ;
#7987 = EDGE_CURVE ( 'NONE', #532, #2931, #8019, .T. ) ;
#7988 = ADVANCED_FACE ( 'NONE', ( #2237 ), #7307, .F. ) ;
#7989 = DIRECTION ( 'NONE',  ( 1.000000000000000000, -5.243344273594249610E-32, 0.000000000000000000 ) ) ;
#7990 = CARTESIAN_POINT ( 'NONE',  ( 0.8250000000000019540, 1.245779075397750235, -1.111307226797642045E-15 ) ) ;
#7991 = CARTESIAN_POINT ( 'NONE',  ( 3.002499999999999947, -1.850000000000000089, 0.1799999999999979394 ) ) ;
#7992 = CARTESIAN_POINT ( 'NONE',  ( 3.265000000000000124, -1.749999999999990008, 0.4199999999999989853 ) ) ;
#7993 = ORIENTED_EDGE ( 'NONE', *, *, #6867, .T. ) ;
#7994 = DIRECTION ( 'NONE',  ( 0.000000000000000000, 1.065228634467009955E-16, 1.000000000000000000 ) ) ;
#7995 = EDGE_CURVE ( 'NONE', #2606, #4227, #3329, .T. ) ;
#7996 = CARTESIAN_POINT ( 'NONE',  ( 1.175000000000000044, 0.9199999999999860512, -1.145680772474119219E-15 ) ) ;
#7997 = ADVANCED_FACE ( 'NONE', ( #6895 ), #3078, .T. ) ;
#7998 = ORIENTED_EDGE ( 'NONE', *, *, #4074, .T. ) ;
#7999 = PLANE ( 'NONE',  #5152 ) ;
#8001 = ORIENTED_EDGE ( 'NONE', *, *, #2247, .T. ) ;
#8000 = ORIENTED_EDGE ( 'NONE', *, *, #2235, .F. ) ;
#8002 = ORIENTED_EDGE ( 'NONE', *, *, #7625, .F. ) ;
#8003 = VERTEX_POINT ( 'NONE', #4952 ) ;
#8004 = VECTOR ( 'NONE', #3358, 1000.000000000000000 ) ;
#8005 = CARTESIAN_POINT ( 'NONE',  ( -2.174999999999999822, 0.9199999999999868283, -3.511311611840519542E-16 ) ) ;
#8006 = DIRECTION ( 'NONE',  ( -1.000000000000000000, 0.000000000000000000, -0.000000000000000000 ) ) ;
#8007 = ADVANCED_FACE ( 'NONE', ( #3152 ), #6238, .T. ) ;
#8008 = ORIENTED_EDGE ( 'NONE', *, *, #1614, .F. ) ;
#8009 = ORIENTED_EDGE ( 'NONE', *, *, #1999, .F. ) ;
#8010 = FACE_OUTER_BOUND ( 'NONE', #5380, .T. ) ;
#8011 = DIRECTION ( 'NONE',  ( -2.289834988289389802E-16, -1.065228634467009955E-16, -1.000000000000000000 ) ) ;
#8012 = ORIENTED_EDGE ( 'NONE', *, *, #1443, .T. ) ;
#8013 = CARTESIAN_POINT ( 'NONE',  ( -2.250000000000000444, 0.8999999999999990230, 0.2899999999999999800 ) ) ;
#8014 = LINE ( 'NONE', #6846, #2855 ) ;
#8015 = EDGE_LOOP ( 'NONE', ( #3075, #4926, #1046, #6831 ) ) ;
#8016 = ORIENTED_EDGE ( 'NONE', *, *, #5334, .T. ) ;
#8017 = VECTOR ( 'NONE', #3996, 999.9999999999998863 ) ;
#8018 = CARTESIAN_POINT ( 'NONE',  ( -1.675000000000000044, 1.249999999999988676, 7.848394966332894107E-16 ) ) ;
#8019 = LINE ( 'NONE', #5448, #4000 ) ;
#8020 = DIRECTION ( 'NONE',  ( 2.804146475863970139E-32, 1.000000000000000000, -1.065228634467009955E-16 ) ) ;
#8021 = ORIENTED_EDGE ( 'NONE', *, *, #875, .T. ) ;
#8022 = ORIENTED_EDGE ( 'NONE', *, *, #3983, .T. ) ;
#8023 = DIRECTION ( 'NONE',  ( 2.804146475863970139E-32, 1.000000000000000000, -1.065228634467009955E-16 ) ) ;
#8024 = ORIENTED_EDGE ( 'NONE', *, *, #5123, .F. ) ;
#8025 = FACE_OUTER_BOUND ( 'NONE', #3343, .T. ) ;
#8026 = CARTESIAN_POINT ( 'NONE',  ( 0.1750000000000010991, 0.9999999999999988898, 0.3099999999999982214 ) ) ;
#8027 = EDGE_CURVE ( 'NONE', #146, #3730, #513, .T. ) ;
#8028 = FACE_OUTER_BOUND ( 'NONE', #1278, .T. ) ;
#8029 = AXIS2_PLACEMENT_3D ( 'NONE', #4647, #826, #751 ) ;
#8030 = CARTESIAN_POINT ( 'NONE',  ( -1.675000000000000044, 1.299999999999990496, -0.8336977386159070136 ) ) ;
#8031 = CARTESIAN_POINT ( 'NONE',  ( -3.265000000000000124, -1.799999999999990274, 0.4200000000000000400 ) ) ;
#8032 = CARTESIAN_POINT ( 'NONE',  ( -1.824999999999999956, 1.245779075397750235, -4.336808689942017736E-16 ) ) ;
#8033 = CARTESIAN_POINT ( 'NONE',  ( 0.6750000000000010436, 0.9431866336109969717, 0.06541154699933819650 ) ) ;
#8034 = EDGE_LOOP ( 'NONE', ( #4274, #4899, #3066, #4188 ) ) ;
#8035 = PLANE ( 'NONE',  #554 ) ;
#8036 = ADVANCED_FACE ( 'NONE', ( #2484 ), #8225, .T. ) ;
#8037 = DIRECTION ( 'NONE',  ( -0.7071067811865490160, 0.7071067811865461294, 7.149051953565420362E-31 ) ) ;
#8038 = EDGE_CURVE ( 'NONE', #6682, #3606, #3820, .T. ) ;
#8039 = AXIS2_PLACEMENT_3D ( 'NONE', #126, #4533, #5891 ) ;
#8040 = ORIENTED_EDGE ( 'NONE', *, *, #2443, .F. ) ;
#8041 = DIRECTION ( 'NONE',  ( 2.439197797730288502E-32, -1.000000000000000000, 1.065228634467009955E-16 ) ) ;
#8042 = DIRECTION ( 'NONE',  ( 1.000000000000000000, 0.000000000000000000, -2.289834988289389802E-16 ) ) ;
#8043 = ORIENTED_EDGE ( 'NONE', *, *, #3060, .T. ) ;
#8044 = EDGE_CURVE ( 'NONE', #7723, #7193, #1138, .T. ) ;
#8045 = ORIENTED_EDGE ( 'NONE', *, *, #547, .F. ) ;
#8046 = ORIENTED_EDGE ( 'NONE', *, *, #635, .F. ) ;
#8047 = DIRECTION ( 'NONE',  ( -2.289834988289389802E-16, 0.000000000000000000, -1.000000000000000000 ) ) ;
#8048 = VECTOR ( 'NONE', #5722, 1000.000000000000000 ) ;
#8049 = DIRECTION ( 'NONE',  ( -1.000000000000000000, 5.243344273594249610E-32, 2.289834988289389802E-16 ) ) ;
#8050 = VECTOR ( 'NONE', #3064, 999.9999999999998863 ) ;
#8051 = ORIENTED_EDGE ( 'NONE', *, *, #4651, .F. ) ;
#8052 = EDGE_LOOP ( 'NONE', ( #233, #5523, #5799, #5669 ) ) ;
#8053 = CARTESIAN_POINT ( 'NONE',  ( -1.100000000000000311, 0.8499999999999999778, 0.07999999999999915512 ) ) ;
#8054 = ORIENTED_EDGE ( 'NONE', *, *, #1346, .T. ) ;
#8055 = CARTESIAN_POINT ( 'NONE',  ( 0.1750000000000009881, 1.350000000000000089, 0.1705002310154649925 ) ) ;
#8056 = VECTOR ( 'NONE', #2768, 1000.000000000000000 ) ;
#8057 = CARTESIAN_POINT ( 'NONE',  ( 1.824999999999999956, 1.245779075397750235, 0.1705002310154639933 ) ) ;
#8058 = VERTEX_POINT ( 'NONE', #6851 ) ;
#8059 = VECTOR ( 'NONE', #4556, 1000.000000000000000 ) ;
#8060 = VERTEX_POINT ( 'NONE', #5525 ) ;
#8061 = FACE_OUTER_BOUND ( 'NONE', #5083, .T. ) ;
#8062 =( NAMED_UNIT ( * ) PLANE_ANGLE_UNIT ( ) SI_UNIT ( $, .RADIAN. ) );
#8063 = DIRECTION ( 'NONE',  ( 0.000000000000000000, 0.7071067811865980879, 0.7071067811864969466 ) ) ;
#8064 = ORIENTED_EDGE ( 'NONE', *, *, #746, .T. ) ;
#8065 = EDGE_LOOP ( 'NONE', ( #1274, #3024, #449, #548 ) ) ;
#8066 = CARTESIAN_POINT ( 'NONE',  ( 3.265000000000000124, -1.899999999999999911, 0.3978428499183340183 ) ) ;
#8067 = VERTEX_POINT ( 'NONE', #7511 ) ;
#8068 = AXIS2_PLACEMENT_3D ( 'NONE', #6243, #6314, #478 ) ;
#8069 = FACE_OUTER_BOUND ( 'NONE', #604, .T. ) ;
#8070 = CARTESIAN_POINT ( 'NONE',  ( -1.324999999999999956, 1.249999999999986233, 3.130633773051894053E-15 ) ) ;
#8071 = LINE ( 'NONE', #3628, #5568 ) ;
#8072 = AXIS2_PLACEMENT_3D ( 'NONE', #508, #5605, #8142 ) ;
#8073 = CARTESIAN_POINT ( 'NONE',  ( -2.765000000000000124, -1.780000000000000027, 0.5749999999999999556 ) ) ;
#8074 = DIRECTION ( 'NONE',  ( 5.243344273594249610E-32, 1.000000000000000000, -1.200639317332292868E-47 ) ) ;
#8075 = DIRECTION ( 'NONE',  ( 0.7071067811865431318, -7.532303909457139086E-17, -0.7071067811865520136 ) ) ;
#8076 = DIRECTION ( 'NONE',  ( 5.243344273594249610E-32, 1.000000000000000000, -1.200639317332289951E-47 ) ) ;
#8077 = VECTOR ( 'NONE', #370, 1000.000000000000000 ) ;
#8078 = ORIENTED_EDGE ( 'NONE', *, *, #2638, .T. ) ;
#8079 = DIRECTION ( 'NONE',  ( 5.243344273594249610E-32, 1.000000000000000000, -1.200639317332292868E-47 ) ) ;
#8080 = LINE ( 'NONE', #1195, #3581 ) ;
#8081 = VECTOR ( 'NONE', #8203, 1000.000000000000000 ) ;
#8082 = EDGE_CURVE ( 'NONE', #2166, #7743, #2364, .T. ) ;
#8083 = VECTOR ( 'NONE', #2305, 1000.000000000000000 ) ;
#8084 = ADVANCED_FACE ( 'NONE', ( #3035 ), #1849, .F. ) ;
#8085 = ORIENTED_EDGE ( 'NONE', *, *, #5639, .T. ) ;
#8086 = CARTESIAN_POINT ( 'NONE',  ( -3.500000000000001776, 0.9999999999999988898, 1.000000000000000444 ) ) ;
#8087 = FACE_OUTER_BOUND ( 'NONE', #774, .T. ) ;
#8088 = ORIENTED_EDGE ( 'NONE', *, *, #7753, .T. ) ;
#8089 = ORIENTED_EDGE ( 'NONE', *, *, #1005, .T. ) ;
#8090 = AXIS2_PLACEMENT_3D ( 'NONE', #2153, #7944, #4702 ) ;
#8091 = VERTEX_POINT ( 'NONE', #6929 ) ;
#8092 = AXIS2_PLACEMENT_3D ( 'NONE', #2109, #5326, #5164 ) ;
#8093 = LINE ( 'NONE', #6401, #2490 ) ;
#8094 = EDGE_CURVE ( 'NONE', #6453, #6104, #1221, .T. ) ;
#8095 = AXIS2_PLACEMENT_3D ( 'NONE', #436, #3538, #6690 ) ;
#8096 = DIRECTION ( 'NONE',  ( -1.000000000000000000, 5.243344273594249610E-32, 2.289834988289389802E-16 ) ) ;
#8097 = EDGE_CURVE ( 'NONE', #6768, #146, #4445, .T. ) ;
#8098 = ADVANCED_FACE ( 'NONE', ( #7631 ), #5845, .F. ) ;
#8099 = DIRECTION ( 'NONE',  ( 0.2163711612039599941, 0.9520331092974133602, 0.2163711612039583565 ) ) ;
#8100 = ORIENTED_EDGE ( 'NONE', *, *, #1610, .F. ) ;
#8101 = ORIENTED_EDGE ( 'NONE', *, *, #3615, .T. ) ;
#8102 = DIRECTION ( 'NONE',  ( -0.7071067811865379138, 0.000000000000000000, 0.7071067811865571207 ) ) ;
#8103 = ORIENTED_EDGE ( 'NONE', *, *, #1768, .F. ) ;
#8104 = FACE_OUTER_BOUND ( 'NONE', #4510, .T. ) ;
#8105 = PLANE ( 'NONE',  #978 ) ;
#8106 = EDGE_LOOP ( 'NONE', ( #4399, #7909, #2221, #3689, #6273, #2466 ) ) ;
#8107 = EDGE_CURVE ( 'NONE', #1335, #1616, #1375, .T. ) ;
#8108 = VERTEX_POINT ( 'NONE', #2568 ) ;
#8109 = CARTESIAN_POINT ( 'NONE',  ( 0.5500000000000005995, 0.9999999999999988898, 0.02999999999999996073 ) ) ;
#8110 = DIRECTION ( 'NONE',  ( 0.000000000000000000, 2.289834988289389802E-16, 1.000000000000000000 ) ) ;
#8111 = CARTESIAN_POINT ( 'NONE',  ( 3.270000000000000462, 1.649999999999999911, 0.4699999999999978639 ) ) ;
#8112 = ORIENTED_EDGE ( 'NONE', *, *, #2191, .T. ) ;
#8113 = PLANE ( 'NONE',  #2313 ) ;
#8114 = VERTEX_POINT ( 'NONE', #1921 ) ;
#8115 = DIRECTION ( 'NONE',  ( 0.000000000000000000, -2.289834988289389802E-16, -1.000000000000000000 ) ) ;
#8116 = LINE ( 'NONE', #7442, #5255 ) ;
#8117 = VECTOR ( 'NONE', #8120, 1000.000000000000000 ) ;
#8118 = DIRECTION ( 'NONE',  ( 1.000000000000000000, 4.948562843061550213E-17, -2.177367650947074402E-16 ) ) ;
#8119 = CARTESIAN_POINT ( 'NONE',  ( 1.449999999999999956, 0.9999999999999988898, 0.02999999999999848274 ) ) ;
#8120 = DIRECTION ( 'NONE',  ( -5.243344273594249610E-32, -1.000000000000000000, 1.200639317332292868E-47 ) ) ;
#8121 = CARTESIAN_POINT ( 'NONE',  ( -1.675000000000000044, 1.299999999999990496, 0.05000000000000027339 ) ) ;
#8122 = ORIENTED_EDGE ( 'NONE', *, *, #3213, .F. ) ;
#8123 = DIRECTION ( 'NONE',  ( 2.289834988289389802E-16, -0.000000000000000000, 1.000000000000000000 ) ) ;
#8124 = DIRECTION ( 'NONE',  ( 0.000000000000000000, 0.000000000000000000, -1.000000000000000000 ) ) ;
#8125 = AXIS2_PLACEMENT_3D ( 'NONE', #1500, #4064, #6672 ) ;
#8126 = VERTEX_POINT ( 'NONE', #4483 ) ;
#8127 = LINE ( 'NONE', #4967, #2876 ) ;
#8128 = DIRECTION ( 'NONE',  ( 0.000000000000000000, 2.289834988289389802E-16, 1.000000000000000000 ) ) ;
#8129 = ORIENTED_EDGE ( 'NONE', *, *, #7518, .F. ) ;
#8130 = EDGE_LOOP ( 'NONE', ( #5346, #7290, #237, #288, #4813, #7372, #2689, #7388, #5398, #4053 ) ) ;
#8131 = EDGE_LOOP ( 'NONE', ( #1963, #293, #4766, #541 ) ) ;
#8132 = CARTESIAN_POINT ( 'NONE',  ( 1.175000000000000044, 1.350000000000000089, 0.1599999999999990041 ) ) ;
#8133 = EDGE_CURVE ( 'NONE', #4389, #5438, #3939, .T. ) ;
#8134 = VECTOR ( 'NONE', #5311, 1000.000000000000000 ) ;
#8135 = DIRECTION ( 'NONE',  ( 1.000000000000000000, -0.000000000000000000, -2.289834988289389802E-16 ) ) ;
#8136 = ADVANCED_FACE ( 'NONE', ( #5184 ), #5808, .T. ) ;
#8137 = VERTEX_POINT ( 'NONE', #6467 ) ;
#8138 = VERTEX_POINT ( 'NONE', #5221 ) ;
#8139 = LINE ( 'NONE', #2401, #7592 ) ;
#8140 = EDGE_CURVE ( 'NONE', #7743, #810, #1422, .T. ) ;
#8141 = ORIENTED_EDGE ( 'NONE', *, *, #3777, .F. ) ;
#8142 = DIRECTION ( 'NONE',  ( -1.000000000000000000, 0.000000000000000000, 2.289834988289389802E-16 ) ) ;
#8143 = PLANE ( 'NONE',  #4200 ) ;
#8144 = EDGE_CURVE ( 'NONE', #6967, #5219, #3860, .T. ) ;
#8145 = EDGE_CURVE ( 'NONE', #7170, #4548, #7045, .T. ) ;
#8146 = ORIENTED_EDGE ( 'NONE', *, *, #6345, .F. ) ;
#8147 = LINE ( 'NONE', #6237, #5082 ) ;
#8148 = DIRECTION ( 'NONE',  ( -1.677531811378194763E-16, -1.677531811378194763E-16, -1.000000000000000000 ) ) ;
#8149 = EDGE_CURVE ( 'NONE', #5310, #1028, #7976, .T. ) ;
#8150 = LINE ( 'NONE', #5068, #7746 ) ;
#8151 = LINE ( 'NONE', #6311, #3032 ) ;
#8152 = DIRECTION ( 'NONE',  ( -0.7071067811865431318, -7.532303909457119365E-17, -0.7071067811865520136 ) ) ;
#8153 = PRESENTATION_LAYER_ASSIGNMENT (  '', '', ( #1225 ) ) ;
#8154 = DIRECTION ( 'NONE',  ( -0.000000000000000000, 2.289834988289389802E-16, 1.000000000000000000 ) ) ;
#8155 = LINE ( 'NONE', #6936, #7628 ) ;
#8156 = PLANE ( 'NONE',  #645 ) ;
#8157 = CARTESIAN_POINT ( 'NONE',  ( 2.325000000000000178, 1.249999999999990008, -1.544988095791843818E-15 ) ) ;
#8158 = ORIENTED_EDGE ( 'NONE', *, *, #1514, .F. ) ;
#8159 = DIRECTION ( 'NONE',  ( 0.000000000000000000, 1.065228634467009955E-16, 1.000000000000000000 ) ) ;
#8160 = DIRECTION ( 'NONE',  ( 0.000000000000000000, -0.9738685962292471521, -0.2271122129663563083 ) ) ;
#8161 = AXIS2_PLACEMENT_3D ( 'NONE', #2862, #3532, #3582 ) ;
#8162 = ORIENTED_EDGE ( 'NONE', *, *, #2061, .T. ) ;
#8163 = CARTESIAN_POINT ( 'NONE',  ( 0.1000000000000002970, 0.8499999999999989786, 0.07999999999999887756 ) ) ;
#8164 = CYLINDRICAL_SURFACE ( 'NONE', #5941, 0.02999999999999989828 ) ;
#8165 = ORIENTED_EDGE ( 'NONE', *, *, #3402, .T. ) ;
#8166 = ORIENTED_EDGE ( 'NONE', *, *, #6952, .T. ) ;
#8167 = ORIENTED_EDGE ( 'NONE', *, *, #1091, .F. ) ;
#8168 = CARTESIAN_POINT ( 'NONE',  ( -1.174999999999999822, 0.9999999999999988898, 0.3099999999999979994 ) ) ;
#8169 = CARTESIAN_POINT ( 'NONE',  ( 1.175000000000000044, 1.249999999999988010, 9.712644461849330687E-17 ) ) ;
#8170 = CARTESIAN_POINT ( 'NONE',  ( -3.265000000000000124, -1.550000000000000266, -3.173505579632094775E-16 ) ) ;
#8171 = ORIENTED_EDGE ( 'NONE', *, *, #5927, .F. ) ;
#8172 = ORIENTED_EDGE ( 'NONE', *, *, #434, .F. ) ;
#8173 = LINE ( 'NONE', #459, #1018 ) ;
#8174 = VECTOR ( 'NONE', #706, 1000.000000000000000 ) ;
#8175 = ORIENTED_EDGE ( 'NONE', *, *, #546, .F. ) ;
#8176 = CARTESIAN_POINT ( 'NONE',  ( 3.265000000000000124, -1.550000000000000266, -1.836367429647323135E-15 ) ) ;
#8177 = CARTESIAN_POINT ( 'NONE',  ( 2.785000000000001918, -1.800000000000000711, 0.9999999999999995559 ) ) ;
#8178 = EDGE_CURVE ( 'NONE', #5483, #6528, #4523, .T. ) ;
#8179 = AXIS2_PLACEMENT_3D ( 'NONE', #1811, #5578, #5650 ) ;
#8180 = EDGE_LOOP ( 'NONE', ( #8261, #1834, #2520, #5774 ) ) ;
#8181 = EDGE_CURVE ( 'NONE', #6676, #1721, #3233, .T. ) ;
#8182 = CARTESIAN_POINT ( 'NONE',  ( 0.8250000000000019540, 0.9999999999999988898, 0.07999999999999862776 ) ) ;
#8183 = CARTESIAN_POINT ( 'NONE',  ( 2.765000000000000124, -1.199999999999999956, 0.2999999999999979350 ) ) ;
#8184 = DIRECTION ( 'NONE',  ( -2.289834988289389802E-16, 0.000000000000000000, -1.000000000000000000 ) ) ;
#8185 = DIRECTION ( 'NONE',  ( 1.000000000000000000, -0.000000000000000000, -2.289834988289389802E-16 ) ) ;
#8186 = FACE_OUTER_BOUND ( 'NONE', #420, .T. ) ;
#8187 = MECHANICAL_DESIGN_GEOMETRIC_PRESENTATION_REPRESENTATION (  '', ( #4220 ), #4351 ) ;
#8188 = EDGE_CURVE ( 'NONE', #6677, #8067, #7084, .T. ) ;
#8189 = DIRECTION ( 'NONE',  ( -2.289834988289389802E-16, 0.000000000000000000, -1.000000000000000000 ) ) ;
#8190 = EDGE_CURVE ( 'NONE', #7966, #919, #5142, .T. ) ;
#8191 = LINE ( 'NONE', #1265, #1506 ) ;
#8192 = AXIS2_PLACEMENT_3D ( 'NONE', #3736, #7948, #2154 ) ;
#8193 = DIRECTION ( 'NONE',  ( -1.000000000000000000, 0.000000000000000000, 2.289834988289389802E-16 ) ) ;
#8194 = CARTESIAN_POINT ( 'NONE',  ( 3.115000000000000213, -1.050000000000000044, 0.5099999999999980105 ) ) ;
#8195 = VERTEX_POINT ( 'NONE', #4646 ) ;
#8196 = CARTESIAN_POINT ( 'NONE',  ( 5.669999999999999929, 1.899999999999999911, 0.5999999999999989786 ) ) ;
#8197 = VECTOR ( 'NONE', #6100, 999.9999999999998863 ) ;
#8198 = DIRECTION ( 'NONE',  ( 0.000000000000000000, -2.289834988289389802E-16, -1.000000000000000000 ) ) ;
#8199 = EDGE_CURVE ( 'NONE', #6104, #5254, #7672, .T. ) ;
#8200 = VECTOR ( 'NONE', #1937, 1000.000000000000000 ) ;
#8201 = VERTEX_POINT ( 'NONE', #83 ) ;
#8202 = LINE ( 'NONE', #1275, #2609 ) ;
#8203 = DIRECTION ( 'NONE',  ( -2.439197797730288502E-32, 1.000000000000000000, -1.065228634467009955E-16 ) ) ;
#8204 = ORIENTED_EDGE ( 'NONE', *, *, #2385, .T. ) ;
#8205 = ORIENTED_EDGE ( 'NONE', *, *, #8188, .T. ) ;
#8206 = VECTOR ( 'NONE', #3056, 1000.000000000000000 ) ;
#8207 = ORIENTED_EDGE ( 'NONE', *, *, #5747, .T. ) ;
#8208 = VECTOR ( 'NONE', #1415, 1000.000000000000000 ) ;
#8209 = AXIS2_PLACEMENT_3D ( 'NONE', #4666, #7734, #726 ) ;
#8210 = CYLINDRICAL_SURFACE ( 'NONE', #80, 0.02999999999999989828 ) ;
#8211 = VECTOR ( 'NONE', #1229, 1000.000000000000227 ) ;
#8212 = VECTOR ( 'NONE', #4082, 1000.000000000000000 ) ;
#8213 = CARTESIAN_POINT ( 'NONE',  ( 0.6750000000000010436, 0.9199999999999860512, -1.034658470011609285E-15 ) ) ;
#8214 = DIRECTION ( 'NONE',  ( 2.439197797730288502E-32, -1.000000000000000000, 1.065228634467009955E-16 ) ) ;
#8215 = EDGE_LOOP ( 'NONE', ( #1441, #3058, #6299, #950 ) ) ;
#8216 = VECTOR ( 'NONE', #3908, 1000.000000000000000 ) ;
#8217 = VERTEX_POINT ( 'NONE', #2649 ) ;
#8218 = DIRECTION ( 'NONE',  ( 0.000000000000000000, 0.7071067811865441310, 0.7071067811865507924 ) ) ;
#8219 = ORIENTED_EDGE ( 'NONE', *, *, #8178, .T. ) ;
#8220 = DIRECTION ( 'NONE',  ( 1.000000000000000000, -5.243344273594249610E-32, -2.289834988289389802E-16 ) ) ;
#8221 = DIRECTION ( 'NONE',  ( -2.289834988289389802E-16, 0.000000000000000000, -1.000000000000000000 ) ) ;
#8222 = VECTOR ( 'NONE', #6984, 1000.000000000000000 ) ;
#8223 = VERTEX_POINT ( 'NONE', #3351 ) ;
#8224 = CARTESIAN_POINT ( 'NONE',  ( 3.299999999999999822, -0.8000000000000010436, 0.1799999999999979949 ) ) ;
#8225 = PLANE ( 'NONE',  #3463 ) ;
#8226 = EDGE_CURVE ( 'NONE', #318, #4218, #7711, .T. ) ;
#8227 = LINE ( 'NONE', #1887, #3903 ) ;
#8228 = CARTESIAN_POINT ( 'NONE',  ( 1.899999999999999689, 0.8499999999999999778, 0.07999999999999815592 ) ) ;
#8229 = CARTESIAN_POINT ( 'NONE',  ( 2.174999999999999822, 0.9999999999999988898, 0.07866077735406309945 ) ) ;
#8230 = ADVANCED_FACE ( 'NONE', ( #3194 ), #4599, .T. ) ;
#8231 = AXIS2_PLACEMENT_3D ( 'NONE', #2950, #4077, #6599 ) ;
#8232 = DIRECTION ( 'NONE',  ( 0.000000000000000000, 0.000000000000000000, -1.000000000000000000 ) ) ;
#8233 = PLANE ( 'NONE',  #5598 ) ;
#8234 = CARTESIAN_POINT ( 'NONE',  ( -1.324999999999999956, 1.249999999999990008, -6.661338147750940229E-16 ) ) ;
#8235 = LINE ( 'NONE', #8157, #7801 ) ;
#8236 = EDGE_CURVE ( 'NONE', #3054, #2041, #2724, .T. ) ;
#8237 = VERTEX_POINT ( 'NONE', #1461 ) ;
#8238 = PLANE ( 'NONE',  #4041 ) ;
#8239 = ADVANCED_FACE ( 'NONE', ( #7213 ), #959, .T. ) ;
#8240 = DIRECTION ( 'NONE',  ( 0.7071067811865441310, 0.7071067811865510144, 0.000000000000000000 ) ) ;
#8241 = DIRECTION ( 'NONE',  ( -2.289834988289389802E-16, -2.289834988289389802E-16, -1.000000000000000000 ) ) ;
#8242 = ADVANCED_FACE ( 'NONE', ( #7338 ), #869, .F. ) ;
#8243 = VECTOR ( 'NONE', #2871, 1000.000000000000000 ) ;
#8244 = ORIENTED_EDGE ( 'NONE', *, *, #156, .F. ) ;
#8245 = FACE_OUTER_BOUND ( 'NONE', #3541, .T. ) ;
#8246 = CARTESIAN_POINT ( 'NONE',  ( -2.765000000000001013, -0.6000000000000009770, 0.3299999999999991274 ) ) ;
#8247 = EDGE_CURVE ( 'NONE', #4634, #6410, #7844, .T. ) ;
#8248 = ORIENTED_EDGE ( 'NONE', *, *, #5457, .F. ) ;
#8249 = EDGE_LOOP ( 'NONE', ( #6531, #4589, #5292, #7887 ) ) ;
#8250 = AXIS2_PLACEMENT_3D ( 'NONE', #7128, #5881, #154 ) ;
#8251 = ORIENTED_EDGE ( 'NONE', *, *, #1240, .T. ) ;
#8252 = ADVANCED_FACE ( 'NONE', ( #913 ), #200, .T. ) ;
#8253 = PLANE ( 'NONE',  #3165 ) ;
#8254 = CARTESIAN_POINT ( 'NONE',  ( -1.324999999999999956, 0.9431866336109969717, 0.06541154699933865446 ) ) ;
#8255 = ORIENTED_EDGE ( 'NONE', *, *, #1766, .F. ) ;
#8256 = ORIENTED_EDGE ( 'NONE', *, *, #1999, .T. ) ;
#8257 = ORIENTED_EDGE ( 'NONE', *, *, #6761, .T. ) ;
#8258 = DIRECTION ( 'NONE',  ( -2.804146475863970139E-32, -1.000000000000000000, 1.065228634467009955E-16 ) ) ;
#8259 = PLANE ( 'NONE',  #576 ) ;
#8260 = AXIS2_PLACEMENT_3D ( 'NONE', #3517, #3473, #328 ) ;
#8261 = ORIENTED_EDGE ( 'NONE', *, *, #7709, .F. ) ;
ENDSEC;
END-ISO-10303-21;
