ISO-10303-21;
HEADER;
FILE_DESCRIPTION (( 'STEP AP214' ),
    '1' );
FILE_NAME ('DC01A7C3-E096-4A48-93F3-A1C57EA9BAE7.STEP',
    '2026-08-04T01:49:58',
    ( '' ),
    ( '' ),
    'SwSTEP 2.0',
    'SolidWorks 2022',
    '' );
FILE_SCHEMA (( 'AUTOMOTIVE_DESIGN' ));
ENDSEC;

DATA;
#1 = LINE ( 'NONE', #134, #810 ) ;
#2 = VERTEX_POINT ( 'NONE', #288 ) ;
#3 = CARTESIAN_POINT ( 'NONE',  ( -3.200000000000000178, -1.500000000000000000, 0.2000000000000000111 ) ) ;
#4 = LINE ( 'NONE', #672, #645 ) ;
#5 = VERTEX_POINT ( 'NONE', #1368 ) ;
#6 = LINE ( 'NONE', #373, #1519 ) ;
#7 = ORIENTED_EDGE ( 'NONE', *, *, #1338, .T. ) ;
#8 = EDGE_CURVE ( 'NONE', #1558, #1056, #730, .T. ) ;
#9 = ADVANCED_BREP_SHAPE_REPRESENTATION ( 'DC01A7C3-E096-4A48-93F3-A1C57EA9BAE7', ( #1228, #1238, #1246, #1372 ), #694 ) ;
#10 =( NAMED_UNIT ( * ) PLANE_ANGLE_UNIT ( ) SI_UNIT ( $, .RADIAN. ) );
#11 = CARTESIAN_POINT ( 'NONE',  ( 2.799999999999999822, -3.100000000000000089, 3.000000000000000000 ) ) ;
#12 = ORIENTED_EDGE ( 'NONE', *, *, #518, .F. ) ;
#13 = CARTESIAN_POINT ( 'NONE',  ( -2.799999999999999822, -3.100000000000000089, 3.000000000000000000 ) ) ;
#14 = VECTOR ( 'NONE', #1038, 1000.000000000000000 ) ;
#15 = LINE ( 'NONE', #683, #979 ) ;
#16 = VERTEX_POINT ( 'NONE', #571 ) ;
#17 = CIRCLE ( 'NONE', #1155, 0.5000000000000000000 ) ;
#18 = VECTOR ( 'NONE', #480, 1000.000000000000000 ) ;
#19 = EDGE_CURVE ( 'NONE', #427, #444, #1259, .T. ) ;
#20 = EDGE_LOOP ( 'NONE', ( #1516, #95, #282, #284 ) ) ;
#21 = AXIS2_PLACEMENT_3D ( 'NONE', #576, #729, #1510 ) ;
#22 = FACE_OUTER_BOUND ( 'NONE', #521, .T. ) ;
#23 = LINE ( 'NONE', #604, #1011 ) ;
#24 = DIRECTION ( 'NONE',  ( 0.0000000000000000000, 1.000000000000000000, 0.0000000000000000000 ) ) ;
#25 = CARTESIAN_POINT ( 'NONE',  ( -3.100000000000000089, -1.500000000000000000, 0.2000000000000000111 ) ) ;
#26 = DIRECTION ( 'NONE',  ( -1.000000000000000000, 0.0000000000000000000, 0.0000000000000000000 ) ) ;
#27 = PLANE ( 'NONE',  #441 ) ;
#28 = ORIENTED_EDGE ( 'NONE', *, *, #710, .T. ) ;
#29 = EDGE_CURVE ( 'NONE', #1456, #689, #153, .T. ) ;
#30 = EDGE_CURVE ( 'NONE', #1273, #1103, #1664, .T. ) ;
#31 = PLANE ( 'NONE',  #692 ) ;
#33 = EDGE_CURVE ( 'NONE', #469, #461, #984, .T. ) ;
#32 = DIRECTION ( 'NONE',  ( 1.000000000000000000, 0.0000000000000000000, 0.0000000000000000000 ) ) ;
#34 = CARTESIAN_POINT ( 'NONE',  ( -3.299999999999999822, 1.500000000000000000, 0.0000000000000000000 ) ) ;
#35 = VERTEX_POINT ( 'NONE', #318 ) ;
#36 = CARTESIAN_POINT ( 'NONE',  ( -3.200000000000000178, 0.7500000000000000000, 0.2000000000000000111 ) ) ;
#37 = ORIENTED_EDGE ( 'NONE', *, *, #1280, .T. ) ;
#38 = VERTEX_POINT ( 'NONE', #861 ) ;
#39 = PRESENTATION_STYLE_ASSIGNMENT (( #560 ) ) ;
#40 = DIRECTION ( 'NONE',  ( -0.7071067811865481278, 0.0000000000000000000, -0.7071067811865467956 ) ) ;
#41 = EDGE_CURVE ( 'NONE', #599, #1735, #720, .T. ) ;
#42 = DIRECTION ( 'NONE',  ( -0.7071067811865482389, 0.0000000000000000000, -0.7071067811865466846 ) ) ;
#43 = EDGE_LOOP ( 'NONE', ( #1113, #1215, #623, #976 ) ) ;
#44 = CARTESIAN_POINT ( 'NONE',  ( -1.800000000000000044, 1.500000000000000000, 0.0000000000000000000 ) ) ;
#45 = ORIENTED_EDGE ( 'NONE', *, *, #771, .T. ) ;
#46 = VECTOR ( 'NONE', #821, 1000.000000000000000 ) ;
#47 = ORIENTED_EDGE ( 'NONE', *, *, #1480, .T. ) ;
#48 = AXIS2_PLACEMENT_3D ( 'NONE', #466, #99, #1702 ) ;
#49 = AXIS2_PLACEMENT_3D ( 'NONE', #1502, #322, #40 ) ;
#50 = STYLED_ITEM ( 'NONE', ( #1625 ), #1228 ) ;
#51 = CARTESIAN_POINT ( 'NONE',  ( -3.299999999999999822, 3.100000000000000089, 0.0000000000000000000 ) ) ;
#52 = CARTESIAN_POINT ( 'NONE',  ( 3.153553390593273775, -3.453553390593273598, 3.000000000000000000 ) ) ;
#53 = DIRECTION ( 'NONE',  ( 9.251858538542969116E-17, -1.000000000000000000, 0.0000000000000000000 ) ) ;
#54 = EDGE_CURVE ( 'NONE', #1218, #1559, #588, .T. ) ;
#55 = DIRECTION ( 'NONE',  ( -0.7071067811865475727, 0.7071067811865475727, 0.0000000000000000000 ) ) ;
#56 = ORIENTED_EDGE ( 'NONE', *, *, #372, .T. ) ;
#57 = EDGE_LOOP ( 'NONE', ( #1043, #1321, #1747, #975, #965, #1160, #1407, #119, #308, #767, #1590, #1093 ) ) ;
#58 = DIRECTION ( 'NONE',  ( 0.0000000000000000000, 0.0000000000000000000, 1.000000000000000000 ) ) ;
#59 = FACE_OUTER_BOUND ( 'NONE', #1611, .T. ) ;
#60 = CARTESIAN_POINT ( 'NONE',  ( -3.250000000000000000, 0.0000000000000000000, 1.500000000000000000 ) ) ;
#61 = ORIENTED_EDGE ( 'NONE', *, *, #193, .T. ) ;
#62 = CARTESIAN_POINT ( 'NONE',  ( -3.299999999999999822, 3.600000000000000089, 0.0000000000000000000 ) ) ;
#63 = EDGE_CURVE ( 'NONE', #714, #1004, #889, .T. ) ;
#64 = ORIENTED_EDGE ( 'NONE', *, *, #1642, .F. ) ;
#65 = UNCERTAINTY_MEASURE_WITH_UNIT (LENGTH_MEASURE( 1.000000000000000082E-05 ), #1328, 'distance_accuracy_value', 'NONE');
#66 = LINE ( 'NONE', #865, #1071 ) ;
#67 = LINE ( 'NONE', #1029, #528 ) ;
#68 = CARTESIAN_POINT ( 'NONE',  ( 3.299999999999999822, -1.800000000000000044, 0.1000000000000000056 ) ) ;
#69 = DIRECTION ( 'NONE',  ( 0.0000000000000000000, 0.0000000000000000000, 1.000000000000000000 ) ) ;
#70 = DIRECTION ( 'NONE',  ( -0.7071067811865482389, 0.0000000000000000000, -0.7071067811865466846 ) ) ;
#71 = DIRECTION ( 'NONE',  ( 0.0000000000000000000, 0.0000000000000000000, -1.000000000000000000 ) ) ;
#72 = ORIENTED_EDGE ( 'NONE', *, *, #30, .T. ) ;
#73 = EDGE_LOOP ( 'NONE', ( #1481, #175, #1195, #1438 ) ) ;
#74 = ADVANCED_FACE ( 'NONE', ( #1710 ), #240, .T. ) ;
#75 = AXIS2_PLACEMENT_3D ( 'NONE', #1313, #727, #894 ) ;
#76 = AXIS2_PLACEMENT_3D ( 'NONE', #780, #1326, #597 ) ;
#77 = PLANE ( 'NONE',  #754 ) ;
#78 = DIRECTION ( 'NONE',  ( 0.0000000000000000000, 0.0000000000000000000, -1.000000000000000000 ) ) ;
#79 =( GEOMETRIC_REPRESENTATION_CONTEXT ( 3 ) GLOBAL_UNCERTAINTY_ASSIGNED_CONTEXT ( ( #65 ) ) GLOBAL_UNIT_ASSIGNED_CONTEXT ( ( #1328, #1603, #85 ) ) REPRESENTATION_CONTEXT ( 'NONE', 'WORKASPACE' ) );
#80 = VECTOR ( 'NONE', #939, 1000.000000000000000 ) ;
#81 = DIRECTION ( 'NONE',  ( 0.0000000000000000000, 1.000000000000000000, 0.0000000000000000000 ) ) ;
#82 = CIRCLE ( 'NONE', #843, 0.1000000000000000472 ) ;
#83 = CARTESIAN_POINT ( 'NONE',  ( 3.299999999999999822, 1.600000000000000089, 0.1000000000000000056 ) ) ;
#84 = DIRECTION ( 'NONE',  ( 1.000000000000000000, 0.0000000000000000000, 0.0000000000000000000 ) ) ;
#85 =( NAMED_UNIT ( * ) SI_UNIT ( $, .STERADIAN. ) SOLID_ANGLE_UNIT ( ) );
#86 = ORIENTED_EDGE ( 'NONE', *, *, #559, .T. ) ;
#87 = VERTEX_POINT ( 'NONE', #83 ) ;
#88 = LINE ( 'NONE', #1005, #1151 ) ;
#89 = DIRECTION ( 'NONE',  ( -1.000000000000000000, 0.0000000000000000000, 0.0000000000000000000 ) ) ;
#90 = LINE ( 'NONE', #68, #557 ) ;
#91 = EDGE_CURVE ( 'NONE', #1745, #1194, #1572, .T. ) ;
#92 = DIRECTION ( 'NONE',  ( 0.0000000000000000000, 0.0000000000000000000, 1.000000000000000000 ) ) ;
#93 = CARTESIAN_POINT ( 'NONE',  ( 3.100000000000000089, -0.7500000000000000000, 0.0000000000000000000 ) ) ;
#94 = ORIENTED_EDGE ( 'NONE', *, *, #794, .T. ) ;
#95 = ORIENTED_EDGE ( 'NONE', *, *, #923, .T. ) ;
#96 = DIRECTION ( 'NONE',  ( 1.000000000000000000, 0.0000000000000000000, 0.0000000000000000000 ) ) ;
#97 = CARTESIAN_POINT ( 'NONE',  ( -3.299999999999999822, 1.500000000000000000, 0.0000000000000000000 ) ) ;
#98 = DIRECTION ( 'NONE',  ( 0.0000000000000000000, 0.0000000000000000000, 1.000000000000000000 ) ) ;
#99 = DIRECTION ( 'NONE',  ( 0.0000000000000000000, -1.000000000000000000, 0.0000000000000000000 ) ) ;
#100 = DIRECTION ( 'NONE',  ( -0.0000000000000000000, 1.000000000000000000, 0.0000000000000000000 ) ) ;
#101 = EDGE_CURVE ( 'NONE', #2, #726, #1166, .T. ) ;
#102 = DIRECTION ( 'NONE',  ( 0.0000000000000000000, -1.000000000000000000, 0.0000000000000000000 ) ) ;
#103 = ORIENTED_EDGE ( 'NONE', *, *, #759, .F. ) ;
#104 = EDGE_LOOP ( 'NONE', ( #1726, #1587, #1158, #435 ) ) ;
#105 = LINE ( 'NONE', #643, #388 ) ;
#106 = LINE ( 'NONE', #228, #219 ) ;
#107 = VECTOR ( 'NONE', #685, 1000.000000000000000 ) ;
#108 =( LENGTH_UNIT ( ) NAMED_UNIT ( * ) SI_UNIT ( .MILLI., .METRE. ) );
#109 = AXIS2_PLACEMENT_3D ( 'NONE', #1182, #1173, #750 ) ;
#110 = LINE ( 'NONE', #648, #1331 ) ;
#111 = AXIS2_PLACEMENT_3D ( 'NONE', #377, #918, #1455 ) ;
#112 = ORIENTED_EDGE ( 'NONE', *, *, #1553, .F. ) ;
#113 = VECTOR ( 'NONE', #739, 1000.000000000000000 ) ;
#114 = ORIENTED_EDGE ( 'NONE', *, *, #169, .F. ) ;
#115 = EDGE_CURVE ( 'NONE', #458, #766, #1072, .T. ) ;
#116 = CARTESIAN_POINT ( 'NONE',  ( -3.153553390593273775, -3.453553390593273598, 3.000000000000000000 ) ) ;
#117 = DIRECTION ( 'NONE',  ( 0.0000000000000000000, 0.0000000000000000000, 1.000000000000000000 ) ) ;
#118 = ORIENTED_EDGE ( 'NONE', *, *, #1591, .T. ) ;
#119 = ORIENTED_EDGE ( 'NONE', *, *, #524, .F. ) ;
#120 = EDGE_CURVE ( 'NONE', #444, #2, #1594, .T. ) ;
#121 = LINE ( 'NONE', #1734, #1633 ) ;
#122 = ORIENTED_EDGE ( 'NONE', *, *, #681, .T. ) ;
#123 = ORIENTED_EDGE ( 'NONE', *, *, #926, .T. ) ;
#124 = ORIENTED_EDGE ( 'NONE', *, *, #1651, .T. ) ;
#125 = EDGE_CURVE ( 'NONE', #723, #920, #222, .T. ) ;
#126 = PRODUCT ( 'DC01A7C3-E096-4A48-93F3-A1C57EA9BAE7', 'DC01A7C3-E096-4A48-93F3-A1C57EA9BAE7', '', ( #783 ) ) ;
#127 = LINE ( 'NONE', #143, #838 ) ;
#128 = CARTESIAN_POINT ( 'NONE',  ( 3.200000000000000178, 1.500000000000000000, 1.500000000000000000 ) ) ;
#129 = VECTOR ( 'NONE', #1282, 1000.000000000000000 ) ;
#130 = AXIS2_PLACEMENT_3D ( 'NONE', #209, #1285, #92 ) ;
#131 = VERTEX_POINT ( 'NONE', #231 ) ;
#132 = AXIS2_PLACEMENT_3D ( 'NONE', #165, #705, #326 ) ;
#133 = VECTOR ( 'NONE', #1451, 1000.000000000000000 ) ;
#134 = CARTESIAN_POINT ( 'NONE',  ( -1.675000000000000044, -1.600000000000000089, 0.0000000000000000000 ) ) ;
#135 = ORIENTED_EDGE ( 'NONE', *, *, #1380, .F. ) ;
#136 = VECTOR ( 'NONE', #830, 1000.000000000000000 ) ;
#137 = SURFACE_STYLE_FILL_AREA ( #668 ) ;
#138 = PLANE ( 'NONE',  #875 ) ;
#139 = EDGE_CURVE ( 'NONE', #1616, #469, #338, .T. ) ;
#140 = ORIENTED_EDGE ( 'NONE', *, *, #351, .T. ) ;
#141 = DIRECTION ( 'NONE',  ( -0.7071067811865475727, -0.7071067811865475727, 0.0000000000000000000 ) ) ;
#142 = ORIENTED_EDGE ( 'NONE', *, *, #1187, .F. ) ;
#143 = CARTESIAN_POINT ( 'NONE',  ( -1.699999999999999956, 1.600000000000000089, 0.1000000000000000056 ) ) ;
#144 = FACE_OUTER_BOUND ( 'NONE', #330, .T. ) ;
#145 = ORIENTED_EDGE ( 'NONE', *, *, #802, .F. ) ;
#146 = ADVANCED_FACE ( 'NONE', ( #772 ), #741, .F. ) ;
#147 = DIRECTION ( 'NONE',  ( 0.0000000000000000000, 0.0000000000000000000, 1.000000000000000000 ) ) ;
#148 = ORIENTED_EDGE ( 'NONE', *, *, #440, .F. ) ;
#149 = ORIENTED_EDGE ( 'NONE', *, *, #440, .T. ) ;
#150 = SURFACE_STYLE_USAGE ( .BOTH. , #1649 ) ;
#151 = DIRECTION ( 'NONE',  ( 0.0000000000000000000, -1.000000000000000000, 0.0000000000000000000 ) ) ;
#152 = DIRECTION ( 'NONE',  ( -1.000000000000000000, 0.0000000000000000000, 0.0000000000000000000 ) ) ;
#153 = LINE ( 'NONE', #994, #1209 ) ;
#154 = AXIS2_PLACEMENT_3D ( 'NONE', #1560, #747, #1409 ) ;
#155 = VECTOR ( 'NONE', #1404, 1000.000000000000000 ) ;
#156 = EDGE_CURVE ( 'NONE', #320, #1448, #1318, .T. ) ;
#157 = LINE ( 'NONE', #914, #640 ) ;
#158 = VECTOR ( 'NONE', #433, 1000.000000000000000 ) ;
#159 = AXIS2_PLACEMENT_3D ( 'NONE', #763, #494, #740 ) ;
#160 = EDGE_CURVE ( 'NONE', #1332, #637, #249, .T. ) ;
#161 = CARTESIAN_POINT ( 'NONE',  ( -2.799999999999999822, -3.600000000000000089, 0.0000000000000000000 ) ) ;
#162 = DIRECTION ( 'NONE',  ( 0.0000000000000000000, 0.0000000000000000000, -1.000000000000000000 ) ) ;
#163 = ORIENTED_EDGE ( 'NONE', *, *, #1654, .T. ) ;
#164 = FACE_OUTER_BOUND ( 'NONE', #1035, .T. ) ;
#165 = CARTESIAN_POINT ( 'NONE',  ( 2.799999999999999822, -3.100000000000000089, 0.0000000000000000000 ) ) ;
#166 = ORIENTED_EDGE ( 'NONE', *, *, #1617, .F. ) ;
#167 = ADVANCED_FACE ( 'NONE', ( #635 ), #917, .T. ) ;
#168 = VERTEX_POINT ( 'NONE', #356 ) ;
#169 = EDGE_CURVE ( 'NONE', #1027, #296, #1518, .T. ) ;
#170 = CARTESIAN_POINT ( 'NONE',  ( -1.699999999999999956, -1.600000000000000089, 0.1000000000000000056 ) ) ;
#171 = PLANE ( 'NONE',  #1552 ) ;
#172 = DIRECTION ( 'NONE',  ( 0.0000000000000000000, -1.000000000000000000, 0.0000000000000000000 ) ) ;
#173 = ORIENTED_EDGE ( 'NONE', *, *, #1417, .T. ) ;
#174 = CARTESIAN_POINT ( 'NONE',  ( 3.200000000000000178, 1.500000000000000000, 0.0000000000000000000 ) ) ;
#175 = ORIENTED_EDGE ( 'NONE', *, *, #669, .T. ) ;
#176 = EDGE_CURVE ( 'NONE', #531, #938, #1454, .T. ) ;
#177 = FACE_OUTER_BOUND ( 'NONE', #278, .T. ) ;
#178 = CARTESIAN_POINT ( 'NONE',  ( 1.675000000000000044, -1.600000000000000089, 0.0000000000000000000 ) ) ;
#179 = EDGE_LOOP ( 'NONE', ( #846, #173, #707, #1081 ) ) ;
#180 = LINE ( 'NONE', #862, #1464 ) ;
#181 = ORIENTED_EDGE ( 'NONE', *, *, #834, .T. ) ;
#182 = AXIS2_PLACEMENT_3D ( 'NONE', #761, #463, #353 ) ;
#183 = AXIS2_PLACEMENT_3D ( 'NONE', #1137, #1674, #873 ) ;
#184 = ORIENTED_EDGE ( 'NONE', *, *, #229, .F. ) ;
#185 = CIRCLE ( 'NONE', #109, 0.5000000000000000000 ) ;
#186 = VECTOR ( 'NONE', #1120, 1000.000000000000000 ) ;
#187 = DIRECTION ( 'NONE',  ( 0.0000000000000000000, 0.0000000000000000000, 1.000000000000000000 ) ) ;
#188 = VECTOR ( 'NONE', #317, 1000.000000000000000 ) ;
#189 = DIRECTION ( 'NONE',  ( 0.0000000000000000000, 1.000000000000000000, 0.0000000000000000000 ) ) ;
#190 = DIRECTION ( 'NONE',  ( 0.0000000000000000000, -1.000000000000000000, 0.0000000000000000000 ) ) ;
#191 = ORIENTED_EDGE ( 'NONE', *, *, #1147, .F. ) ;
#192 = FACE_OUTER_BOUND ( 'NONE', #418, .T. ) ;
#193 = EDGE_CURVE ( 'NONE', #1145, #1089, #185, .T. ) ;
#194 = DIRECTION ( 'NONE',  ( 0.0000000000000000000, 0.0000000000000000000, 1.000000000000000000 ) ) ;
#195 = ORIENTED_EDGE ( 'NONE', *, *, #802, .T. ) ;
#196 = ORIENTED_EDGE ( 'NONE', *, *, #101, .T. ) ;
#197 = FACE_OUTER_BOUND ( 'NONE', #1362, .T. ) ;
#198 = FACE_OUTER_BOUND ( 'NONE', #942, .T. ) ;
#199 = CARTESIAN_POINT ( 'NONE',  ( -3.153553390593273775, 3.453553390593273598, 0.0000000000000000000 ) ) ;
#200 = CARTESIAN_POINT ( 'NONE',  ( 1.699999999999999956, 0.8000000000000000444, 0.0000000000000000000 ) ) ;
#201 = DIRECTION ( 'NONE',  ( -9.251858538542969116E-17, -1.000000000000000000, 0.0000000000000000000 ) ) ;
#202 = PLANE ( 'NONE',  #1047 ) ;
#203 = ORIENTED_EDGE ( 'NONE', *, *, #1234, .T. ) ;
#204 = EDGE_CURVE ( 'NONE', #1558, #1447, #620, .T. ) ;
#205 = ORIENTED_EDGE ( 'NONE', *, *, #962, .F. ) ;
#206 = CARTESIAN_POINT ( 'NONE',  ( 1.800000000000000044, -1.500000000000000000, 0.0000000000000000000 ) ) ;
#207 = LINE ( 'NONE', #1579, #113 ) ;
#208 = CARTESIAN_POINT ( 'NONE',  ( 3.299999999999999822, -0.7500000000000000000, 0.2000000000000000111 ) ) ;
#209 = CARTESIAN_POINT ( 'NONE',  ( 3.200000000000000178, 1.500000000000000000, 0.0000000000000000000 ) ) ;
#210 = CARTESIAN_POINT ( 'NONE',  ( -1.699999999999999956, 1.600000000000000089, 0.0000000000000000000 ) ) ;
#211 = ORIENTED_EDGE ( 'NONE', *, *, #390, .T. ) ;
#212 = ADVANCED_FACE ( 'NONE', ( #1582 ), #368, .F. ) ;
#213 = VERTEX_POINT ( 'NONE', #408 ) ;
#214 = EDGE_CURVE ( 'NONE', #856, #454, #23, .T. ) ;
#215 = VECTOR ( 'NONE', #1224, 1000.000000000000000 ) ;
#216 = CIRCLE ( 'NONE', #931, 0.5000000000000000000 ) ;
#217 = DIRECTION ( 'NONE',  ( 0.0000000000000000000, 1.000000000000000000, 0.0000000000000000000 ) ) ;
#218 = DIRECTION ( 'NONE',  ( 0.0000000000000000000, 0.0000000000000000000, 1.000000000000000000 ) ) ;
#219 = VECTOR ( 'NONE', #1149, 1000.000000000000000 ) ;
#220 = CARTESIAN_POINT ( 'NONE',  ( 1.699999999999999956, 1.600000000000000089, 0.1000000000000000056 ) ) ;
#221 = VECTOR ( 'NONE', #172, 1000.000000000000000 ) ;
#222 = LINE ( 'NONE', #1694, #386 ) ;
#223 = CARTESIAN_POINT ( 'NONE',  ( -3.299999999999999822, 1.500000000000000000, 0.0000000000000000000 ) ) ;
#224 = SURFACE_SIDE_STYLE ('',( #1176 ) ) ;
#225 = ORIENTED_EDGE ( 'NONE', *, *, #1514, .T. ) ;
#226 = ORIENTED_EDGE ( 'NONE', *, *, #866, .T. ) ;
#227 = DIRECTION ( 'NONE',  ( 0.7071067811865481278, 0.0000000000000000000, -0.7071067811865467956 ) ) ;
#229 = EDGE_CURVE ( 'NONE', #913, #535, #553, .T. ) ;
#228 = CARTESIAN_POINT ( 'NONE',  ( 4.799999999999999822, -1.500000000000000000, 0.0000000000000000000 ) ) ;
#230 = CARTESIAN_POINT ( 'NONE',  ( 2.799999999999999822, -3.100000000000000089, 0.0000000000000000000 ) ) ;
#231 = CARTESIAN_POINT ( 'NONE',  ( -3.200000000000000178, 1.500000000000000000, 0.2000000000000000111 ) ) ;
#232 = PLANE ( 'NONE',  #1462 ) ;
#233 = LINE ( 'NONE', #899, #549 ) ;
#234 = VERTEX_POINT ( 'NONE', #1216 ) ;
#235 = ORIENTED_EDGE ( 'NONE', *, *, #1731, .F. ) ;
#236 = PLANE ( 'NONE',  #1744 ) ;
#237 = CARTESIAN_POINT ( 'NONE',  ( -3.200000000000000178, -1.500000000000000000, 1.500000000000000000 ) ) ;
#238 = ADVANCED_FACE ( 'NONE', ( #536 ), #1751, .T. ) ;
#239 = DIRECTION ( 'NONE',  ( 1.000000000000000000, 0.0000000000000000000, 0.0000000000000000000 ) ) ;
#240 = CYLINDRICAL_SURFACE ( 'NONE', #579, 0.5000000000000000000 ) ;
#241 = DIRECTION ( 'NONE',  ( 0.0000000000000000000, 0.0000000000000000000, 1.000000000000000000 ) ) ;
#242 = EDGE_LOOP ( 'NONE', ( #1225, #311, #1620, #327 ) ) ;
#243 = ORIENTED_EDGE ( 'NONE', *, *, #347, .F. ) ;
#244 = CARTESIAN_POINT ( 'NONE',  ( -2.899999999999999911, 1.500000000000000000, 0.1000000000000000056 ) ) ;
#245 = DIRECTION ( 'NONE',  ( 0.0000000000000000000, -1.000000000000000000, 0.0000000000000000000 ) ) ;
#246 =( GEOMETRIC_REPRESENTATION_CONTEXT ( 3 ) GLOBAL_UNCERTAINTY_ASSIGNED_CONTEXT ( ( #737 ) ) GLOBAL_UNIT_ASSIGNED_CONTEXT ( ( #991, #10, #1383 ) ) REPRESENTATION_CONTEXT ( 'NONE', 'WORKASPACE' ) );
#247 = AXIS2_PLACEMENT_3D ( 'NONE', #210, #1703, #1193 ) ;
#248 = VECTOR ( 'NONE', #319, 1000.000000000000000 ) ;
#249 = CIRCLE ( 'NONE', #48, 0.2000000000000000666 ) ;
#250 = CARTESIAN_POINT ( 'NONE',  ( 3.100000000000000089, 1.500000000000000000, 0.1000000000000000056 ) ) ;
#251 = CIRCLE ( 'NONE', #983, 0.1000000000000000472 ) ;
#252 = DIRECTION ( 'NONE',  ( 1.000000000000000000, 0.0000000000000000000, 0.0000000000000000000 ) ) ;
#253 = VERTEX_POINT ( 'NONE', #966 ) ;
#254 = VECTOR ( 'NONE', #541, 1000.000000000000000 ) ;
#255 = EDGE_CURVE ( 'NONE', #706, #808, #872, .T. ) ;
#256 = ORIENTED_EDGE ( 'NONE', *, *, #1290, .T. ) ;
#257 =( NAMED_UNIT ( * ) SI_UNIT ( $, .STERADIAN. ) SOLID_ANGLE_UNIT ( ) );
#258 = FACE_OUTER_BOUND ( 'NONE', #264, .T. ) ;
#259 = PRODUCT_DEFINITION_SHAPE ( 'NONE', 'NONE',  #510 ) ;
#260 = ORIENTED_EDGE ( 'NONE', *, *, #1196, .T. ) ;
#261 = CYLINDRICAL_SURFACE ( 'NONE', #551, 0.2000000000000000666 ) ;
#262 = ADVANCED_FACE ( 'NONE', ( #832 ), #1104, .T. ) ;
#263 = EDGE_LOOP ( 'NONE', ( #715, #1138, #482, #972 ) ) ;
#264 = EDGE_LOOP ( 'NONE', ( #1018, #490, #1408, #61 ) ) ;
#265 = CARTESIAN_POINT ( 'NONE',  ( -3.299999999999999822, -3.100000000000000089, 0.0000000000000000000 ) ) ;
#266 = CARTESIAN_POINT ( 'NONE',  ( -3.299999999999999822, 3.600000000000000089, 3.000000000000000000 ) ) ;
#267 = ORIENTED_EDGE ( 'NONE', *, *, #91, .F. ) ;
#268 = ORIENTED_EDGE ( 'NONE', *, *, #1361, .T. ) ;
#269 = EDGE_CURVE ( 'NONE', #1178, #1511, #1721, .T. ) ;
#270 = LINE ( 'NONE', #1220, #815 ) ;
#271 = FACE_OUTER_BOUND ( 'NONE', #1675, .T. ) ;
#272 = PRESENTATION_LAYER_ASSIGNMENT (  '', '', ( #470 ) ) ;
#273 = ORIENTED_EDGE ( 'NONE', *, *, #1067, .T. ) ;
#274 = AXIS2_PLACEMENT_3D ( 'NONE', #561, #32, #24 ) ;
#275 = DIRECTION ( 'NONE',  ( -1.000000000000000000, 0.0000000000000000000, 0.0000000000000000000 ) ) ;
#276 = ORIENTED_EDGE ( 'NONE', *, *, #204, .T. ) ;
#277 = AXIS2_PLACEMENT_3D ( 'NONE', #1267, #162, #1135 ) ;
#278 = EDGE_LOOP ( 'NONE', ( #855, #140, #1498, #1575, #1219, #803, #1598, #1114, #1121, #1416 ) ) ;
#279 = DIRECTION ( 'NONE',  ( 0.0000000000000000000, 0.0000000000000000000, 1.000000000000000000 ) ) ;
#280 = EDGE_CURVE ( 'NONE', #581, #1145, #1506, .T. ) ;
#281 = DIRECTION ( 'NONE',  ( -0.7071067811865475727, 0.7071067811865475727, 0.0000000000000000000 ) ) ;
#282 = ORIENTED_EDGE ( 'NONE', *, *, #1165, .F. ) ;
#283 = DIRECTION ( 'NONE',  ( 0.0000000000000000000, 0.0000000000000000000, 1.000000000000000000 ) ) ;
#284 = ORIENTED_EDGE ( 'NONE', *, *, #1036, .F. ) ;
#285 = DIRECTION ( 'NONE',  ( 0.7071067811865481278, 0.0000000000000000000, -0.7071067811865467956 ) ) ;
#286 = ADVANCED_FACE ( 'NONE', ( #1473 ), #261, .T. ) ;
#287 = DIRECTION ( 'NONE',  ( 0.0000000000000000000, 1.000000000000000000, 0.0000000000000000000 ) ) ;
#288 = CARTESIAN_POINT ( 'NONE',  ( 3.299999999999999822, 1.500000000000000000, 1.500000000000000000 ) ) ;
#289 = CARTESIAN_POINT ( 'NONE',  ( 2.799999999999999822, 3.600000000000000089, 0.0000000000000000000 ) ) ;
#290 = EDGE_CURVE ( 'NONE', #1302, #1348, #216, .T. ) ;
#291 = DIRECTION ( 'NONE',  ( 0.0000000000000000000, -1.000000000000000000, 0.0000000000000000000 ) ) ;
#292 = ORIENTED_EDGE ( 'NONE', *, *, #989, .T. ) ;
#293 = FILL_AREA_STYLE_COLOUR ( '', #948 ) ;
#294 = CARTESIAN_POINT ( 'NONE',  ( -3.100000000000000089, 0.7500000000000000000, 0.2000000000000000111 ) ) ;
#295 = LINE ( 'NONE', #1118, #584 ) ;
#296 = VERTEX_POINT ( 'NONE', #1535 ) ;
#297 = DIRECTION ( 'NONE',  ( 0.7071067811865482389, 0.0000000000000000000, -0.7071067811865466846 ) ) ;
#298 = DIRECTION ( 'NONE',  ( 0.0000000000000000000, 0.0000000000000000000, -1.000000000000000000 ) ) ;
#299 = ORIENTED_EDGE ( 'NONE', *, *, #1494, .T. ) ;
#300 = ADVANCED_FACE ( 'NONE', ( #164 ), #1526, .F. ) ;
#301 = VECTOR ( 'NONE', #1014, 1000.000000000000000 ) ;
#302 = AXIS2_PLACEMENT_3D ( 'NONE', #306, #569, #151 ) ;
#303 = AXIS2_PLACEMENT_3D ( 'NONE', #971, #1000, #562 ) ;
#304 = ORIENTED_EDGE ( 'NONE', *, *, #115, .T. ) ;
#305 = LINE ( 'NONE', #849, #46 ) ;
#306 = CARTESIAN_POINT ( 'NONE',  ( -2.550000000000000266, -2.775557561562889872E-16, 0.1000000000000000056 ) ) ;
#307 = CARTESIAN_POINT ( 'NONE',  ( -3.299999999999999822, -1.500000000000000000, 1.500000000000000000 ) ) ;
#308 = ORIENTED_EDGE ( 'NONE', *, *, #996, .T. ) ;
#309 = CARTESIAN_POINT ( 'NONE',  ( 3.170710678118654702, 0.7500000000000000000, 0.1292893218813452871 ) ) ;
#310 = CARTESIAN_POINT ( 'NONE',  ( 1.699999999999999956, 1.600000000000000089, 0.1000000000000000056 ) ) ;
#311 = ORIENTED_EDGE ( 'NONE', *, *, #101, .F. ) ;
#312 = EDGE_CURVE ( 'NONE', #1136, #1389, #842, .T. ) ;
#313 = EDGE_CURVE ( 'NONE', #1447, #416, #1673, .T. ) ;
#314 = ORIENTED_EDGE ( 'NONE', *, *, #336, .F. ) ;
#315 = CARTESIAN_POINT ( 'NONE',  ( -3.153553390593273775, 3.453553390593273598, 0.0000000000000000000 ) ) ;
#316 = DIRECTION ( 'NONE',  ( -1.000000000000000000, 9.251858538542969116E-17, 0.0000000000000000000 ) ) ;
#317 = DIRECTION ( 'NONE',  ( 0.0000000000000000000, 0.0000000000000000000, 1.000000000000000000 ) ) ;
#318 = CARTESIAN_POINT ( 'NONE',  ( -3.241421356237309759, 1.500000000000000000, 0.05857864376269063950 ) ) ;
#319 = DIRECTION ( 'NONE',  ( 0.0000000000000000000, 0.0000000000000000000, 1.000000000000000000 ) ) ;
#320 = VERTEX_POINT ( 'NONE', #1378 ) ;
#321 = DIRECTION ( 'NONE',  ( 0.0000000000000000000, 0.0000000000000000000, 1.000000000000000000 ) ) ;
#323 = ADVANCED_FACE ( 'NONE', ( #192 ), #731, .T. ) ;
#322 = DIRECTION ( 'NONE',  ( 0.0000000000000000000, 1.000000000000000000, 0.0000000000000000000 ) ) ;
#324 = DIRECTION ( 'NONE',  ( 0.7071067811865475727, -0.7071067811865475727, 0.0000000000000000000 ) ) ;
#325 = EDGE_LOOP ( 'NONE', ( #1069, #1500, #968, #1281 ) ) ;
#326 = DIRECTION ( 'NONE',  ( 0.7071067811865475727, -0.7071067811865475727, 0.0000000000000000000 ) ) ;
#327 = ORIENTED_EDGE ( 'NONE', *, *, #1700, .F. ) ;
#328 = STYLED_ITEM ( 'NONE', ( #1501 ), #1238 ) ;
#329 = VECTOR ( 'NONE', #1336, 1000.000000000000000 ) ;
#330 = EDGE_LOOP ( 'NONE', ( #148, #226, #753, #558 ) ) ;
#331 = AXIS2_PLACEMENT_3D ( 'NONE', #1363, #1485, #404 ) ;
#332 = AXIS2_PLACEMENT_3D ( 'NONE', #686, #534, #1748 ) ;
#333 = DIRECTION ( 'NONE',  ( -0.0000000000000000000, 1.000000000000000000, 0.0000000000000000000 ) ) ;
#334 = AXIS2_PLACEMENT_3D ( 'NONE', #230, #98, #596 ) ;
#335 = FACE_OUTER_BOUND ( 'NONE', #601, .T. ) ;
#336 = EDGE_CURVE ( 'NONE', #656, #469, #910, .T. ) ;
#337 = CARTESIAN_POINT ( 'NONE',  ( 3.299999999999999822, 3.600000000000000089, 0.0000000000000000000 ) ) ;
#338 = LINE ( 'NONE', #764, #442 ) ;
#339 = DIRECTION ( 'NONE',  ( 0.0000000000000000000, 0.0000000000000000000, 1.000000000000000000 ) ) ;
#340 = ORIENTED_EDGE ( 'NONE', *, *, #1060, .T. ) ;
#341 = ORIENTED_EDGE ( 'NONE', *, *, #453, .T. ) ;
#342 = CARTESIAN_POINT ( 'NONE',  ( -3.299999999999999822, -1.500000000000000000, 0.2000000000000000111 ) ) ;
#343 = DIRECTION ( 'NONE',  ( 1.000000000000000000, 0.0000000000000000000, 0.0000000000000000000 ) ) ;
#344 = DIRECTION ( 'NONE',  ( 0.0000000000000000000, 0.0000000000000000000, -1.000000000000000000 ) ) ;
#345 = CARTESIAN_POINT ( 'NONE',  ( 3.299999999999999822, -1.800000000000000044, 1.500000000000000000 ) ) ;
#346 = DIRECTION ( 'NONE',  ( 0.0000000000000000000, 1.000000000000000000, 0.0000000000000000000 ) ) ;
#347 = EDGE_CURVE ( 'NONE', #1070, #1261, #110, .T. ) ;
#348 = CARTESIAN_POINT ( 'NONE',  ( -1.800000000000000044, 1.500000000000000000, 0.1000000000000000056 ) ) ;
#349 = ORIENTED_EDGE ( 'NONE', *, *, #1289, .T. ) ;
#350 = APPLICATION_CONTEXT ( 'automotive_design' ) ;
#351 = EDGE_CURVE ( 'NONE', #213, #16, #357, .T. ) ;
#352 = ORIENTED_EDGE ( 'NONE', *, *, #941, .T. ) ;
#353 = DIRECTION ( 'NONE',  ( 0.0000000000000000000, 0.0000000000000000000, -1.000000000000000000 ) ) ;
#354 = DIRECTION ( 'NONE',  ( 0.0000000000000000000, -1.000000000000000000, 0.0000000000000000000 ) ) ;
#355 = DIRECTION ( 'NONE',  ( -0.7071067811865481278, 0.0000000000000000000, -0.7071067811865467956 ) ) ;
#356 = CARTESIAN_POINT ( 'NONE',  ( -3.200000000000000178, 1.500000000000000000, 0.1000000000000000056 ) ) ;
#357 = LINE ( 'NONE', #898, #1550 ) ;
#358 = FILL_AREA_STYLE_COLOUR ( '', #1691 ) ;
#359 = ORIENTED_EDGE ( 'NONE', *, *, #19, .F. ) ;
#360 = EDGE_CURVE ( 'NONE', #531, #599, #515, .T. ) ;
#361 = EDGE_LOOP ( 'NONE', ( #114, #1647, #1345, #1262, #1637, #1357, #1488, #712, #1457, #1350 ) ) ;
#362 = VECTOR ( 'NONE', #1299, 1000.000000000000000 ) ;
#363 = CARTESIAN_POINT ( 'NONE',  ( -3.200000000000000178, -1.500000000000000000, 1.500000000000000000 ) ) ;
#364 = DIRECTION ( 'NONE',  ( 0.0000000000000000000, 0.0000000000000000000, -1.000000000000000000 ) ) ;
#365 = VECTOR ( 'NONE', #655, 1000.000000000000000 ) ;
#366 = CARTESIAN_POINT ( 'NONE',  ( 3.299999999999999822, 1.500000000000000000, 1.500000000000000000 ) ) ;
#367 = VECTOR ( 'NONE', #525, 1000.000000000000000 ) ;
#368 = CYLINDRICAL_SURFACE ( 'NONE', #76, 0.1000000000000000472 ) ;
#369 = DIRECTION ( 'NONE',  ( 0.0000000000000000000, 0.0000000000000000000, 1.000000000000000000 ) ) ;
#370 = VERTEX_POINT ( 'NONE', #1024 ) ;
#371 = ORIENTED_EDGE ( 'NONE', *, *, #488, .T. ) ;
#372 = EDGE_CURVE ( 'NONE', #535, #746, #1711, .T. ) ;
#373 = CARTESIAN_POINT ( 'NONE',  ( -3.100000000000000089, -0.7500000000000000000, 0.0000000000000000000 ) ) ;
#374 = PLANE ( 'NONE',  #1239 ) ;
#375 = PLANE ( 'NONE',  #1588 ) ;
#376 = DIRECTION ( 'NONE',  ( 0.0000000000000000000, -1.000000000000000000, 0.0000000000000000000 ) ) ;
#377 = CARTESIAN_POINT ( 'NONE',  ( 2.799999999999999822, -3.100000000000000089, 0.0000000000000000000 ) ) ;
#378 = ORIENTED_EDGE ( 'NONE', *, *, #1749, .T. ) ;
#379 = ORIENTED_EDGE ( 'NONE', *, *, #1400, .T. ) ;
#380 = DIRECTION ( 'NONE',  ( 0.0000000000000000000, 0.0000000000000000000, -1.000000000000000000 ) ) ;
#381 = ADVANCED_FACE ( 'NONE', ( #765 ), #1183, .T. ) ;
#382 = DIRECTION ( 'NONE',  ( -0.0000000000000000000, 1.000000000000000000, 0.0000000000000000000 ) ) ;
#383 = APPLICATION_PROTOCOL_DEFINITION ( 'draft international standard', 'automotive_design', 1998, #350 ) ;
#384 = ORIENTED_EDGE ( 'NONE', *, *, #1214, .F. ) ;
#385 = ORIENTED_EDGE ( 'NONE', *, *, #638, .F. ) ;
#386 = VECTOR ( 'NONE', #479, 1000.000000000000000 ) ;
#387 = LINE ( 'NONE', #1091, #254 ) ;
#388 = VECTOR ( 'NONE', #1192, 1000.000000000000000 ) ;
#389 = PLANE ( 'NONE',  #724 ) ;
#390 = EDGE_CURVE ( 'NONE', #1559, #1070, #1602, .T. ) ;
#391 = CIRCLE ( 'NONE', #1076, 0.2000000000000000666 ) ;
#392 = ORIENTED_EDGE ( 'NONE', *, *, #857, .F. ) ;
#393 = DIRECTION ( 'NONE',  ( -0.7071067811865475727, -0.7071067811865475727, 0.0000000000000000000 ) ) ;
#394 = ORIENTED_EDGE ( 'NONE', *, *, #453, .F. ) ;
#395 = CARTESIAN_POINT ( 'NONE',  ( -3.100000000000000089, -1.500000000000000000, 0.2000000000000000111 ) ) ;
#396 = CARTESIAN_POINT ( 'NONE',  ( -2.799999999999999822, 3.100000000000000089, 0.0000000000000000000 ) ) ;
#397 = ORIENTED_EDGE ( 'NONE', *, *, #1600, .T. ) ;
#398 = ADVANCED_FACE ( 'NONE', ( #751 ), #232, .F. ) ;
#399 = VERTEX_POINT ( 'NONE', #1728 ) ;
#400 = ADVANCED_FACE ( 'NONE', ( #608 ), #496, .T. ) ;
#401 = LINE ( 'NONE', #519, #905 ) ;
#402 = DIRECTION ( 'NONE',  ( 0.0000000000000000000, 0.0000000000000000000, -1.000000000000000000 ) ) ;
#403 = ORIENTED_EDGE ( 'NONE', *, *, #923, .F. ) ;
#404 = DIRECTION ( 'NONE',  ( 1.000000000000000000, 0.0000000000000000000, 0.0000000000000000000 ) ) ;
#405 = LINE ( 'NONE', #415, #215 ) ;
#406 = EDGE_LOOP ( 'NONE', ( #1253, #1201, #1388, #836 ) ) ;
#407 = ADVANCED_FACE ( 'NONE', ( #629 ), #1154, .F. ) ;
#408 = CARTESIAN_POINT ( 'NONE',  ( 3.299999999999999822, -1.500000000000000000, 0.2000000000000000111 ) ) ;
#409 = DIRECTION ( 'NONE',  ( 0.7071067811865481278, 0.0000000000000000000, -0.7071067811865467956 ) ) ;
#410 = VECTOR ( 'NONE', #96, 1000.000000000000000 ) ;
#411 = VECTOR ( 'NONE', #53, 1000.000000000000000 ) ;
#412 = ORIENTED_EDGE ( 'NONE', *, *, #29, .F. ) ;
#413 = DIRECTION ( 'NONE',  ( 0.0000000000000000000, 1.000000000000000000, 0.0000000000000000000 ) ) ;
#414 = AXIS2_PLACEMENT_3D ( 'NONE', #742, #1286, #70 ) ;
#415 = CARTESIAN_POINT ( 'NONE',  ( 2.475000000000000089, 1.600000000000000089, 0.0000000000000000000 ) ) ;
#416 = VERTEX_POINT ( 'NONE', #621 ) ;
#417 = COLOUR_RGB ( '',0.6196078431372549211, 0.6196078431372549211, 0.6196078431372549211 ) ;
#418 = EDGE_LOOP ( 'NONE', ( #1065, #891, #273, #379 ) ) ;
#419 = EDGE_CURVE ( 'NONE', #234, #1027, #1167, .T. ) ;
#420 = DIRECTION ( 'NONE',  ( 0.0000000000000000000, -1.000000000000000000, 0.0000000000000000000 ) ) ;
#422 = EDGE_CURVE ( 'NONE', #131, #1210, #487, .T. ) ;
#421 = CYLINDRICAL_SURFACE ( 'NONE', #1465, 0.1000000000000000472 ) ;
#423 = LINE ( 'NONE', #695, #188 ) ;
#424 = VERTEX_POINT ( 'NONE', #1446 ) ;
#425 = DIRECTION ( 'NONE',  ( 0.0000000000000000000, 1.000000000000000000, 0.0000000000000000000 ) ) ;
#426 = EDGE_LOOP ( 'NONE', ( #1505, #460, #799, #1706 ) ) ;
#427 = VERTEX_POINT ( 'NONE', #1032 ) ;
#428 = DIRECTION ( 'NONE',  ( 0.0000000000000000000, 0.0000000000000000000, 1.000000000000000000 ) ) ;
#429 = ADVANCED_FACE ( 'NONE', ( #773 ), #1573, .F. ) ;
#430 = FACE_OUTER_BOUND ( 'NONE', #785, .T. ) ;
#431 = ORIENTED_EDGE ( 'NONE', *, *, #1731, .T. ) ;
#432 = DIRECTION ( 'NONE',  ( 0.0000000000000000000, 0.0000000000000000000, 1.000000000000000000 ) ) ;
#433 = DIRECTION ( 'NONE',  ( 0.0000000000000000000, -1.000000000000000000, 0.0000000000000000000 ) ) ;
#434 = ORIENTED_EDGE ( 'NONE', *, *, #115, .F. ) ;
#435 = ORIENTED_EDGE ( 'NONE', *, *, #1441, .F. ) ;
#436 =( LENGTH_UNIT ( ) NAMED_UNIT ( * ) SI_UNIT ( .MILLI., .METRE. ) );
#437 = FACE_OUTER_BOUND ( 'NONE', #990, .T. ) ;
#438 = CYLINDRICAL_SURFACE ( 'NONE', #303, 0.2000000000000000666 ) ;
#439 = ORIENTED_EDGE ( 'NONE', *, *, #782, .T. ) ;
#440 = EDGE_CURVE ( 'NONE', #35, #530, #472, .T. ) ;
#441 = AXIS2_PLACEMENT_3D ( 'NONE', #1088, #275, #922 ) ;
#442 = VECTOR ( 'NONE', #1309, 1000.000000000000000 ) ;
#443 = CARTESIAN_POINT ( 'NONE',  ( -3.200000000000000178, 1.500000000000000000, 1.500000000000000000 ) ) ;
#444 = VERTEX_POINT ( 'NONE', #1595 ) ;
#445 = VECTOR ( 'NONE', #369, 1000.000000000000000 ) ;
#446 = CIRCLE ( 'NONE', #1661, 0.1000000000000000472 ) ;
#447 = EDGE_LOOP ( 'NONE', ( #1083, #1696, #431, #613 ) ) ;
#448 = DIRECTION ( 'NONE',  ( 0.7071067811865482389, 0.0000000000000000000, -0.7071067811865466846 ) ) ;
#449 = CARTESIAN_POINT ( 'NONE',  ( 2.799999999999999822, -3.100000000000000089, 3.000000000000000000 ) ) ;
#450 = CARTESIAN_POINT ( 'NONE',  ( -4.799999999999999822, -1.500000000000000000, 0.1000000000000000056 ) ) ;
#451 = DIRECTION ( 'NONE',  ( 0.0000000000000000000, 1.000000000000000000, 0.0000000000000000000 ) ) ;
#452 = ORIENTED_EDGE ( 'NONE', *, *, #1453, .F. ) ;
#453 = EDGE_CURVE ( 'NONE', #819, #1448, #671, .T. ) ;
#454 = VERTEX_POINT ( 'NONE', #1078 ) ;
#455 = DIRECTION ( 'NONE',  ( 1.000000000000000000, 0.0000000000000000000, 0.0000000000000000000 ) ) ;
#456 = DIRECTION ( 'NONE',  ( 0.7071067811865481278, 0.0000000000000000000, -0.7071067811865467956 ) ) ;
#457 = DIRECTION ( 'NONE',  ( 0.0000000000000000000, 0.0000000000000000000, -1.000000000000000000 ) ) ;
#458 = VERTEX_POINT ( 'NONE', #1626 ) ;
#459 = DIRECTION ( 'NONE',  ( 0.7071067811865475727, 0.7071067811865475727, 0.0000000000000000000 ) ) ;
#460 = ORIENTED_EDGE ( 'NONE', *, *, #8, .T. ) ;
#461 = VERTEX_POINT ( 'NONE', #1360 ) ;
#462 = ADVANCED_FACE ( 'NONE', ( #144 ), #1084, .T. ) ;
#463 = DIRECTION ( 'NONE',  ( 0.0000000000000000000, -1.000000000000000000, 0.0000000000000000000 ) ) ;
#464 = CARTESIAN_POINT ( 'NONE',  ( 2.799999999999999822, -3.600000000000000089, 3.000000000000000000 ) ) ;
#465 = CARTESIAN_POINT ( 'NONE',  ( 3.153553390593273775, 3.453553390593273598, 3.000000000000000000 ) ) ;
#466 = CARTESIAN_POINT ( 'NONE',  ( -3.100000000000000089, -1.500000000000000000, 0.2000000000000000111 ) ) ;
#467 = DIRECTION ( 'NONE',  ( 0.0000000000000000000, -1.000000000000000000, 0.0000000000000000000 ) ) ;
#468 = CARTESIAN_POINT ( 'NONE',  ( 2.799999999999999822, 3.100000000000000089, 3.000000000000000000 ) ) ;
#469 = VERTEX_POINT ( 'NONE', #956 ) ;
#470 = STYLED_ITEM ( 'NONE', ( #39 ), #1246 ) ;
#471 = ORIENTED_EDGE ( 'NONE', *, *, #1749, .F. ) ;
#472 = CIRCLE ( 'NONE', #414, 0.2000000000000000666 ) ;
#473 = LINE ( 'NONE', #1547, #901 ) ;
#474 = EDGE_CURVE ( 'NONE', #1057, #903, #1402, .T. ) ;
#475 = AXIS2_PLACEMENT_3D ( 'NONE', #679, #279, #1469 ) ;
#476 = CARTESIAN_POINT ( 'NONE',  ( 3.100000000000000089, -1.500000000000000000, 0.2000000000000000111 ) ) ;
#477 = PLANE ( 'NONE',  #1333 ) ;
#478 = ADVANCED_FACE ( 'NONE', ( #1356 ), #1205, .F. ) ;
#479 = DIRECTION ( 'NONE',  ( -1.000000000000000000, 0.0000000000000000000, 0.0000000000000000000 ) ) ;
#480 = DIRECTION ( 'NONE',  ( 0.0000000000000000000, 0.0000000000000000000, -1.000000000000000000 ) ) ;
#481 = EDGE_LOOP ( 'NONE', ( #267, #195, #37, #1146 ) ) ;
#482 = ORIENTED_EDGE ( 'NONE', *, *, #1196, .F. ) ;
#483 = CARTESIAN_POINT ( 'NONE',  ( -3.200000000000000178, -1.500000000000000000, 0.0000000000000000000 ) ) ;
#484 = CARTESIAN_POINT ( 'NONE',  ( -3.299999999999999822, -3.100000000000000089, 3.000000000000000000 ) ) ;
#485 = LINE ( 'NONE', #220, #1130 ) ;
#486 = DIRECTION ( 'NONE',  ( 0.0000000000000000000, 1.000000000000000000, 0.0000000000000000000 ) ) ;
#487 = LINE ( 'NONE', #1174, #445 ) ;
#488 = EDGE_CURVE ( 'NONE', #1474, #1003, #1660, .T. ) ;
#489 = DIRECTION ( 'NONE',  ( 0.0000000000000000000, 0.0000000000000000000, 1.000000000000000000 ) ) ;
#490 = ORIENTED_EDGE ( 'NONE', *, *, #1609, .T. ) ;
#491 = ORIENTED_EDGE ( 'NONE', *, *, #1654, .F. ) ;
#492 = FACE_OUTER_BOUND ( 'NONE', #447, .T. ) ;
#493 = DIRECTION ( 'NONE',  ( 1.000000000000000000, 0.0000000000000000000, 0.0000000000000000000 ) ) ;
#494 = DIRECTION ( 'NONE',  ( 1.000000000000000000, 0.0000000000000000000, 0.0000000000000000000 ) ) ;
#495 = DIRECTION ( 'NONE',  ( 0.0000000000000000000, -1.000000000000000000, 0.0000000000000000000 ) ) ;
#496 = PLANE ( 'NONE',  #1351 ) ;
#497 = CARTESIAN_POINT ( 'NONE',  ( 0.0000000000000000000, 0.0000000000000000000, 0.0000000000000000000 ) ) ;
#498 = ORIENTED_EDGE ( 'NONE', *, *, #419, .T. ) ;
#499 = ADVANCED_FACE ( 'NONE', ( #1497 ), #389, .T. ) ;
#500 = EDGE_LOOP ( 'NONE', ( #864, #123, #1672, #135 ) ) ;
#501 =( GEOMETRIC_REPRESENTATION_CONTEXT ( 3 ) GLOBAL_UNCERTAINTY_ASSIGNED_CONTEXT ( ( #833 ) ) GLOBAL_UNIT_ASSIGNED_CONTEXT ( ( #436, #1641, #1669 ) ) REPRESENTATION_CONTEXT ( 'NONE', 'WORKASPACE' ) );
#502 = AXIS2_PLACEMENT_3D ( 'NONE', #628, #1023, #1031 ) ;
#503 = PLANE ( 'NONE',  #154 ) ;
#504 = CARTESIAN_POINT ( 'NONE',  ( -3.299999999999999822, 3.600000000000000089, 0.0000000000000000000 ) ) ;
#505 = CARTESIAN_POINT ( 'NONE',  ( 3.299999999999999822, 1.500000000000000000, 1.500000000000000000 ) ) ;
#506 = VECTOR ( 'NONE', #1701, 1000.000000000000000 ) ;
#507 = CARTESIAN_POINT ( 'NONE',  ( 2.799999999999999822, 3.100000000000000089, 0.0000000000000000000 ) ) ;
#508 = DIRECTION ( 'NONE',  ( 0.0000000000000000000, 0.0000000000000000000, 1.000000000000000000 ) ) ;
#509 = ORIENTED_EDGE ( 'NONE', *, *, #125, .T. ) ;
#510 = PRODUCT_DEFINITION ( 'UNKNOWN', '', #1300, #1087 ) ;
#511 = ORIENTED_EDGE ( 'NONE', *, *, #156, .F. ) ;
#512 = EDGE_CURVE ( 'NONE', #622, #1057, #1156, .T. ) ;
#513 = CARTESIAN_POINT ( 'NONE',  ( 3.200000000000000178, 1.500000000000000000, 0.0000000000000000000 ) ) ;
#514 = FILL_AREA_STYLE ('',( #1496 ) ) ;
#515 = LINE ( 'NONE', #1062, #362 ) ;
#516 = ORIENTED_EDGE ( 'NONE', *, *, #1475, .T. ) ;
#517 = VERTEX_POINT ( 'NONE', #1341 ) ;
#518 = EDGE_CURVE ( 'NONE', #1348, #622, #662, .T. ) ;
#519 = CARTESIAN_POINT ( 'NONE',  ( -3.299999999999999822, -1.800000000000000044, 0.1000000000000000056 ) ) ;
#520 = DIRECTION ( 'NONE',  ( 0.0000000000000000000, -1.000000000000000000, 0.0000000000000000000 ) ) ;
#521 = EDGE_LOOP ( 'NONE', ( #682, #775, #94, #359 ) ) ;
#522 = ORIENTED_EDGE ( 'NONE', *, *, #1187, .T. ) ;
#523 = CLOSED_SHELL ( 'NONE', ( #286, #690, #478, #1529, #1346, #708, #238, #1175, #847, #400, #529, #1503 ) ) ;
#524 = EDGE_CURVE ( 'NONE', #831, #1348, #1477, .T. ) ;
#525 = DIRECTION ( 'NONE',  ( 0.0000000000000000000, 0.0000000000000000000, 1.000000000000000000 ) ) ;
#526 = AXIS2_PLACEMENT_3D ( 'NONE', #575, #1240, #448 ) ;
#527 = DIRECTION ( 'NONE',  ( -0.7071067811865482389, 0.0000000000000000000, -0.7071067811865466846 ) ) ;
#528 = VECTOR ( 'NONE', #354, 1000.000000000000000 ) ;
#529 = ADVANCED_FACE ( 'NONE', ( #271 ), #138, .T. ) ;
#530 = VERTEX_POINT ( 'NONE', #822 ) ;
#531 = VERTEX_POINT ( 'NONE', #250 ) ;
#532 = ORIENTED_EDGE ( 'NONE', *, *, #1223, .F. ) ;
#533 = FACE_OUTER_BOUND ( 'NONE', #1106, .T. ) ;
#534 = DIRECTION ( 'NONE',  ( 0.0000000000000000000, 0.0000000000000000000, -1.000000000000000000 ) ) ;
#535 = VERTEX_POINT ( 'NONE', #1227 ) ;
#536 = FACE_OUTER_BOUND ( 'NONE', #179, .T. ) ;
#537 = ADVANCED_FACE ( 'NONE', ( #258 ), #804, .T. ) ;
#538 = PLANE ( 'NONE',  #869 ) ;
#539 = ORIENTED_EDGE ( 'NONE', *, *, #1700, .T. ) ;
#540 = LINE ( 'NONE', #659, #647 ) ;
#541 = DIRECTION ( 'NONE',  ( 0.0000000000000000000, 0.0000000000000000000, 1.000000000000000000 ) ) ;
#542 = CARTESIAN_POINT ( 'NONE',  ( -1.699999999999999956, -1.600000000000000089, 0.0000000000000000000 ) ) ;
#543 = ORIENTED_EDGE ( 'NONE', *, *, #1622, .F. ) ;
#544 = EDGE_CURVE ( 'NONE', #940, #663, #1347, .T. ) ;
#545 = CARTESIAN_POINT ( 'NONE',  ( 3.200000000000000178, 1.500000000000000000, 0.1000000000000000056 ) ) ;
#546 = ORIENTED_EDGE ( 'NONE', *, *, #1316, .T. ) ;
#547 = DIRECTION ( 'NONE',  ( 0.0000000000000000000, -1.000000000000000000, 0.0000000000000000000 ) ) ;
#548 = CIRCLE ( 'NONE', #1189, 0.2000000000000000666 ) ;
#549 = VECTOR ( 'NONE', #489, 1000.000000000000000 ) ;
#550 = CARTESIAN_POINT ( 'NONE',  ( -3.299999999999999822, -0.7500000000000000000, 0.2000000000000000111 ) ) ;
#551 = AXIS2_PLACEMENT_3D ( 'NONE', #800, #985, #297 ) ;
#552 = ORIENTED_EDGE ( 'NONE', *, *, #916, .F. ) ;
#553 = LINE ( 'NONE', #1086, #1298 ) ;
#554 = AXIS2_PLACEMENT_3D ( 'NONE', #294, #1116, #728 ) ;
#555 = CARTESIAN_POINT ( 'NONE',  ( -2.799999999999999822, -3.100000000000000089, 0.0000000000000000000 ) ) ;
#556 = ORIENTED_EDGE ( 'NONE', *, *, #1370, .T. ) ;
#557 = VECTOR ( 'NONE', #81, 1000.000000000000000 ) ;
#558 = ORIENTED_EDGE ( 'NONE', *, *, #1033, .F. ) ;
#559 = EDGE_CURVE ( 'NONE', #535, #1604, #4, .T. ) ;
#560 = SURFACE_STYLE_USAGE ( .BOTH. , #1390 ) ;
#561 = CARTESIAN_POINT ( 'NONE',  ( -3.299999999999999822, -1.500000000000000000, 0.0000000000000000000 ) ) ;
#562 = DIRECTION ( 'NONE',  ( -0.7071067811865482389, 0.0000000000000000000, -0.7071067811865466846 ) ) ;
#563 = ORIENTED_EDGE ( 'NONE', *, *, #1036, .T. ) ;
#564 = CARTESIAN_POINT ( 'NONE',  ( 3.299999999999999822, -1.600000000000000089, 0.0000000000000000000 ) ) ;
#565 = ORIENTED_EDGE ( 'NONE', *, *, #1380, .T. ) ;
#566 = VERTEX_POINT ( 'NONE', #1100 ) ;
#567 = DIRECTION ( 'NONE',  ( 0.0000000000000000000, -1.000000000000000000, 0.0000000000000000000 ) ) ;
#568 = ADVANCED_FACE ( 'NONE', ( #1636 ), #1213, .F. ) ;
#569 = DIRECTION ( 'NONE',  ( 0.0000000000000000000, 0.0000000000000000000, -1.000000000000000000 ) ) ;
#570 = CARTESIAN_POINT ( 'NONE',  ( 3.200000000000000178, 1.500000000000000000, 1.500000000000000000 ) ) ;
#571 = CARTESIAN_POINT ( 'NONE',  ( 3.299999999999999822, -1.500000000000000000, 1.500000000000000000 ) ) ;
#572 = CARTESIAN_POINT ( 'NONE',  ( -2.799999999999999822, 3.100000000000000089, 0.0000000000000000000 ) ) ;
#573 = ORIENTED_EDGE ( 'NONE', *, *, #54, .F. ) ;
#574 = SURFACE_STYLE_FILL_AREA ( #1521 ) ;
#575 = CARTESIAN_POINT ( 'NONE',  ( 3.100000000000000089, -1.500000000000000000, 0.2000000000000000111 ) ) ;
#576 = CARTESIAN_POINT ( 'NONE',  ( 2.799999999999999822, -3.100000000000000089, 0.0000000000000000000 ) ) ;
#577 = EDGE_LOOP ( 'NONE', ( #1111, #1304, #314, #1096 ) ) ;
#578 = CIRCLE ( 'NONE', #1686, 0.1000000000000000472 ) ;
#579 = AXIS2_PLACEMENT_3D ( 'NONE', #1297, #69, #1720 ) ;
#580 = CARTESIAN_POINT ( 'NONE',  ( 3.299999999999999822, -1.600000000000000089, 0.1000000000000000056 ) ) ;
#581 = VERTEX_POINT ( 'NONE', #925 ) ;
#582 = STYLED_ITEM ( 'NONE', ( #1424 ), #9 ) ;
#583 = AXIS2_PLACEMENT_3D ( 'NONE', #1460, #1068, #527 ) ;
#584 = VECTOR ( 'NONE', #287, 1000.000000000000000 ) ;
#585 = ORIENTED_EDGE ( 'NONE', *, *, #1117, .T. ) ;
#586 = DIRECTION ( 'NONE',  ( 0.0000000000000000000, -1.000000000000000000, 0.0000000000000000000 ) ) ;
#587 = DIRECTION ( 'NONE',  ( 0.0000000000000000000, -1.000000000000000000, 0.0000000000000000000 ) ) ;
#588 = LINE ( 'NONE', #1143, #952 ) ;
#589 = CARTESIAN_POINT ( 'NONE',  ( -3.299999999999999822, -3.600000000000000089, 0.0000000000000000000 ) ) ;
#590 = CARTESIAN_POINT ( 'NONE',  ( -1.699999999999999956, -1.600000000000000089, 0.0000000000000000000 ) ) ;
#591 = ORIENTED_EDGE ( 'NONE', *, *, #857, .T. ) ;
#592 = EDGE_CURVE ( 'NONE', #168, #723, #121, .T. ) ;
#593 = ORIENTED_EDGE ( 'NONE', *, *, #229, .T. ) ;
#594 = DIRECTION ( 'NONE',  ( -1.000000000000000000, 0.0000000000000000000, 0.0000000000000000000 ) ) ;
#595 = FACE_OUTER_BOUND ( 'NONE', #577, .T. ) ;
#596 = DIRECTION ( 'NONE',  ( 0.7071067811865475727, -0.7071067811865475727, 0.0000000000000000000 ) ) ;
#597 = DIRECTION ( 'NONE',  ( -0.7071067811865481278, 0.0000000000000000000, -0.7071067811865467956 ) ) ;
#598 = DIRECTION ( 'NONE',  ( 0.0000000000000000000, 1.000000000000000000, 0.0000000000000000000 ) ) ;
#599 = VERTEX_POINT ( 'NONE', #1643 ) ;
#600 = ADVANCED_FACE ( 'NONE', ( #59 ), #1384, .F. ) ;
#601 = EDGE_LOOP ( 'NONE', ( #757, #556, #935, #56 ) ) ;
#602 = ADVANCED_FACE ( 'NONE', ( #1532 ), #963, .F. ) ;
#603 = LINE ( 'NONE', #206, #14 ) ;
#604 = CARTESIAN_POINT ( 'NONE',  ( -3.299999999999999822, 1.600000000000000089, 0.0000000000000000000 ) ) ;
#605 = CARTESIAN_POINT ( 'NONE',  ( 3.299999999999999822, 1.500000000000000000, 0.1000000000000000056 ) ) ;
#606 = DIRECTION ( 'NONE',  ( 0.0000000000000000000, -1.000000000000000000, 0.0000000000000000000 ) ) ;
#607 = DIRECTION ( 'NONE',  ( 0.0000000000000000000, 0.0000000000000000000, 1.000000000000000000 ) ) ;
#608 = FACE_OUTER_BOUND ( 'NONE', #361, .T. ) ;
#609 = APPLICATION_PROTOCOL_DEFINITION ( 'draft international standard', 'automotive_design', 1998, #1468 ) ;
#610 = ORIENTED_EDGE ( 'NONE', *, *, #156, .T. ) ;
#611 = VECTOR ( 'NONE', #936, 1000.000000000000000 ) ;
#612 = VECTOR ( 'NONE', #1387, 1000.000000000000000 ) ;
#613 = ORIENTED_EDGE ( 'NONE', *, *, #1212, .F. ) ;
#614 = VECTOR ( 'NONE', #547, 1000.000000000000000 ) ;
#615 = VECTOR ( 'NONE', #606, 1000.000000000000000 ) ;
#616 = DIRECTION ( 'NONE',  ( 0.0000000000000000000, 1.000000000000000000, 0.0000000000000000000 ) ) ;
#618 = ADVANCED_FACE ( 'NONE', ( #595 ), #969, .F. ) ;
#617 = LINE ( 'NONE', #504, #133 ) ;
#619 = LINE ( 'NONE', #634, #1746 ) ;
#620 = LINE ( 'NONE', #1041, #1632 ) ;
#621 = CARTESIAN_POINT ( 'NONE',  ( 3.200000000000000178, 1.500000000000000000, 1.500000000000000000 ) ) ;
#622 = VERTEX_POINT ( 'NONE', #51 ) ;
#623 = ORIENTED_EDGE ( 'NONE', *, *, #336, .T. ) ;
#624 = DIRECTION ( 'NONE',  ( 0.0000000000000000000, 0.0000000000000000000, 1.000000000000000000 ) ) ;
#625 = LINE ( 'NONE', #1708, #986 ) ;
#626 = EDGE_CURVE ( 'NONE', #517, #1103, #691, .T. ) ;
#627 = CARTESIAN_POINT ( 'NONE',  ( 2.799999999999999822, 3.600000000000000089, 3.000000000000000000 ) ) ;
#628 = CARTESIAN_POINT ( 'NONE',  ( -2.799999999999999822, 3.100000000000000089, 0.0000000000000000000 ) ) ;
#629 = FACE_OUTER_BOUND ( 'NONE', #1750, .T. ) ;
#630 = ORIENTED_EDGE ( 'NONE', *, *, #1576, .T. ) ;
#631 = EDGE_LOOP ( 'NONE', ( #1684, #511, #1723, #1026, #828, #1312, #196, #1386, #268, #1627, #491, #1339 ) ) ;
#632 = FACE_OUTER_BOUND ( 'NONE', #958, .T. ) ;
#633 = DIRECTION ( 'NONE',  ( 0.0000000000000000000, -1.000000000000000000, 0.0000000000000000000 ) ) ;
#634 = CARTESIAN_POINT ( 'NONE',  ( -1.800000000000000044, -1.500000000000000000, 0.0000000000000000000 ) ) ;
#635 = FACE_OUTER_BOUND ( 'NONE', #1133, .T. ) ;
#636 = DIRECTION ( 'NONE',  ( 1.000000000000000000, 0.0000000000000000000, 0.0000000000000000000 ) ) ;
#637 = VERTEX_POINT ( 'NONE', #1257 ) ;
#638 = EDGE_CURVE ( 'NONE', #461, #253, #1352, .T. ) ;
#639 = ORIENTED_EDGE ( 'NONE', *, *, #1713, .F. ) ;
#640 = VECTOR ( 'NONE', #1369, 1000.000000000000000 ) ;
#641 = CIRCLE ( 'NONE', #1435, 0.5000000000000000000 ) ;
#642 = AXIS2_PLACEMENT_3D ( 'NONE', #507, #607, #1053 ) ;
#643 = CARTESIAN_POINT ( 'NONE',  ( 3.153553390593273775, -3.453553390593273598, 0.0000000000000000000 ) ) ;
#644 = DIRECTION ( 'NONE',  ( 0.0000000000000000000, 1.000000000000000000, 0.0000000000000000000 ) ) ;
#645 = VECTOR ( 'NONE', #798, 1000.000000000000000 ) ;
#646 = LINE ( 'NONE', #1601, #930 ) ;
#647 = VECTOR ( 'NONE', #245, 1000.000000000000000 ) ;
#648 = CARTESIAN_POINT ( 'NONE',  ( -3.299999999999999822, -1.500000000000000000, 1.500000000000000000 ) ) ;
#649 = SHAPE_DEFINITION_REPRESENTATION ( #259, #9 ) ;
#650 = EDGE_LOOP ( 'NONE', ( #552, #1528, #1668, #384 ) ) ;
#651 = ADVANCED_FACE ( 'NONE', ( #716 ), #1399, .F. ) ;
#652 = ORIENTED_EDGE ( 'NONE', *, *, #422, .T. ) ;
#653 = LINE ( 'NONE', #1524, #698 ) ;
#654 = CARTESIAN_POINT ( 'NONE',  ( -1.699999999999999956, 1.600000000000000089, 0.1000000000000000056 ) ) ;
#655 = DIRECTION ( 'NONE',  ( 0.0000000000000000000, 1.000000000000000000, 0.0000000000000000000 ) ) ;
#656 = VERTEX_POINT ( 'NONE', #1541 ) ;
#657 = ORIENTED_EDGE ( 'NONE', *, *, #1513, .F. ) ;
#658 = ADVANCED_FACE ( 'NONE', ( #1375 ), #171, .F. ) ;
#659 = CARTESIAN_POINT ( 'NONE',  ( -3.200000000000000178, 1.500000000000000000, 1.500000000000000000 ) ) ;
#660 = EDGE_CURVE ( 'NONE', #370, #234, #1301, .T. ) ;
#661 = DIRECTION ( 'NONE',  ( 0.7071067811865481278, 0.0000000000000000000, -0.7071067811865467956 ) ) ;
#662 = LINE ( 'NONE', #943, #80 ) ;
#663 = VERTEX_POINT ( 'NONE', #1509 ) ;
#664 = ORIENTED_EDGE ( 'NONE', *, *, #1453, .T. ) ;
#665 = ORIENTED_EDGE ( 'NONE', *, *, #638, .T. ) ;
#666 = CIRCLE ( 'NONE', #1581, 0.5000000000000000000 ) ;
#667 = VECTOR ( 'NONE', #853, 1000.000000000000000 ) ;
#668 = FILL_AREA_STYLE ('',( #1354 ) ) ;
#669 = EDGE_CURVE ( 'NONE', #1178, #706, #1141, .T. ) ;
#670 = CIRCLE ( 'NONE', #1585, 0.1000000000000000472 ) ;
#671 = CIRCLE ( 'NONE', #111, 0.5000000000000000000 ) ;
#672 = CARTESIAN_POINT ( 'NONE',  ( -3.299999999999999822, 1.500000000000000000, 1.500000000000000000 ) ) ;
#673 = AXIS2_PLACEMENT_3D ( 'NONE', #1164, #1580, #1482 ) ;
#674 = ORIENTED_EDGE ( 'NONE', *, *, #255, .T. ) ;
#675 = DIRECTION ( 'NONE',  ( 0.0000000000000000000, 0.0000000000000000000, -1.000000000000000000 ) ) ;
#676 = CARTESIAN_POINT ( 'NONE',  ( 3.299999999999999822, -3.100000000000000089, 0.0000000000000000000 ) ) ;
#677 = ORIENTED_EDGE ( 'NONE', *, *, #1480, .F. ) ;
#678 = CARTESIAN_POINT ( 'NONE',  ( -3.299999999999999822, 1.600000000000000089, 0.1000000000000000056 ) ) ;
#679 = CARTESIAN_POINT ( 'NONE',  ( 1.649999999999999911, 0.0000000000000000000, 0.0000000000000000000 ) ) ;
#680 = DIRECTION ( 'NONE',  ( -9.251858538542969116E-17, 1.000000000000000000, 0.0000000000000000000 ) ) ;
#681 = EDGE_CURVE ( 'NONE', #766, #1089, #1670, .T. ) ;
#682 = ORIENTED_EDGE ( 'NONE', *, *, #823, .F. ) ;
#683 = CARTESIAN_POINT ( 'NONE',  ( -1.699999999999999956, -1.600000000000000089, 0.1000000000000000056 ) ) ;
#684 = VERTEX_POINT ( 'NONE', #161 ) ;
#685 = DIRECTION ( 'NONE',  ( 0.0000000000000000000, 0.0000000000000000000, -1.000000000000000000 ) ) ;
#686 = CARTESIAN_POINT ( 'NONE',  ( -2.799999999999999822, 3.100000000000000089, 0.0000000000000000000 ) ) ;
#687 = EDGE_LOOP ( 'NONE', ( #509, #292, #1064, #1624 ) ) ;
#688 = DIRECTION ( 'NONE',  ( 1.000000000000000000, 0.0000000000000000000, 0.0000000000000000000 ) ) ;
#689 = VERTEX_POINT ( 'NONE', #702 ) ;
#690 = ADVANCED_FACE ( 'NONE', ( #437 ), #421, .F. ) ;
#691 = LINE ( 'NONE', #709, #904 ) ;
#692 = AXIS2_PLACEMENT_3D ( 'NONE', #977, #567, #1115 ) ;
#693 = AXIS2_PLACEMENT_3D ( 'NONE', #1584, #382, #1319 ) ;
#694 =( GEOMETRIC_REPRESENTATION_CONTEXT ( 3 ) GLOBAL_UNCERTAINTY_ASSIGNED_CONTEXT ( ( #1449 ) ) GLOBAL_UNIT_ASSIGNED_CONTEXT ( ( #1574, #1063, #1566 ) ) REPRESENTATION_CONTEXT ( 'NONE', 'WORKASPACE' ) );
#695 = CARTESIAN_POINT ( 'NONE',  ( -3.299999999999999822, -1.500000000000000000, 0.0000000000000000000 ) ) ;
#696 = AXIS2_PLACEMENT_3D ( 'NONE', #1662, #316, #978 ) ;
#697 = ORIENTED_EDGE ( 'NONE', *, *, #1565, .F. ) ;
#698 = VECTOR ( 'NONE', #152, 1000.000000000000000 ) ;
#699 = DIRECTION ( 'NONE',  ( 0.0000000000000000000, 0.0000000000000000000, 1.000000000000000000 ) ) ;
#700 = ORIENTED_EDGE ( 'NONE', *, *, #823, .T. ) ;
#701 = EDGE_CURVE ( 'NONE', #1448, #1474, #1366, .T. ) ;
#702 = CARTESIAN_POINT ( 'NONE',  ( 3.200000000000000178, -1.500000000000000000, 0.1000000000000000056 ) ) ;
#703 = LINE ( 'NONE', #1444, #1724 ) ;
#704 = CARTESIAN_POINT ( 'NONE',  ( 3.200000000000000178, -1.500000000000000000, 0.0000000000000000000 ) ) ;
#705 = DIRECTION ( 'NONE',  ( 0.0000000000000000000, 0.0000000000000000000, 1.000000000000000000 ) ) ;
#706 = VERTEX_POINT ( 'NONE', #1523 ) ;
#707 = ORIENTED_EDGE ( 'NONE', *, *, #1591, .F. ) ;
#708 = ADVANCED_FACE ( 'NONE', ( #177 ), #1263, .T. ) ;
#710 = EDGE_CURVE ( 'NONE', #1389, #531, #251, .T. ) ;
#709 = CARTESIAN_POINT ( 'NONE',  ( -3.299999999999999822, -1.600000000000000089, 0.0000000000000000000 ) ) ;
#711 = CARTESIAN_POINT ( 'NONE',  ( -3.299999999999999822, -1.500000000000000000, 0.1000000000000000056 ) ) ;
#712 = ORIENTED_EDGE ( 'NONE', *, *, #882, .F. ) ;
#713 = DIRECTION ( 'NONE',  ( 0.0000000000000000000, 0.0000000000000000000, 1.000000000000000000 ) ) ;
#714 = VERTEX_POINT ( 'NONE', #464 ) ;
#715 = ORIENTED_EDGE ( 'NONE', *, *, #669, .F. ) ;
#716 = FACE_OUTER_BOUND ( 'NONE', #43, .T. ) ;
#717 = EDGE_CURVE ( 'NONE', #1194, #929, #1006, .T. ) ;
#718 = CARTESIAN_POINT ( 'NONE',  ( -2.799999999999999822, -3.100000000000000089, 3.000000000000000000 ) ) ;
#719 = AXIS2_PLACEMENT_3D ( 'NONE', #1294, #218, #762 ) ;
#720 = LINE ( 'NONE', #1269, #411 ) ;
#721 = VECTOR ( 'NONE', #187, 1000.000000000000000 ) ;
#722 = LINE ( 'NONE', #44, #787 ) ;
#723 = VERTEX_POINT ( 'NONE', #1180 ) ;
#724 = AXIS2_PLACEMENT_3D ( 'NONE', #542, #1483, #1615 ) ;
#725 = PRESENTATION_LAYER_ASSIGNMENT (  '', '', ( #50 ) ) ;
#726 = VERTEX_POINT ( 'NONE', #605 ) ;
#727 = DIRECTION ( 'NONE',  ( 0.0000000000000000000, 1.000000000000000000, 0.0000000000000000000 ) ) ;
#728 = DIRECTION ( 'NONE',  ( -0.7071067811865481278, 0.0000000000000000000, -0.7071067811865467956 ) ) ;
#729 = DIRECTION ( 'NONE',  ( 0.0000000000000000000, 0.0000000000000000000, 1.000000000000000000 ) ) ;
#730 = LINE ( 'NONE', #704, #1659 ) ;
#731 = PLANE ( 'NONE',  #788 ) ;
#732 = ADVANCED_FACE ( 'NONE', ( #1314 ), #374, .T. ) ;
#733 = LINE ( 'NONE', #1557, #756 ) ;
#734 = ORIENTED_EDGE ( 'NONE', *, *, #518, .T. ) ;
#735 = EDGE_CURVE ( 'NONE', #234, #1530, #106, .T. ) ;
#736 = ORIENTED_EDGE ( 'NONE', *, *, #1256, .T. ) ;
#737 = UNCERTAINTY_MEASURE_WITH_UNIT (LENGTH_MEASURE( 1.000000000000000082E-05 ), #991, 'distance_accuracy_value', 'NONE');
#738 = DIRECTION ( 'NONE',  ( 0.0000000000000000000, 0.0000000000000000000, 1.000000000000000000 ) ) ;
#739 = DIRECTION ( 'NONE',  ( 0.0000000000000000000, 0.0000000000000000000, 1.000000000000000000 ) ) ;
#740 = DIRECTION ( 'NONE',  ( 0.0000000000000000000, 1.000000000000000000, 0.0000000000000000000 ) ) ;
#741 = PLANE ( 'NONE',  #130 ) ;
#742 = CARTESIAN_POINT ( 'NONE',  ( -3.100000000000000089, 1.500000000000000000, 0.2000000000000000111 ) ) ;
#743 = DIRECTION ( 'NONE',  ( -0.0000000000000000000, 1.000000000000000000, 0.0000000000000000000 ) ) ;
#744 = ORIENTED_EDGE ( 'NONE', *, *, #1247, .F. ) ;
#745 = ADVANCED_FACE ( 'NONE', ( #335 ), #879, .T. ) ;
#746 = VERTEX_POINT ( 'NONE', #1689 ) ;
#747 = DIRECTION ( 'NONE',  ( -1.000000000000000000, 0.0000000000000000000, 0.0000000000000000000 ) ) ;
#748 = FACE_OUTER_BOUND ( 'NONE', #1168, .T. ) ;
#749 = FACE_OUTER_BOUND ( 'NONE', #1418, .T. ) ;
#750 = DIRECTION ( 'NONE',  ( 0.7071067811865475727, 0.7071067811865475727, 0.0000000000000000000 ) ) ;
#751 = FACE_OUTER_BOUND ( 'NONE', #1742, .T. ) ;
#752 = CARTESIAN_POINT ( 'NONE',  ( -3.100000000000000089, 1.500000000000000000, 0.2000000000000000111 ) ) ;
#753 = ORIENTED_EDGE ( 'NONE', *, *, #160, .F. ) ;
#754 = AXIS2_PLACEMENT_3D ( 'NONE', #1019, #594, #624 ) ;
#755 = CLOSED_SHELL ( 'NONE', ( #74, #1676, #167, #1461, #1725, #1667, #745, #1472, #262, #1090, #1021, #906, #499, #381, #300, #1079, #323, #1097, #537, #1392, #429, #146, #1270, #568, #398, #1635, #1315, #1381, #1109, #1203 ) ) ;
#756 = VECTOR ( 'NONE', #1287, 1000.000000000000000 ) ;
#757 = ORIENTED_EDGE ( 'NONE', *, *, #1539, .T. ) ;
#758 = VECTOR ( 'NONE', #428, 1000.000000000000000 ) ;
#759 = EDGE_CURVE ( 'NONE', #1261, #1210, #1324, .T. ) ;
#760 = VECTOR ( 'NONE', #1242, 1000.000000000000000 ) ;
#761 = CARTESIAN_POINT ( 'NONE',  ( 1.699999999999999956, -1.600000000000000089, 0.0000000000000000000 ) ) ;
#762 = DIRECTION ( 'NONE',  ( 1.000000000000000000, 0.0000000000000000000, 0.0000000000000000000 ) ) ;
#763 = CARTESIAN_POINT ( 'NONE',  ( 3.299999999999999822, -3.600000000000000089, 0.0000000000000000000 ) ) ;
#764 = CARTESIAN_POINT ( 'NONE',  ( -1.800000000000000044, -1.500000000000000000, 0.0000000000000000000 ) ) ;
#765 = FACE_OUTER_BOUND ( 'NONE', #1015, .T. ) ;
#766 = VERTEX_POINT ( 'NONE', #1163 ) ;
#767 = ORIENTED_EDGE ( 'NONE', *, *, #269, .T. ) ;
#768 = CARTESIAN_POINT ( 'NONE',  ( 3.299999999999999822, -1.800000000000000044, 0.1000000000000000056 ) ) ;
#769 = CARTESIAN_POINT ( 'NONE',  ( 1.699999999999999956, -1.600000000000000089, 0.0000000000000000000 ) ) ;
#770 = CYLINDRICAL_SURFACE ( 'NONE', #334, 0.5000000000000000000 ) ;
#771 = EDGE_CURVE ( 'NONE', #517, #808, #617, .T. ) ;
#772 = FACE_OUTER_BOUND ( 'NONE', #988, .T. ) ;
#773 = FACE_OUTER_BOUND ( 'NONE', #242, .T. ) ;
#774 = FILL_AREA_STYLE ('',( #358 ) ) ;
#775 = ORIENTED_EDGE ( 'NONE', *, *, #1223, .T. ) ;
#776 = ORIENTED_EDGE ( 'NONE', *, *, #735, .T. ) ;
#777 = CARTESIAN_POINT ( 'NONE',  ( -3.200000000000000178, -1.500000000000000000, 1.500000000000000000 ) ) ;
#778 = DIRECTION ( 'NONE',  ( 0.7071067811865481278, 0.0000000000000000000, -0.7071067811865467956 ) ) ;
#779 = FACE_OUTER_BOUND ( 'NONE', #631, .T. ) ;
#780 = CARTESIAN_POINT ( 'NONE',  ( -3.100000000000000089, 0.7500000000000000000, 0.2000000000000000111 ) ) ;
#781 = CARTESIAN_POINT ( 'NONE',  ( 2.500000000000000000, -2.775557561562889872E-16, 0.1000000000000000056 ) ) ;
#782 = EDGE_CURVE ( 'NONE', #1396, #913, #895, .T. ) ;
#783 = PRODUCT_CONTEXT ( 'NONE', #350, 'mechanical' ) ;
#784 = ORIENTED_EDGE ( 'NONE', *, *, #1129, .T. ) ;
#785 = EDGE_LOOP ( 'NONE', ( #928, #1730, #112, #205 ) ) ;
#786 = VECTOR ( 'NONE', #283, 1000.000000000000000 ) ;
#787 = VECTOR ( 'NONE', #194, 1000.000000000000000 ) ;
#788 = AXIS2_PLACEMENT_3D ( 'NONE', #1555, #467, #890 ) ;
#789 = SURFACE_STYLE_FILL_AREA ( #514 ) ;
#790 = VECTOR ( 'NONE', #820, 1000.000000000000000 ) ;
#791 = DIRECTION ( 'NONE',  ( 0.7071067811865475727, 0.7071067811865475727, 0.0000000000000000000 ) ) ;
#792 = ORIENTED_EDGE ( 'NONE', *, *, #1289, .F. ) ;
#793 = EDGE_CURVE ( 'NONE', #1136, #1558, #82, .T. ) ;
#794 = EDGE_CURVE ( 'NONE', #663, #444, #1171, .T. ) ;
#795 = ORIENTED_EDGE ( 'NONE', *, *, #1186, .F. ) ;
#796 = EDGE_CURVE ( 'NONE', #213, #370, #391, .T. ) ;
#797 = CARTESIAN_POINT ( 'NONE',  ( 3.100000000000000089, -1.500000000000000000, 0.2000000000000000111 ) ) ;
#798 = DIRECTION ( 'NONE',  ( 1.000000000000000000, 0.0000000000000000000, 0.0000000000000000000 ) ) ;
#799 = ORIENTED_EDGE ( 'NONE', *, *, #1690, .F. ) ;
#800 = CARTESIAN_POINT ( 'NONE',  ( 3.100000000000000089, -0.7500000000000000000, 0.2000000000000000111 ) ) ;
#801 = ORIENTED_EDGE ( 'NONE', *, *, #41, .F. ) ;
#802 = EDGE_CURVE ( 'NONE', #1745, #1612, #1420, .T. ) ;
#803 = ORIENTED_EDGE ( 'NONE', *, *, #1234, .F. ) ;
#804 = CYLINDRICAL_SURFACE ( 'NONE', #1373, 0.5000000000000000000 ) ;
#805 = ORIENTED_EDGE ( 'NONE', *, *, #1651, .F. ) ;
#806 = DIRECTION ( 'NONE',  ( 1.000000000000000000, 0.0000000000000000000, 0.0000000000000000000 ) ) ;
#807 = ORIENTED_EDGE ( 'NONE', *, *, #916, .T. ) ;
#808 = VERTEX_POINT ( 'NONE', #908 ) ;
#809 = ADVANCED_FACE ( 'NONE', ( #198 ), #1679, .F. ) ;
#810 = VECTOR ( 'NONE', #1487, 1000.000000000000000 ) ;
#811 = VECTOR ( 'NONE', #897, 1000.000000000000000 ) ;
#812 = CARTESIAN_POINT ( 'NONE',  ( -2.475000000000000089, 1.600000000000000089, 0.0000000000000000000 ) ) ;
#813 = AXIS2_PLACEMENT_3D ( 'NONE', #1739, #1608, #409 ) ;
#814 = DIRECTION ( 'NONE',  ( -1.000000000000000000, -9.251858538542969116E-17, 0.0000000000000000000 ) ) ;
#815 = VECTOR ( 'NONE', #1077, 1000.000000000000000 ) ;
#816 = ORIENTED_EDGE ( 'NONE', *, *, #176, .T. ) ;
#817 = FACE_OUTER_BOUND ( 'NONE', #1440, .T. ) ;
#818 = EDGE_LOOP ( 'NONE', ( #1377, #1685, #276, #884 ) ) ;
#819 = VERTEX_POINT ( 'NONE', #887 ) ;
#820 = DIRECTION ( 'NONE',  ( -1.000000000000000000, 0.0000000000000000000, 0.0000000000000000000 ) ) ;
#821 = DIRECTION ( 'NONE',  ( 0.0000000000000000000, -1.000000000000000000, 0.0000000000000000000 ) ) ;
#822 = CARTESIAN_POINT ( 'NONE',  ( -3.299999999999999822, 1.500000000000000000, 0.2000000000000000111 ) ) ;
#823 = EDGE_CURVE ( 'NONE', #689, #427, #625, .T. ) ;
#824 = ORIENTED_EDGE ( 'NONE', *, *, #474, .F. ) ;
#825 = CARTESIAN_POINT ( 'NONE',  ( -2.799999999999999822, -3.100000000000000089, 0.0000000000000000000 ) ) ;
#826 = CARTESIAN_POINT ( 'NONE',  ( 3.200000000000000178, 1.500000000000000000, 0.2000000000000000111 ) ) ;
#827 = ORIENTED_EDGE ( 'NONE', *, *, #844, .T. ) ;
#828 = ORIENTED_EDGE ( 'NONE', *, *, #19, .T. ) ;
#829 = DIRECTION ( 'NONE',  ( 0.0000000000000000000, 0.0000000000000000000, -1.000000000000000000 ) ) ;
#830 = DIRECTION ( 'NONE',  ( 1.000000000000000000, 0.0000000000000000000, 0.0000000000000000000 ) ) ;
#831 = VERTEX_POINT ( 'NONE', #484 ) ;
#832 = FACE_OUTER_BOUND ( 'NONE', #687, .T. ) ;
#833 = UNCERTAINTY_MEASURE_WITH_UNIT (LENGTH_MEASURE( 1.000000000000000082E-05 ), #436, 'distance_accuracy_value', 'NONE');
#834 = EDGE_CURVE ( 'NONE', #424, #1233, #207, .T. ) ;
#835 = DIRECTION ( 'NONE',  ( -0.7071067811865475727, -0.7071067811865475727, 0.0000000000000000000 ) ) ;
#836 = ORIENTED_EDGE ( 'NONE', *, *, #1080, .F. ) ;
#837 = CARTESIAN_POINT ( 'NONE',  ( -3.250000000000000000, 0.0000000000000000000, 1.500000000000000000 ) ) ;
#838 = VECTOR ( 'NONE', #455, 1000.000000000000000 ) ;
#839 = VECTOR ( 'NONE', #1554, 1000.000000000000000 ) ;
#840 = CARTESIAN_POINT ( 'NONE',  ( 2.799999999999999822, -3.600000000000000089, 0.0000000000000000000 ) ) ;
#841 = ORIENTED_EDGE ( 'NONE', *, *, #41, .T. ) ;
#842 = LINE ( 'NONE', #309, #667 ) ;
#843 = AXIS2_PLACEMENT_3D ( 'NONE', #476, #633, #778 ) ;
#844 = EDGE_CURVE ( 'NONE', #424, #566, #67, .T. ) ;
#845 = DIRECTION ( 'NONE',  ( -0.7071067811865475727, 0.7071067811865475727, 0.0000000000000000000 ) ) ;
#846 = ORIENTED_EDGE ( 'NONE', *, *, #1060, .F. ) ;
#847 = ADVANCED_FACE ( 'NONE', ( #748 ), #1443, .T. ) ;
#848 = ORIENTED_EDGE ( 'NONE', *, *, #54, .T. ) ;
#849 = CARTESIAN_POINT ( 'NONE',  ( 1.699999999999999956, -1.600000000000000089, 0.1000000000000000056 ) ) ;
#850 = DIRECTION ( 'NONE',  ( 0.0000000000000000000, 0.0000000000000000000, 1.000000000000000000 ) ) ;
#851 = LINE ( 'NONE', #1110, #221 ) ;
#852 = DIRECTION ( 'NONE',  ( 0.0000000000000000000, 0.0000000000000000000, 1.000000000000000000 ) ) ;
#853 = DIRECTION ( 'NONE',  ( 0.0000000000000000000, 1.000000000000000000, 0.0000000000000000000 ) ) ;
#854 = DIRECTION ( 'NONE',  ( 1.000000000000000000, 0.0000000000000000000, 0.0000000000000000000 ) ) ;
#855 = ORIENTED_EDGE ( 'NONE', *, *, #796, .F. ) ;
#856 = VERTEX_POINT ( 'NONE', #678 ) ;
#857 = EDGE_CURVE ( 'NONE', #1210, #1559, #540, .T. ) ;
#858 = LINE ( 'NONE', #768, #1489 ) ;
#859 = CARTESIAN_POINT ( 'NONE',  ( -3.153553390593273775, -3.453553390593273598, 0.0000000000000000000 ) ) ;
#860 = PLANE ( 'NONE',  #277 ) ;
#861 = CARTESIAN_POINT ( 'NONE',  ( -3.100000000000000089, -1.500000000000000000, 0.0000000000000000000 ) ) ;
#862 = CARTESIAN_POINT ( 'NONE',  ( 3.241421356237309759, -0.7500000000000000000, 0.05857864376269061174 ) ) ;
#863 = ORIENTED_EDGE ( 'NONE', *, *, #290, .F. ) ;
#864 = ORIENTED_EDGE ( 'NONE', *, *, #1033, .T. ) ;
#865 = CARTESIAN_POINT ( 'NONE',  ( 4.899999999999999467, -1.600000000000000089, 0.1000000000000000056 ) ) ;
#866 = EDGE_CURVE ( 'NONE', #35, #637, #949, .T. ) ;
#867 = DIRECTION ( 'NONE',  ( 0.0000000000000000000, 0.0000000000000000000, -1.000000000000000000 ) ) ;
#868 = LINE ( 'NONE', #550, #760 ) ;
#869 = AXIS2_PLACEMENT_3D ( 'NONE', #1323, #147, #688 ) ;
#870 = ORIENTED_EDGE ( 'NONE', *, *, #91, .T. ) ;
#871 = CARTESIAN_POINT ( 'NONE',  ( 3.200000000000000178, 1.500000000000000000, 0.0000000000000000000 ) ) ;
#872 = CIRCLE ( 'NONE', #1490, 0.5000000000000000000 ) ;
#873 = DIRECTION ( 'NONE',  ( -0.7071067811865475727, -0.7071067811865475727, 0.0000000000000000000 ) ) ;
#874 = ORIENTED_EDGE ( 'NONE', *, *, #1231, .T. ) ;
#875 = AXIS2_PLACEMENT_3D ( 'NONE', #934, #814, #680 ) ;
#876 = CIRCLE ( 'NONE', #21, 0.5000000000000000000 ) ;
#877 = ORIENTED_EDGE ( 'NONE', *, *, #1162, .F. ) ;
#878 = LINE ( 'NONE', #1095, #1431 ) ;
#879 = PLANE ( 'NONE',  #1722 ) ;
#880 = PLANE ( 'NONE',  #159 ) ;
#881 = DIRECTION ( 'NONE',  ( 0.0000000000000000000, -1.000000000000000000, 0.0000000000000000000 ) ) ;
#882 = EDGE_CURVE ( 'NONE', #1048, #416, #1493, .T. ) ;
#883 = CARTESIAN_POINT ( 'NONE',  ( -1.800000000000000044, -1.500000000000000000, 0.0000000000000000000 ) ) ;
#884 = ORIENTED_EDGE ( 'NONE', *, *, #1355, .T. ) ;
#885 = ORIENTED_EDGE ( 'NONE', *, *, #1292, .F. ) ;
#886 = FACE_OUTER_BOUND ( 'NONE', #481, .T. ) ;
#887 = CARTESIAN_POINT ( 'NONE',  ( 3.153553390593273775, -3.453553390593273598, 0.0000000000000000000 ) ) ;
#888 = DIRECTION ( 'NONE',  ( -1.000000000000000000, 0.0000000000000000000, 0.0000000000000000000 ) ) ;
#889 = LINE ( 'NONE', #1432, #839 ) ;
#890 = DIRECTION ( 'NONE',  ( 0.0000000000000000000, 0.0000000000000000000, -1.000000000000000000 ) ) ;
#891 = ORIENTED_EDGE ( 'NONE', *, *, #1046, .T. ) ;
#892 = EDGE_CURVE ( 'NONE', #1027, #1337, #653, .T. ) ;
#893 = ORIENTED_EDGE ( 'NONE', *, *, #29, .T. ) ;
#894 = DIRECTION ( 'NONE',  ( 0.7071067811865482389, 0.0000000000000000000, -0.7071067811865466846 ) ) ;
#895 = LINE ( 'NONE', #237, #955 ) ;
#896 = DIRECTION ( 'NONE',  ( 0.0000000000000000000, -1.000000000000000000, 0.0000000000000000000 ) ) ;
#897 = DIRECTION ( 'NONE',  ( 0.0000000000000000000, 1.000000000000000000, 0.0000000000000000000 ) ) ;
#898 = CARTESIAN_POINT ( 'NONE',  ( 3.299999999999999822, -1.500000000000000000, 0.0000000000000000000 ) ) ;
#899 = CARTESIAN_POINT ( 'NONE',  ( -2.799999999999999822, 3.600000000000000089, 0.0000000000000000000 ) ) ;
#900 = ORIENTED_EDGE ( 'NONE', *, *, #1280, .F. ) ;
#901 = VECTOR ( 'NONE', #321, 1000.000000000000000 ) ;
#902 = AXIS2_PLACEMENT_3D ( 'NONE', #13, #1638, #393 ) ;
#903 = VERTEX_POINT ( 'NONE', #1533 ) ;
#904 = VECTOR ( 'NONE', #1123, 1000.000000000000000 ) ;
#905 = VECTOR ( 'NONE', #1066, 1000.000000000000000 ) ;
#906 = ADVANCED_FACE ( 'NONE', ( #1671 ), #1250, .T. ) ;
#907 = CARTESIAN_POINT ( 'NONE',  ( -3.299999999999999822, -3.600000000000000089, 0.0000000000000000000 ) ) ;
#908 = CARTESIAN_POINT ( 'NONE',  ( -3.299999999999999822, -3.100000000000000089, 0.0000000000000000000 ) ) ;
#909 = DIRECTION ( 'NONE',  ( 0.0000000000000000000, 0.0000000000000000000, 1.000000000000000000 ) ) ;
#910 = LINE ( 'NONE', #1564, #1125 ) ;
#911 = LINE ( 'NONE', #919, #329 ) ;
#912 = EDGE_LOOP ( 'NONE', ( #304, #122, #630, #163 ) ) ;
#913 = VERTEX_POINT ( 'NONE', #307 ) ;
#914 = CARTESIAN_POINT ( 'NONE',  ( 1.800000000000000044, -1.500000000000000000, 0.0000000000000000000 ) ) ;
#916 = EDGE_CURVE ( 'NONE', #1656, #253, #851, .T. ) ;
#915 = DIRECTION ( 'NONE',  ( 0.0000000000000000000, 0.0000000000000000000, -1.000000000000000000 ) ) ;
#917 = CYLINDRICAL_SURFACE ( 'NONE', #502, 0.5000000000000000000 ) ;
#918 = DIRECTION ( 'NONE',  ( 0.0000000000000000000, 0.0000000000000000000, 1.000000000000000000 ) ) ;
#919 = CARTESIAN_POINT ( 'NONE',  ( 2.899999999999999911, 1.500000000000000000, 0.1000000000000000056 ) ) ;
#920 = VERTEX_POINT ( 'NONE', #711 ) ;
#921 = ORIENTED_EDGE ( 'NONE', *, *, #422, .F. ) ;
#922 = DIRECTION ( 'NONE',  ( 0.0000000000000000000, 0.0000000000000000000, 1.000000000000000000 ) ) ;
#923 = EDGE_CURVE ( 'NONE', #1568, #1185, #1385, .T. ) ;
#924 = LINE ( 'NONE', #265, #367 ) ;
#925 = CARTESIAN_POINT ( 'NONE',  ( 2.799999999999999822, 3.600000000000000089, 0.0000000000000000000 ) ) ;
#926 = EDGE_CURVE ( 'NONE', #1332, #1070, #423, .T. ) ;
#927 = CARTESIAN_POINT ( 'NONE',  ( 3.299999999999999822, 1.500000000000000000, 0.2000000000000000111 ) ) ;
#928 = ORIENTED_EDGE ( 'NONE', *, *, #866, .F. ) ;
#929 = VERTEX_POINT ( 'NONE', #1652 ) ;
#930 = VECTOR ( 'NONE', #1334, 1000.000000000000000 ) ;
#931 = AXIS2_PLACEMENT_3D ( 'NONE', #1012, #432, #973 ) ;
#932 = MECHANICAL_DESIGN_GEOMETRIC_PRESENTATION_REPRESENTATION (  '', ( #582 ), #79 ) ;
#933 = SURFACE_SIDE_STYLE ('',( #789 ) ) ;
#934 = CARTESIAN_POINT ( 'NONE',  ( 1.800000000000000044, 1.500000000000000000, 0.0000000000000000000 ) ) ;
#935 = ORIENTED_EDGE ( 'NONE', *, *, #559, .F. ) ;
#936 = DIRECTION ( 'NONE',  ( 0.0000000000000000000, 0.0000000000000000000, 1.000000000000000000 ) ) ;
#937 = ADVANCED_FACE ( 'NONE', ( #430 ), #438, .T. ) ;
#938 = VERTEX_POINT ( 'NONE', #1393 ) ;
#939 = DIRECTION ( 'NONE',  ( 0.0000000000000000000, 0.0000000000000000000, -1.000000000000000000 ) ) ;
#940 = VERTEX_POINT ( 'NONE', #570 ) ;
#941 = EDGE_CURVE ( 'NONE', #1194, #320, #1401, .T. ) ;
#942 = EDGE_LOOP ( 'NONE', ( #225, #149, #565, #1545, #921, #1291, #378, #1645, #166, #403 ) ) ;
#943 = CARTESIAN_POINT ( 'NONE',  ( -3.299999999999999822, 3.100000000000000089, 0.0000000000000000000 ) ) ;
#944 = ORIENTED_EDGE ( 'NONE', *, *, #139, .T. ) ;
#945 = DIRECTION ( 'NONE',  ( 0.0000000000000000000, 1.000000000000000000, 0.0000000000000000000 ) ) ;
#946 = CARTESIAN_POINT ( 'NONE',  ( -2.799999999999999822, -3.100000000000000089, 0.0000000000000000000 ) ) ;
#947 = EDGE_LOOP ( 'NONE', ( #47, #1311, #1085, #1546 ) ) ;
#948 = COLOUR_RGB ( '',0.9843137254901960231, 0.9803921568627450567, 0.9607843137254902244 ) ;
#949 = LINE ( 'NONE', #1202, #1374 ) ;
#950 = EDGE_CURVE ( 'NONE', #1474, #1729, #295, .T. ) ;
#951 = MECHANICAL_DESIGN_GEOMETRIC_PRESENTATION_REPRESENTATION (  '', ( #470 ), #501 ) ;
#952 = VECTOR ( 'NONE', #909, 1000.000000000000000 ) ;
#953 = CARTESIAN_POINT ( 'NONE',  ( -1.800000000000000044, 1.500000000000000000, 0.0000000000000000000 ) ) ;
#954 = AXIS2_PLACEMENT_3D ( 'NONE', #468, #71, #1260 ) ;
#955 = VECTOR ( 'NONE', #89, 1000.000000000000000 ) ;
#956 = CARTESIAN_POINT ( 'NONE',  ( -1.800000000000000044, -1.500000000000000000, 0.1000000000000000056 ) ) ;
#957 = VECTOR ( 'NONE', #1733, 1000.000000000000000 ) ;
#958 = EDGE_LOOP ( 'NONE', ( #639, #1037, #498, #1525 ) ) ;
#959 = CYLINDRICAL_SURFACE ( 'NONE', #1208, 0.5000000000000000000 ) ;
#960 = ORIENTED_EDGE ( 'NONE', *, *, #844, .F. ) ;
#961 = DIRECTION ( 'NONE',  ( 0.7071067811865482389, 0.0000000000000000000, -0.7071067811865466846 ) ) ;
#962 = EDGE_CURVE ( 'NONE', #637, #38, #1486, .T. ) ;
#963 = PLANE ( 'NONE',  #274 ) ;
#964 = DIRECTION ( 'NONE',  ( -0.7071067811865475727, -0.7071067811865475727, 0.0000000000000000000 ) ) ;
#965 = ORIENTED_EDGE ( 'NONE', *, *, #1212, .T. ) ;
#966 = CARTESIAN_POINT ( 'NONE',  ( -3.170710678118654702, -1.500000000000000000, 0.1292893218813452871 ) ) ;
#967 = FACE_OUTER_BOUND ( 'NONE', #426, .T. ) ;
#968 = ORIENTED_EDGE ( 'NONE', *, *, #1007, .T. ) ;
#969 = PLANE ( 'NONE',  #302 ) ;
#970 = EDGE_CURVE ( 'NONE', #1004, #819, #876, .T. ) ;
#971 = CARTESIAN_POINT ( 'NONE',  ( -3.100000000000000089, -0.7500000000000000000, 0.2000000000000000111 ) ) ;
#972 = ORIENTED_EDGE ( 'NONE', *, *, #255, .F. ) ;
#973 = DIRECTION ( 'NONE',  ( -0.7071067811865475727, 0.7071067811865475727, 0.0000000000000000000 ) ) ;
#974 = LINE ( 'NONE', #62, #301 ) ;
#975 = ORIENTED_EDGE ( 'NONE', *, *, #193, .F. ) ;
#976 = ORIENTED_EDGE ( 'NONE', *, *, #139, .F. ) ;
#977 = CARTESIAN_POINT ( 'NONE',  ( 3.200000000000000178, -1.500000000000000000, 0.0000000000000000000 ) ) ;
#978 = DIRECTION ( 'NONE',  ( 0.0000000000000000000, 0.0000000000000000000, 1.000000000000000000 ) ) ;
#979 = VECTOR ( 'NONE', #291, 1000.000000000000000 ) ;
#980 = VECTOR ( 'NONE', #1534, 1000.000000000000000 ) ;
#981 = VECTOR ( 'NONE', #1157, 1000.000000000000000 ) ;
#982 = DIRECTION ( 'NONE',  ( 1.000000000000000000, 0.0000000000000000000, 0.0000000000000000000 ) ) ;
#983 = AXIS2_PLACEMENT_3D ( 'NONE', #1134, #1249, #456 ) ;
#984 = LINE ( 'NONE', #450, #980 ) ;
#985 = DIRECTION ( 'NONE',  ( 0.0000000000000000000, 1.000000000000000000, 0.0000000000000000000 ) ) ;
#986 = VECTOR ( 'NONE', #493, 1000.000000000000000 ) ;
#987 = LINE ( 'NONE', #36, #1549 ) ;
#988 = EDGE_LOOP ( 'NONE', ( #412, #539, #1397, #532 ) ) ;
#989 = EDGE_CURVE ( 'NONE', #920, #913, #1126, .T. ) ;
#990 = EDGE_LOOP ( 'NONE', ( #203, #1618, #28, #816 ) ) ;
#991 =( LENGTH_UNIT ( ) NAMED_UNIT ( * ) SI_UNIT ( .MILLI., .METRE. ) );
#992 = CARTESIAN_POINT ( 'NONE',  ( 3.100000000000000089, 0.7500000000000000000, 0.2000000000000000111 ) ) ;
#993 = FACE_OUTER_BOUND ( 'NONE', #1251, .T. ) ;
#994 = CARTESIAN_POINT ( 'NONE',  ( 3.200000000000000178, 0.7500000000000000000, 0.1000000000000000056 ) ) ;
#995 = CYLINDRICAL_SURFACE ( 'NONE', #183, 0.5000000000000000000 ) ;
#996 = EDGE_CURVE ( 'NONE', #831, #1178, #1303, .T. ) ;
#997 = ORIENTED_EDGE ( 'NONE', *, *, #892, .F. ) ;
#998 = CARTESIAN_POINT ( 'NONE',  ( 3.200000000000000178, -1.500000000000000000, 1.500000000000000000 ) ) ;
#999 = CARTESIAN_POINT ( 'NONE',  ( 1.800000000000000044, -1.500000000000000000, 0.0000000000000000000 ) ) ;
#1000 = DIRECTION ( 'NONE',  ( 0.0000000000000000000, -1.000000000000000000, 0.0000000000000000000 ) ) ;
#1001 = ORIENTED_EDGE ( 'NONE', *, *, #160, .T. ) ;
#1002 = CARTESIAN_POINT ( 'NONE',  ( 3.299999999999999822, 1.600000000000000089, 0.0000000000000000000 ) ) ;
#1003 = VERTEX_POINT ( 'NONE', #52 ) ;
#1004 = VERTEX_POINT ( 'NONE', #840 ) ;
#1005 = CARTESIAN_POINT ( 'NONE',  ( -3.299999999999999822, 1.500000000000000000, 0.0000000000000000000 ) ) ;
#1007 = EDGE_CURVE ( 'NONE', #1003, #714, #1049, .T. ) ;
#1006 = LINE ( 'NONE', #769, #1491 ) ;
#1008 = CARTESIAN_POINT ( 'NONE',  ( -3.299999999999999822, 3.600000000000000089, 0.0000000000000000000 ) ) ;
#1009 = VECTOR ( 'NONE', #425, 1000.000000000000000 ) ;
#1010 = DIRECTION ( 'NONE',  ( 0.0000000000000000000, -1.000000000000000000, 0.0000000000000000000 ) ) ;
#1011 = VECTOR ( 'NONE', #675, 1000.000000000000000 ) ;
#1012 = CARTESIAN_POINT ( 'NONE',  ( -2.799999999999999822, 3.100000000000000089, 3.000000000000000000 ) ) ;
#1013 = CLOSED_SHELL ( 'NONE', ( #462, #600, #212, #1307, #937, #407, #602, #658, #618, #809, #651, #732 ) ) ;
#1014 = DIRECTION ( 'NONE',  ( 0.0000000000000000000, -1.000000000000000000, 0.0000000000000000000 ) ) ;
#1015 = EDGE_LOOP ( 'NONE', ( #827, #397, #1206, #1537 ) ) ;
#1016 = AXIS2_PLACEMENT_3D ( 'NONE', #11, #1470, #1619 ) ;
#1017 = VECTOR ( 'NONE', #1430, 1000.000000000000000 ) ;
#1018 = ORIENTED_EDGE ( 'NONE', *, *, #681, .F. ) ;
#1019 = CARTESIAN_POINT ( 'NONE',  ( 1.699999999999999956, 1.600000000000000089, 0.0000000000000000000 ) ) ;
#1020 = DIRECTION ( 'NONE',  ( 0.0000000000000000000, -1.000000000000000000, 0.0000000000000000000 ) ) ;
#1021 = ADVANCED_FACE ( 'NONE', ( #993 ), #860, .T. ) ;
#1022 = LINE ( 'NONE', #1571, #1439 ) ;
#1023 = DIRECTION ( 'NONE',  ( 0.0000000000000000000, 0.0000000000000000000, -1.000000000000000000 ) ) ;
#1024 = CARTESIAN_POINT ( 'NONE',  ( 3.241421356237309759, -1.500000000000000000, 0.05857864376269063950 ) ) ;
#1025 = CARTESIAN_POINT ( 'NONE',  ( 3.299999999999999822, 3.100000000000000089, 3.000000000000000000 ) ) ;
#1026 = ORIENTED_EDGE ( 'NONE', *, *, #1292, .T. ) ;
#1027 = VERTEX_POINT ( 'NONE', #1367 ) ;
#1028 = CARTESIAN_POINT ( 'NONE',  ( -3.153553390593273775, 3.453553390593273598, 3.000000000000000000 ) ) ;
#1029 = CARTESIAN_POINT ( 'NONE',  ( -1.699999999999999956, 0.8000000000000000444, 0.0000000000000000000 ) ) ;
#1030 = LINE ( 'NONE', #208, #615 ) ;
#1031 = DIRECTION ( 'NONE',  ( -0.7071067811865475727, 0.7071067811865475727, 0.0000000000000000000 ) ) ;
#1032 = CARTESIAN_POINT ( 'NONE',  ( 3.299999999999999822, -1.500000000000000000, 0.1000000000000000056 ) ) ;
#1033 = EDGE_CURVE ( 'NONE', #530, #1332, #868, .T. ) ;
#1034 = LINE ( 'NONE', #348, #981 ) ;
#1035 = EDGE_LOOP ( 'NONE', ( #260, #1484, #734, #124, #1697, #657, #1365, #184, #1359, #142, #1597, #45 ) ) ;
#1036 = EDGE_CURVE ( 'NONE', #38, #1616, #1102, .T. ) ;
#1037 = ORIENTED_EDGE ( 'NONE', *, *, #660, .T. ) ;
#1038 = DIRECTION ( 'NONE',  ( 0.0000000000000000000, 0.0000000000000000000, 1.000000000000000000 ) ) ;
#1039 = CARTESIAN_POINT ( 'NONE',  ( -2.550000000000000266, -2.775557561562889872E-16, 0.0000000000000000000 ) ) ;
#1040 = PLANE ( 'NONE',  #673 ) ;
#1041 = CARTESIAN_POINT ( 'NONE',  ( 3.200000000000000178, 0.7500000000000000000, 0.2000000000000000111 ) ) ;
#1042 = CARTESIAN_POINT ( 'NONE',  ( -3.200000000000000178, -1.500000000000000000, 1.500000000000000000 ) ) ;
#1043 = ORIENTED_EDGE ( 'NONE', *, *, #488, .F. ) ;
#1044 = MECHANICAL_DESIGN_GEOMETRIC_PRESENTATION_REPRESENTATION (  '', ( #328 ), #246 ) ;
#1045 = AXIS2_PLACEMENT_3D ( 'NONE', #1412, #881, #1445 ) ;
#1046 = EDGE_CURVE ( 'NONE', #714, #1511, #703, .T. ) ;
#1047 = AXIS2_PLACEMENT_3D ( 'NONE', #1002, #743, #854 ) ;
#1048 = VERTEX_POINT ( 'NONE', #366 ) ;
#1049 = CIRCLE ( 'NONE', #1211, 0.5000000000000000000 ) ;
#1050 = PLANE ( 'NONE',  #1124 ) ;
#1051 = DIRECTION ( 'NONE',  ( 0.0000000000000000000, 0.0000000000000000000, 1.000000000000000000 ) ) ;
#1052 = CARTESIAN_POINT ( 'NONE',  ( 3.200000000000000178, -1.500000000000000000, 1.500000000000000000 ) ) ;
#1053 = DIRECTION ( 'NONE',  ( 0.7071067811865475727, 0.7071067811865475727, 0.0000000000000000000 ) ) ;
#1054 = DIRECTION ( 'NONE',  ( -0.0000000000000000000, 1.000000000000000000, 0.0000000000000000000 ) ) ;
#1055 = DIRECTION ( 'NONE',  ( 0.0000000000000000000, 0.0000000000000000000, 1.000000000000000000 ) ) ;
#1056 = VERTEX_POINT ( 'NONE', #1052 ) ;
#1057 = VERTEX_POINT ( 'NONE', #199 ) ;
#1058 = EDGE_CURVE ( 'NONE', #131, #1656, #446, .T. ) ;
#1059 = CARTESIAN_POINT ( 'NONE',  ( -3.100000000000000089, 1.500000000000000000, 0.0000000000000000000 ) ) ;
#1060 = EDGE_CURVE ( 'NONE', #1736, #213, #1030, .T. ) ;
#1061 = CARTESIAN_POINT ( 'NONE',  ( 3.299999999999999822, 1.600000000000000089, 0.0000000000000000000 ) ) ;
#1062 = CARTESIAN_POINT ( 'NONE',  ( 1.800000000000000044, 1.500000000000000000, 0.1000000000000000056 ) ) ;
#1063 =( NAMED_UNIT ( * ) PLANE_ANGLE_UNIT ( ) SI_UNIT ( $, .RADIAN. ) );
#1064 = ORIENTED_EDGE ( 'NONE', *, *, #782, .F. ) ;
#1065 = ORIENTED_EDGE ( 'NONE', *, *, #63, .F. ) ;
#1066 = DIRECTION ( 'NONE',  ( 0.0000000000000000000, 1.000000000000000000, 0.0000000000000000000 ) ) ;
#1067 = EDGE_CURVE ( 'NONE', #1511, #684, #1022, .T. ) ;
#1068 = DIRECTION ( 'NONE',  ( 0.0000000000000000000, -1.000000000000000000, 0.0000000000000000000 ) ) ;
#1069 = ORIENTED_EDGE ( 'NONE', *, *, #970, .T. ) ;
#1070 = VERTEX_POINT ( 'NONE', #1452 ) ;
#1071 = VECTOR ( 'NONE', #1398, 1000.000000000000000 ) ;
#1072 = CIRCLE ( 'NONE', #642, 0.5000000000000000000 ) ;
#1073 = VECTOR ( 'NONE', #713, 1000.000000000000000 ) ;
#1074 = AXIS2_PLACEMENT_3D ( 'NONE', #1092, #117, #1199 ) ;
#1075 = DIRECTION ( 'NONE',  ( 0.0000000000000000000, -1.000000000000000000, 0.0000000000000000000 ) ) ;
#1076 = AXIS2_PLACEMENT_3D ( 'NONE', #1716, #644, #1306 ) ;
#1077 = DIRECTION ( 'NONE',  ( -1.000000000000000000, 0.0000000000000000000, 0.0000000000000000000 ) ) ;
#1078 = CARTESIAN_POINT ( 'NONE',  ( -3.299999999999999822, 1.600000000000000089, 0.0000000000000000000 ) ) ;
#1079 = ADVANCED_FACE ( 'NONE', ( #749 ), #770, .T. ) ;
#1080 = EDGE_CURVE ( 'NONE', #2, #940, #1181, .T. ) ;
#1081 = ORIENTED_EDGE ( 'NONE', *, *, #351, .F. ) ;
#1082 = ORIENTED_EDGE ( 'NONE', *, *, #1330, .F. ) ;
#1083 = ORIENTED_EDGE ( 'NONE', *, *, #280, .F. ) ;
#1084 = CYLINDRICAL_SURFACE ( 'NONE', #583, 0.2000000000000000666 ) ;
#1085 = ORIENTED_EDGE ( 'NONE', *, *, #30, .F. ) ;
#1086 = CARTESIAN_POINT ( 'NONE',  ( -3.299999999999999822, -1.800000000000000044, 1.500000000000000000 ) ) ;
#1087 = PRODUCT_DEFINITION_CONTEXT ( 'detailed design', #1468, 'design' ) ;
#1088 = CARTESIAN_POINT ( 'NONE',  ( -3.200000000000000178, 1.500000000000000000, 0.0000000000000000000 ) ) ;
#1089 = VERTEX_POINT ( 'NONE', #465 ) ;
#1090 = ADVANCED_FACE ( 'NONE', ( #1692 ), #477, .T. ) ;
#1091 = CARTESIAN_POINT ( 'NONE',  ( 3.200000000000000178, -1.500000000000000000, 0.0000000000000000000 ) ) ;
#1092 = CARTESIAN_POINT ( 'NONE',  ( 3.250000000000000000, 0.0000000000000000000, 1.500000000000000000 ) ) ;
#1093 = ORIENTED_EDGE ( 'NONE', *, *, #1007, .F. ) ;
#1094 = CARTESIAN_POINT ( 'NONE',  ( 3.299999999999999822, -1.500000000000000000, 0.0000000000000000000 ) ) ;
#1095 = CARTESIAN_POINT ( 'NONE',  ( 3.299999999999999822, 1.500000000000000000, 0.0000000000000000000 ) ) ;
#1096 = ORIENTED_EDGE ( 'NONE', *, *, #1732, .F. ) ;
#1097 = ADVANCED_FACE ( 'NONE', ( #1150 ), #375, .T. ) ;
#1098 = VECTOR ( 'NONE', #1152, 1000.000000000000000 ) ;
#1099 = AXIS2_PLACEMENT_3D ( 'NONE', #999, #586, #829 ) ;
#1100 = CARTESIAN_POINT ( 'NONE',  ( -1.699999999999999956, -1.600000000000000089, 0.0000000000000000000 ) ) ;
#1101 = AXIS2_PLACEMENT_3D ( 'NONE', #718, #1542, #964 ) ;
#1102 = LINE ( 'NONE', #1504, #136 ) ;
#1103 = VERTEX_POINT ( 'NONE', #1317 ) ;
#1104 = PLANE ( 'NONE',  #331 ) ;
#1105 = CARTESIAN_POINT ( 'NONE',  ( -2.799999999999999822, -3.600000000000000089, 3.000000000000000000 ) ) ;
#1106 = EDGE_LOOP ( 'NONE', ( #1132, #1245, #516, #674, #1122, #677, #960, #795, #805, #1714, #1517, #585, #1277, #434, #784, #664, #870, #352, #610, #394 ) ) ;
#1107 = ORIENTED_EDGE ( 'NONE', *, *, #125, .F. ) ;
#1109 = ADVANCED_FACE ( 'NONE', ( #779 ), #880, .T. ) ;
#1108 = CARTESIAN_POINT ( 'NONE',  ( 3.153553390593273775, 3.453553390593273598, 0.0000000000000000000 ) ) ;
#1110 = CARTESIAN_POINT ( 'NONE',  ( -3.170710678118654702, 0.7500000000000000000, 0.1292893218813452871 ) ) ;
#1111 = ORIENTED_EDGE ( 'NONE', *, *, #1622, .T. ) ;
#1112 = CARTESIAN_POINT ( 'NONE',  ( -2.799999999999999822, 3.100000000000000089, 3.000000000000000000 ) ) ;
#1113 = ORIENTED_EDGE ( 'NONE', *, *, #1165, .T. ) ;
#1114 = ORIENTED_EDGE ( 'NONE', *, *, #1316, .F. ) ;
#1115 = DIRECTION ( 'NONE',  ( 0.0000000000000000000, 0.0000000000000000000, -1.000000000000000000 ) ) ;
#1116 = DIRECTION ( 'NONE',  ( 0.0000000000000000000, -1.000000000000000000, 0.0000000000000000000 ) ) ;
#1117 = EDGE_CURVE ( 'NONE', #903, #581, #1680, .T. ) ;
#1118 = CARTESIAN_POINT ( 'NONE',  ( 3.299999999999999822, 3.600000000000000089, 3.000000000000000000 ) ) ;
#1119 = CARTESIAN_POINT ( 'NONE',  ( 3.299999999999999822, -1.500000000000000000, 0.0000000000000000000 ) ) ;
#1120 = DIRECTION ( 'NONE',  ( 0.0000000000000000000, -1.000000000000000000, 0.0000000000000000000 ) ) ;
#1121 = ORIENTED_EDGE ( 'NONE', *, *, #735, .F. ) ;
#1122 = ORIENTED_EDGE ( 'NONE', *, *, #771, .F. ) ;
#1123 = DIRECTION ( 'NONE',  ( 0.0000000000000000000, 0.0000000000000000000, 1.000000000000000000 ) ) ;
#1124 = AXIS2_PLACEMENT_3D ( 'NONE', #1419, #333, #1578 ) ;
#1125 = VECTOR ( 'NONE', #201, 1000.000000000000000 ) ;
#1126 = LINE ( 'NONE', #1276, #1613 ) ;
#1127 = VECTOR ( 'NONE', #1695, 1000.000000000000000 ) ;
#1128 = ORIENTED_EDGE ( 'NONE', *, *, #1606, .T. ) ;
#1129 = EDGE_CURVE ( 'NONE', #458, #1177, #1295, .T. ) ;
#1130 = VECTOR ( 'NONE', #1284, 1000.000000000000000 ) ;
#1131 = CYLINDRICAL_SURFACE ( 'NONE', #1266, 0.5000000000000000000 ) ;
#1132 = ORIENTED_EDGE ( 'NONE', *, *, #970, .F. ) ;
#1133 = EDGE_LOOP ( 'NONE', ( #863, #349, #1288, #12 ) ) ;
#1134 = CARTESIAN_POINT ( 'NONE',  ( 3.100000000000000089, 1.500000000000000000, 0.2000000000000000111 ) ) ;
#1135 = DIRECTION ( 'NONE',  ( 0.0000000000000000000, -1.000000000000000000, 0.0000000000000000000 ) ) ;
#1136 = VERTEX_POINT ( 'NONE', #1411 ) ;
#1137 = CARTESIAN_POINT ( 'NONE',  ( -2.799999999999999822, -3.100000000000000089, 0.0000000000000000000 ) ) ;
#1138 = ORIENTED_EDGE ( 'NONE', *, *, #996, .F. ) ;
#1139 = EDGE_LOOP ( 'NONE', ( #1403, #181, #744, #1229 ) ) ;
#1140 = LINE ( 'NONE', #907, #410 ) ;
#1141 = LINE ( 'NONE', #859, #1520 ) ;
#1142 = CARTESIAN_POINT ( 'NONE',  ( 1.649999999999999911, 0.0000000000000000000, 3.000000000000000000 ) ) ;
#1143 = CARTESIAN_POINT ( 'NONE',  ( -3.200000000000000178, -1.500000000000000000, 0.0000000000000000000 ) ) ;
#1144 = LINE ( 'NONE', #1665, #612 ) ;
#1145 = VERTEX_POINT ( 'NONE', #627 ) ;
#1146 = ORIENTED_EDGE ( 'NONE', *, *, #717, .F. ) ;
#1147 = EDGE_CURVE ( 'NONE', #87, #1612, #485, .T. ) ;
#1148 = CARTESIAN_POINT ( 'NONE',  ( 1.800000000000000044, 1.500000000000000000, 0.0000000000000000000 ) ) ;
#1149 = DIRECTION ( 'NONE',  ( -1.000000000000000000, 0.0000000000000000000, 0.0000000000000000000 ) ) ;
#1150 = FACE_OUTER_BOUND ( 'NONE', #57, .T. ) ;
#1151 = VECTOR ( 'NONE', #58, 1000.000000000000000 ) ;
#1152 = DIRECTION ( 'NONE',  ( 0.0000000000000000000, 0.0000000000000000000, -1.000000000000000000 ) ) ;
#1153 = VECTOR ( 'NONE', #26, 1000.000000000000000 ) ;
#1154 = PLANE ( 'NONE',  #693 ) ;
#1155 = AXIS2_PLACEMENT_3D ( 'NONE', #1112, #1271, #845 ) ;
#1156 = CIRCLE ( 'NONE', #1586, 0.5000000000000000000 ) ;
#1157 = DIRECTION ( 'NONE',  ( 1.000000000000000000, 0.0000000000000000000, 0.0000000000000000000 ) ) ;
#1158 = ORIENTED_EDGE ( 'NONE', *, *, #1330, .T. ) ;
#1159 = AXIS2_PLACEMENT_3D ( 'NONE', #25, #190, #42 ) ;
#1160 = ORIENTED_EDGE ( 'NONE', *, *, #1642, .T. ) ;
#1161 = CYLINDRICAL_SURFACE ( 'NONE', #75, 0.2000000000000000666 ) ;
#1162 = EDGE_CURVE ( 'NONE', #726, #87, #90, .T. ) ;
#1163 = CARTESIAN_POINT ( 'NONE',  ( 3.153553390593273775, 3.453553390593273598, 0.0000000000000000000 ) ) ;
#1164 = CARTESIAN_POINT ( 'NONE',  ( 3.250000000000000000, 0.0000000000000000000, 1.500000000000000000 ) ) ;
#1165 = EDGE_CURVE ( 'NONE', #1616, #1185, #619, .T. ) ;
#1166 = LINE ( 'NONE', #1422, #1098 ) ;
#1167 = LINE ( 'NONE', #93, #1127 ) ;
#1168 = EDGE_LOOP ( 'NONE', ( #1471, #1322, #841, #1479 ) ) ;
#1169 = ORIENTED_EDGE ( 'NONE', *, *, #1539, .F. ) ;
#1170 = LINE ( 'NONE', #483, #1296 ) ;
#1171 = LINE ( 'NONE', #1570, #1634 ) ;
#1172 = DIRECTION ( 'NONE',  ( 9.251858538542969116E-17, 1.000000000000000000, 0.0000000000000000000 ) ) ;
#1173 = DIRECTION ( 'NONE',  ( 0.0000000000000000000, 0.0000000000000000000, -1.000000000000000000 ) ) ;
#1174 = CARTESIAN_POINT ( 'NONE',  ( -3.200000000000000178, 1.500000000000000000, 0.0000000000000000000 ) ) ;
#1175 = ADVANCED_FACE ( 'NONE', ( #1709 ), #1040, .T. ) ;
#1176 = SURFACE_STYLE_FILL_AREA ( #774 ) ;
#1177 = VERTEX_POINT ( 'NONE', #1061 ) ;
#1178 = VERTEX_POINT ( 'NONE', #116 ) ;
#1179 = LINE ( 'NONE', #1715, #1740 ) ;
#1180 = CARTESIAN_POINT ( 'NONE',  ( -3.200000000000000178, -1.500000000000000000, 0.1000000000000000056 ) ) ;
#1181 = LINE ( 'NONE', #505, #506 ) ;
#1182 = CARTESIAN_POINT ( 'NONE',  ( 2.799999999999999822, 3.100000000000000089, 3.000000000000000000 ) ) ;
#1183 = PLANE ( 'NONE',  #247 ) ;
#1184 = CIRCLE ( 'NONE', #1719, 0.1000000000000000472 ) ;
#1185 = VERTEX_POINT ( 'NONE', #953 ) ;
#1186 = EDGE_CURVE ( 'NONE', #454, #424, #1198, .T. ) ;
#1187 = EDGE_CURVE ( 'NONE', #1103, #920, #401, .T. ) ;
#1188 = VECTOR ( 'NONE', #806, 1000.000000000000000 ) ;
#1189 = AXIS2_PLACEMENT_3D ( 'NONE', #1349, #1599, #1623 ) ;
#1190 = EDGE_LOOP ( 'NONE', ( #1640, #1254, #256, #340 ) ) ;
#1191 = AXIS2_PLACEMENT_3D ( 'NONE', #395, #1459, #1737 ) ;
#1192 = DIRECTION ( 'NONE',  ( 0.0000000000000000000, 0.0000000000000000000, 1.000000000000000000 ) ) ;
#1193 = DIRECTION ( 'NONE',  ( 0.0000000000000000000, 0.0000000000000000000, 1.000000000000000000 ) ) ;
#1194 = VERTEX_POINT ( 'NONE', #1476 ) ;
#1195 = ORIENTED_EDGE ( 'NONE', *, *, #1475, .F. ) ;
#1196 = EDGE_CURVE ( 'NONE', #808, #831, #924, .T. ) ;
#1197 = CARTESIAN_POINT ( 'NONE',  ( 3.299999999999999822, 1.500000000000000000, 1.500000000000000000 ) ) ;
#1198 = LINE ( 'NONE', #812, #957 ) ;
#1199 = DIRECTION ( 'NONE',  ( 1.000000000000000000, 0.0000000000000000000, 0.0000000000000000000 ) ) ;
#1200 = ORIENTED_EDGE ( 'NONE', *, *, #1738, .T. ) ;
#1201 = ORIENTED_EDGE ( 'NONE', *, *, #794, .F. ) ;
#1203 = ADVANCED_FACE ( 'NONE', ( #533 ), #1607, .F. ) ;
#1202 = CARTESIAN_POINT ( 'NONE',  ( -3.241421356237309759, -0.7500000000000000000, 0.05857864376269061174 ) ) ;
#1204 =( NAMED_UNIT ( * ) PLANE_ANGLE_UNIT ( ) SI_UNIT ( $, .RADIAN. ) );
#1205 = CYLINDRICAL_SURFACE ( 'NONE', #813, 0.1000000000000000472 ) ;
#1206 = ORIENTED_EDGE ( 'NONE', *, *, #1426, .F. ) ;
#1207 = ORIENTED_EDGE ( 'NONE', *, *, #1214, .T. ) ;
#1208 = AXIS2_PLACEMENT_3D ( 'NONE', #555, #1450, #835 ) ;
#1209 = VECTOR ( 'NONE', #1243, 1000.000000000000000 ) ;
#1210 = VERTEX_POINT ( 'NONE', #1614 ) ;
#1211 = AXIS2_PLACEMENT_3D ( 'NONE', #449, #1376, #324 ) ;
#1212 = EDGE_CURVE ( 'NONE', #1145, #5, #270, .T. ) ;
#1213 = PLANE ( 'NONE',  #1074 ) ;
#1214 = EDGE_CURVE ( 'NONE', #253, #1218, #1556, .T. ) ;
#1215 = ORIENTED_EDGE ( 'NONE', *, *, #1617, .T. ) ;
#1216 = CARTESIAN_POINT ( 'NONE',  ( 3.100000000000000089, -1.500000000000000000, 0.0000000000000000000 ) ) ;
#1217 = CARTESIAN_POINT ( 'NONE',  ( 3.299999999999999822, -3.100000000000000089, 3.000000000000000000 ) ) ;
#1218 = VERTEX_POINT ( 'NONE', #3 ) ;
#1219 = ORIENTED_EDGE ( 'NONE', *, *, #793, .F. ) ;
#1220 = CARTESIAN_POINT ( 'NONE',  ( -3.299999999999999822, 3.600000000000000089, 3.000000000000000000 ) ) ;
#1221 = CARTESIAN_POINT ( 'NONE',  ( 2.799999999999999822, 3.100000000000000089, 0.0000000000000000000 ) ) ;
#1222 = EDGE_LOOP ( 'NONE', ( #593, #86, #874, #439 ) ) ;
#1223 = EDGE_CURVE ( 'NONE', #689, #663, #387, .T. ) ;
#1224 = DIRECTION ( 'NONE',  ( -1.000000000000000000, 0.0000000000000000000, 0.0000000000000000000 ) ) ;
#1225 = ORIENTED_EDGE ( 'NONE', *, *, #1738, .F. ) ;
#1226 = CARTESIAN_POINT ( 'NONE',  ( 3.100000000000000089, 1.500000000000000000, 0.2000000000000000111 ) ) ;
#1227 = CARTESIAN_POINT ( 'NONE',  ( -3.299999999999999822, 1.500000000000000000, 1.500000000000000000 ) ) ;
#1228 = MANIFOLD_SOLID_BREP ( 'L_ShouHan_CYA0630.STEP[1]', #755 ) ;
#1229 = ORIENTED_EDGE ( 'NONE', *, *, #214, .T. ) ;
#1230 = DIRECTION ( 'NONE',  ( 1.000000000000000000, 0.0000000000000000000, 0.0000000000000000000 ) ) ;
#1231 = EDGE_CURVE ( 'NONE', #1604, #1396, #646, .T. ) ;
#1232 = DIRECTION ( 'NONE',  ( 0.0000000000000000000, 0.0000000000000000000, 1.000000000000000000 ) ) ;
#1233 = VERTEX_POINT ( 'NONE', #654 ) ;
#1234 = EDGE_CURVE ( 'NONE', #938, #1136, #578, .T. ) ;
#1235 = CIRCLE ( 'NONE', #1628, 0.2000000000000000666 ) ;
#1236 = CIRCLE ( 'NONE', #954, 0.5000000000000000000 ) ;
#1237 = VECTOR ( 'NONE', #1561, 1000.000000000000000 ) ;
#1238 = MANIFOLD_SOLID_BREP ( 'L_ShouHan_CYA0630.STEP[2]', #523 ) ;
#1239 = AXIS2_PLACEMENT_3D ( 'NONE', #1039, #915, #1020 ) ;
#1240 = DIRECTION ( 'NONE',  ( 0.0000000000000000000, 1.000000000000000000, 0.0000000000000000000 ) ) ;
#1241 = MECHANICAL_DESIGN_GEOMETRIC_PRESENTATION_REPRESENTATION (  '', ( #50 ), #1717 ) ;
#1242 = DIRECTION ( 'NONE',  ( 0.0000000000000000000, -1.000000000000000000, 0.0000000000000000000 ) ) ;
#1243 = DIRECTION ( 'NONE',  ( 0.0000000000000000000, -1.000000000000000000, 0.0000000000000000000 ) ) ;
#1244 = LINE ( 'NONE', #244, #1188 ) ;
#1245 = ORIENTED_EDGE ( 'NONE', *, *, #1400, .F. ) ;
#1246 = MANIFOLD_SOLID_BREP ( 'L_ShouHan_CYA0630.STEP[3]', #1013 ) ;
#1247 = EDGE_CURVE ( 'NONE', #856, #1233, #127, .T. ) ;
#1248 = LINE ( 'NONE', #998, #1657 ) ;
#1249 = DIRECTION ( 'NONE',  ( 0.0000000000000000000, 1.000000000000000000, 0.0000000000000000000 ) ) ;
#1250 = PLANE ( 'NONE',  #1467 ) ;
#1251 = EDGE_LOOP ( 'NONE', ( #1169, #1279, #1658, #1343, #72, #522, #1107, #1630 ) ) ;
#1252 = CARTESIAN_POINT ( 'NONE',  ( 3.200000000000000178, 1.500000000000000000, 1.500000000000000000 ) ) ;
#1253 = ORIENTED_EDGE ( 'NONE', *, *, #120, .F. ) ;
#1254 = ORIENTED_EDGE ( 'NONE', *, *, #1713, .T. ) ;
#1255 = CARTESIAN_POINT ( 'NONE',  ( -3.299999999999999822, 1.500000000000000000, 1.500000000000000000 ) ) ;
#1256 = EDGE_CURVE ( 'NONE', #1056, #16, #1248, .T. ) ;
#1257 = CARTESIAN_POINT ( 'NONE',  ( -3.241421356237309759, -1.500000000000000000, 0.05857864376269063950 ) ) ;
#1258 = DIRECTION ( 'NONE',  ( 1.000000000000000000, 0.0000000000000000000, 0.0000000000000000000 ) ) ;
#1259 = LINE ( 'NONE', #1119, #1371 ) ;
#1260 = DIRECTION ( 'NONE',  ( 0.7071067811865475727, 0.7071067811865475727, 0.0000000000000000000 ) ) ;
#1261 = VERTEX_POINT ( 'NONE', #1255 ) ;
#1262 = ORIENTED_EDGE ( 'NONE', *, *, #360, .F. ) ;
#1263 = PLANE ( 'NONE',  #1099 ) ;
#1264 = COLOUR_RGB ( '',0.9843137254901960231, 0.9803921568627450567, 0.9607843137254902244 ) ;
#1265 = VECTOR ( 'NONE', #1010, 1000.000000000000000 ) ;
#1266 = AXIS2_PLACEMENT_3D ( 'NONE', #572, #298, #55 ) ;
#1267 = CARTESIAN_POINT ( 'NONE',  ( -2.500000000000000000, -2.775557561562889872E-16, 0.1000000000000000056 ) ) ;
#1268 = VECTOR ( 'NONE', #850, 1000.000000000000000 ) ;
#1269 = CARTESIAN_POINT ( 'NONE',  ( 1.800000000000000044, -1.500000000000000000, 0.1000000000000000056 ) ) ;
#1270 = ADVANCED_FACE ( 'NONE', ( #22 ), #31, .F. ) ;
#1271 = DIRECTION ( 'NONE',  ( 0.0000000000000000000, 0.0000000000000000000, 1.000000000000000000 ) ) ;
#1272 = ORIENTED_EDGE ( 'NONE', *, *, #1494, .F. ) ;
#1273 = VERTEX_POINT ( 'NONE', #170 ) ;
#1274 = CARTESIAN_POINT ( 'NONE',  ( -3.299999999999999822, 3.100000000000000089, 3.000000000000000000 ) ) ;
#1275 = DIRECTION ( 'NONE',  ( 0.0000000000000000000, -1.000000000000000000, 0.0000000000000000000 ) ) ;
#1276 = CARTESIAN_POINT ( 'NONE',  ( -3.299999999999999822, -1.500000000000000000, 0.0000000000000000000 ) ) ;
#1277 = ORIENTED_EDGE ( 'NONE', *, *, #1609, .F. ) ;
#1278 = FACE_OUTER_BOUND ( 'NONE', #1466, .T. ) ;
#1279 = ORIENTED_EDGE ( 'NONE', *, *, #1513, .T. ) ;
#1280 = EDGE_CURVE ( 'NONE', #1612, #929, #305, .T. ) ;
#1281 = ORIENTED_EDGE ( 'NONE', *, *, #63, .T. ) ;
#1282 = DIRECTION ( 'NONE',  ( 0.0000000000000000000, 0.0000000000000000000, -1.000000000000000000 ) ) ;
#1283 = DIRECTION ( 'NONE',  ( 0.0000000000000000000, -1.000000000000000000, 0.0000000000000000000 ) ) ;
#1284 = DIRECTION ( 'NONE',  ( -1.000000000000000000, 0.0000000000000000000, 0.0000000000000000000 ) ) ;
#1285 = DIRECTION ( 'NONE',  ( -1.000000000000000000, 0.0000000000000000000, 0.0000000000000000000 ) ) ;
#1286 = DIRECTION ( 'NONE',  ( 0.0000000000000000000, 1.000000000000000000, 0.0000000000000000000 ) ) ;
#1287 = DIRECTION ( 'NONE',  ( 0.0000000000000000000, 1.000000000000000000, 0.0000000000000000000 ) ) ;
#1288 = ORIENTED_EDGE ( 'NONE', *, *, #512, .F. ) ;
#1289 = EDGE_CURVE ( 'NONE', #1302, #1057, #1531, .T. ) ;
#1290 = EDGE_CURVE ( 'NONE', #296, #1736, #1235, .T. ) ;
#1291 = ORIENTED_EDGE ( 'NONE', *, *, #1058, .T. ) ;
#1292 = EDGE_CURVE ( 'NONE', #1705, #427, #858, .T. ) ;
#1293 = CARTESIAN_POINT ( 'NONE',  ( 3.299999999999999822, 1.600000000000000089, 0.0000000000000000000 ) ) ;
#1294 = CARTESIAN_POINT ( 'NONE',  ( 2.550000000000000266, -2.775557561562889872E-16, 0.1000000000000000056 ) ) ;
#1295 = LINE ( 'NONE', #337, #1495 ) ;
#1296 = VECTOR ( 'NONE', #738, 1000.000000000000000 ) ;
#1297 = CARTESIAN_POINT ( 'NONE',  ( 2.799999999999999822, 3.100000000000000089, 0.0000000000000000000 ) ) ;
#1298 = VECTOR ( 'NONE', #945, 1000.000000000000000 ) ;
#1299 = DIRECTION ( 'NONE',  ( -1.000000000000000000, 0.0000000000000000000, 0.0000000000000000000 ) ) ;
#1300 = PRODUCT_DEFINITION_FORMATION_WITH_SPECIFIED_SOURCE ( 'ANY', '', #126, .NOT_KNOWN. ) ;
#1301 = CIRCLE ( 'NONE', #526, 0.2000000000000000666 ) ;
#1302 = VERTEX_POINT ( 'NONE', #1028 ) ;
#1303 = CIRCLE ( 'NONE', #1101, 0.5000000000000000000 ) ;
#1304 = ORIENTED_EDGE ( 'NONE', *, *, #33, .F. ) ;
#1305 = LINE ( 'NONE', #1293, #129 ) ;
#1307 = ADVANCED_FACE ( 'NONE', ( #197 ), #503, .F. ) ;
#1306 = DIRECTION ( 'NONE',  ( 0.7071067811865482389, 0.0000000000000000000, -0.7071067811865466846 ) ) ;
#1308 = DIRECTION ( 'NONE',  ( 0.0000000000000000000, -1.000000000000000000, 0.0000000000000000000 ) ) ;
#1309 = DIRECTION ( 'NONE',  ( 0.0000000000000000000, 0.0000000000000000000, 1.000000000000000000 ) ) ;
#1310 = DIRECTION ( 'NONE',  ( 1.000000000000000000, 0.0000000000000000000, 0.0000000000000000000 ) ) ;
#1311 = ORIENTED_EDGE ( 'NONE', *, *, #626, .T. ) ;
#1312 = ORIENTED_EDGE ( 'NONE', *, *, #120, .T. ) ;
#1313 = CARTESIAN_POINT ( 'NONE',  ( 3.100000000000000089, -0.7500000000000000000, 0.2000000000000000111 ) ) ;
#1314 = FACE_OUTER_BOUND ( 'NONE', #20, .T. ) ;
#1315 = ADVANCED_FACE ( 'NONE', ( #1698 ), #1569, .F. ) ;
#1316 = EDGE_CURVE ( 'NONE', #1530, #1735, #603, .T. ) ;
#1317 = CARTESIAN_POINT ( 'NONE',  ( -3.299999999999999822, -1.600000000000000089, 0.1000000000000000056 ) ) ;
#1318 = LINE ( 'NONE', #1681, #1741 ) ;
#1319 = DIRECTION ( 'NONE',  ( 1.000000000000000000, 0.0000000000000000000, 0.0000000000000000000 ) ) ;
#1320 = SURFACE_STYLE_USAGE ( .BOTH. , #224 ) ;
#1321 = ORIENTED_EDGE ( 'NONE', *, *, #950, .T. ) ;
#1322 = ORIENTED_EDGE ( 'NONE', *, *, #360, .T. ) ;
#1323 = CARTESIAN_POINT ( 'NONE',  ( 2.550000000000000266, -2.775557561562889872E-16, 0.0000000000000000000 ) ) ;
#1324 = LINE ( 'NONE', #1593, #1237 ) ;
#1325 = SURFACE_STYLE_USAGE ( .BOTH. , #933 ) ;
#1326 = DIRECTION ( 'NONE',  ( 0.0000000000000000000, -1.000000000000000000, 0.0000000000000000000 ) ) ;
#1327 = PRESENTATION_LAYER_ASSIGNMENT (  '', '', ( #328 ) ) ;
#1328 =( LENGTH_UNIT ( ) NAMED_UNIT ( * ) SI_UNIT ( .MILLI., .METRE. ) );
#1329 = ORIENTED_EDGE ( 'NONE', *, *, #1344, .F. ) ;
#1330 = EDGE_CURVE ( 'NONE', #929, #1705, #66, .T. ) ;
#1331 = VECTOR ( 'NONE', #346, 1000.000000000000000 ) ;
#1332 = VERTEX_POINT ( 'NONE', #342 ) ;
#1333 = AXIS2_PLACEMENT_3D ( 'NONE', #60, #1421, #896 ) ;
#1334 = DIRECTION ( 'NONE',  ( 0.0000000000000000000, -1.000000000000000000, 0.0000000000000000000 ) ) ;
#1335 = DIRECTION ( 'NONE',  ( 0.0000000000000000000, 0.0000000000000000000, 1.000000000000000000 ) ) ;
#1336 = DIRECTION ( 'NONE',  ( -1.000000000000000000, 0.0000000000000000000, 0.0000000000000000000 ) ) ;
#1337 = VERTEX_POINT ( 'NONE', #1148 ) ;
#1338 = EDGE_CURVE ( 'NONE', #723, #1396, #1170, .T. ) ;
#1339 = ORIENTED_EDGE ( 'NONE', *, *, #950, .F. ) ;
#1340 = DIRECTION ( 'NONE',  ( 0.0000000000000000000, -1.000000000000000000, 0.0000000000000000000 ) ) ;
#1341 = CARTESIAN_POINT ( 'NONE',  ( -3.299999999999999822, -1.600000000000000089, 0.0000000000000000000 ) ) ;
#1342 = ORIENTED_EDGE ( 'NONE', *, *, #962, .T. ) ;
#1343 = ORIENTED_EDGE ( 'NONE', *, *, #1426, .T. ) ;
#1344 = EDGE_CURVE ( 'NONE', #1337, #599, #1442, .T. ) ;
#1345 = ORIENTED_EDGE ( 'NONE', *, *, #1344, .T. ) ;
#1346 = ADVANCED_FACE ( 'NONE', ( #632 ), #1161, .T. ) ;
#1347 = LINE ( 'NONE', #128, #614 ) ;
#1348 = VERTEX_POINT ( 'NONE', #1274 ) ;
#1349 = CARTESIAN_POINT ( 'NONE',  ( -3.100000000000000089, 1.500000000000000000, 0.2000000000000000111 ) ) ;
#1350 = ORIENTED_EDGE ( 'NONE', *, *, #1290, .F. ) ;
#1351 = AXIS2_PLACEMENT_3D ( 'NONE', #1434, #1054, #84 ) ;
#1352 = CIRCLE ( 'NONE', #49, 0.1000000000000000472 ) ;
#1353 = VECTOR ( 'NONE', #1410, 1000.000000000000000 ) ;
#1354 = FILL_AREA_STYLE_COLOUR ( '', #1264 ) ;
#1355 = EDGE_CURVE ( 'NONE', #1447, #1389, #1184, .T. ) ;
#1356 = FACE_OUTER_BOUND ( 'NONE', #818, .T. ) ;
#1357 = ORIENTED_EDGE ( 'NONE', *, *, #1355, .F. ) ;
#1358 = DIRECTION ( 'NONE',  ( 0.0000000000000000000, 1.000000000000000000, 0.0000000000000000000 ) ) ;
#1359 = ORIENTED_EDGE ( 'NONE', *, *, #989, .F. ) ;
#1360 = CARTESIAN_POINT ( 'NONE',  ( -3.100000000000000089, -1.500000000000000000, 0.1000000000000000056 ) ) ;
#1361 = EDGE_CURVE ( 'NONE', #87, #1177, #1305, .T. ) ;
#1362 = EDGE_LOOP ( 'NONE', ( #1128, #652, #591, #573 ) ) ;
#1363 = CARTESIAN_POINT ( 'NONE',  ( -3.200000000000000178, -1.500000000000000000, 0.0000000000000000000 ) ) ;
#1364 = FACE_OUTER_BOUND ( 'NONE', #73, .T. ) ;
#1365 = ORIENTED_EDGE ( 'NONE', *, *, #372, .F. ) ;
#1366 = LINE ( 'NONE', #1391, #758 ) ;
#1367 = CARTESIAN_POINT ( 'NONE',  ( 3.100000000000000089, 1.500000000000000000, 0.0000000000000000000 ) ) ;
#1368 = CARTESIAN_POINT ( 'NONE',  ( -2.799999999999999822, 3.600000000000000089, 3.000000000000000000 ) ) ;
#1369 = DIRECTION ( 'NONE',  ( -9.251858538542969116E-17, 1.000000000000000000, 0.0000000000000000000 ) ) ;
#1370 = EDGE_CURVE ( 'NONE', #168, #1604, #473, .T. ) ;
#1371 = VECTOR ( 'NONE', #1653, 1000.000000000000000 ) ;
#1372 = AXIS2_PLACEMENT_3D ( 'NONE', #497, #1055, #252 ) ;
#1373 = AXIS2_PLACEMENT_3D ( 'NONE', #1221, #1335, #791 ) ;
#1374 = VECTOR ( 'NONE', #1075, 1000.000000000000000 ) ;
#1375 = FACE_OUTER_BOUND ( 'NONE', #1508, .T. ) ;
#1376 = DIRECTION ( 'NONE',  ( 0.0000000000000000000, 0.0000000000000000000, -1.000000000000000000 ) ) ;
#1377 = ORIENTED_EDGE ( 'NONE', *, *, #312, .F. ) ;
#1378 = CARTESIAN_POINT ( 'NONE',  ( 3.299999999999999822, -1.600000000000000089, 0.0000000000000000000 ) ) ;
#1379 = FACE_OUTER_BOUND ( 'NONE', #325, .T. ) ;
#1380 = EDGE_CURVE ( 'NONE', #530, #1261, #88, .T. ) ;
#1381 = ADVANCED_FACE ( 'NONE', ( #886 ), #77, .F. ) ;
#1382 = EDGE_LOOP ( 'NONE', ( #118, #1648, #1427, #736 ) ) ;
#1383 =( NAMED_UNIT ( * ) SI_UNIT ( $, .STERADIAN. ) SOLID_ANGLE_UNIT ( ) );
#1384 = CYLINDRICAL_SURFACE ( 'NONE', #554, 0.1000000000000000472 ) ;
#1385 = LINE ( 'NONE', #34, #1405 ) ;
#1386 = ORIENTED_EDGE ( 'NONE', *, *, #1162, .T. ) ;
#1387 = DIRECTION ( 'NONE',  ( 0.0000000000000000000, 0.0000000000000000000, -1.000000000000000000 ) ) ;
#1388 = ORIENTED_EDGE ( 'NONE', *, *, #544, .F. ) ;
#1389 = VERTEX_POINT ( 'NONE', #1707 ) ;
#1390 = SURFACE_SIDE_STYLE ('',( #574 ) ) ;
#1392 = ADVANCED_FACE ( 'NONE', ( #492 ), #1050, .T. ) ;
#1391 = CARTESIAN_POINT ( 'NONE',  ( 3.299999999999999822, -3.100000000000000089, 0.0000000000000000000 ) ) ;
#1393 = CARTESIAN_POINT ( 'NONE',  ( 3.100000000000000089, -1.500000000000000000, 0.1000000000000000056 ) ) ;
#1394 = CARTESIAN_POINT ( 'NONE',  ( -4.899999999999999467, -1.600000000000000089, 0.1000000000000000056 ) ) ;
#1395 = CYLINDRICAL_SURFACE ( 'NONE', #132, 0.5000000000000000000 ) ;
#1396 = VERTEX_POINT ( 'NONE', #363 ) ;
#1397 = ORIENTED_EDGE ( 'NONE', *, *, #544, .T. ) ;
#1398 = DIRECTION ( 'NONE',  ( 1.000000000000000000, 0.0000000000000000000, 0.0000000000000000000 ) ) ;
#1399 = PLANE ( 'NONE',  #696 ) ;
#1400 = EDGE_CURVE ( 'NONE', #684, #1004, #1140, .T. ) ;
#1401 = LINE ( 'NONE', #178, #1522 ) ;
#1402 = CIRCLE ( 'NONE', #332, 0.5000000000000000000 ) ;
#1403 = ORIENTED_EDGE ( 'NONE', *, *, #1186, .T. ) ;
#1404 = DIRECTION ( 'NONE',  ( 0.0000000000000000000, 0.0000000000000000000, 1.000000000000000000 ) ) ;
#1405 = VECTOR ( 'NONE', #982, 1000.000000000000000 ) ;
#1406 = LINE ( 'NONE', #1415, #158 ) ;
#1407 = ORIENTED_EDGE ( 'NONE', *, *, #290, .T. ) ;
#1408 = ORIENTED_EDGE ( 'NONE', *, *, #280, .T. ) ;
#1409 = DIRECTION ( 'NONE',  ( 0.0000000000000000000, 0.0000000000000000000, 1.000000000000000000 ) ) ;
#1410 = DIRECTION ( 'NONE',  ( 0.0000000000000000000, 0.0000000000000000000, 1.000000000000000000 ) ) ;
#1411 = CARTESIAN_POINT ( 'NONE',  ( 3.170710678118654702, -1.500000000000000000, 0.1292893218813452871 ) ) ;
#1412 = CARTESIAN_POINT ( 'NONE',  ( 3.100000000000000089, 1.500000000000000000, 0.2000000000000000111 ) ) ;
#1413 = CARTESIAN_POINT ( 'NONE',  ( 3.299999999999999822, 1.500000000000000000, 0.0000000000000000000 ) ) ;
#1414 = EDGE_CURVE ( 'NONE', #1735, #938, #1179, .T. ) ;
#1415 = CARTESIAN_POINT ( 'NONE',  ( -3.100000000000000089, 0.7500000000000000000, 0.1000000000000000056 ) ) ;
#1416 = ORIENTED_EDGE ( 'NONE', *, *, #660, .F. ) ;
#1417 = EDGE_CURVE ( 'NONE', #1736, #1048, #878, .T. ) ;
#1418 = EDGE_LOOP ( 'NONE', ( #697, #341, #1478, #371 ) ) ;
#1419 = CARTESIAN_POINT ( 'NONE',  ( 3.299999999999999822, 3.600000000000000089, 0.0000000000000000000 ) ) ;
#1420 = LINE ( 'NONE', #1699, #1353 ) ;
#1421 = DIRECTION ( 'NONE',  ( 0.0000000000000000000, 0.0000000000000000000, -1.000000000000000000 ) ) ;
#1422 = CARTESIAN_POINT ( 'NONE',  ( 3.299999999999999822, 1.500000000000000000, 0.0000000000000000000 ) ) ;
#1423 = DIRECTION ( 'NONE',  ( -1.000000000000000000, 0.0000000000000000000, 0.0000000000000000000 ) ) ;
#1424 = PRESENTATION_STYLE_ASSIGNMENT (( #1320 ) ) ;
#1425 = ORIENTED_EDGE ( 'NONE', *, *, #390, .F. ) ;
#1426 = EDGE_CURVE ( 'NONE', #1233, #1273, #15, .T. ) ;
#1427 = ORIENTED_EDGE ( 'NONE', *, *, #1690, .T. ) ;
#1428 = CARTESIAN_POINT ( 'NONE',  ( 1.800000000000000044, 1.500000000000000000, 0.0000000000000000000 ) ) ;
#1429 = DIRECTION ( 'NONE',  ( 0.0000000000000000000, -1.000000000000000000, 0.0000000000000000000 ) ) ;
#1430 = DIRECTION ( 'NONE',  ( 1.000000000000000000, 0.0000000000000000000, 0.0000000000000000000 ) ) ;
#1431 = VECTOR ( 'NONE', #1232, 1000.000000000000000 ) ;
#1432 = CARTESIAN_POINT ( 'NONE',  ( 2.799999999999999822, -3.600000000000000089, 0.0000000000000000000 ) ) ;
#1433 = AXIS2_PLACEMENT_3D ( 'NONE', #1094, #1230, #413 ) ;
#1434 = CARTESIAN_POINT ( 'NONE',  ( 3.299999999999999822, 1.500000000000000000, 0.0000000000000000000 ) ) ;
#1435 = AXIS2_PLACEMENT_3D ( 'NONE', #1527, #339, #459 ) ;
#1436 = AXIS2_PLACEMENT_3D ( 'NONE', #1413, #100, #636 ) ;
#1437 = CARTESIAN_POINT ( 'NONE',  ( 1.699999999999999956, 1.600000000000000089, 0.0000000000000000000 ) ) ;
#1438 = ORIENTED_EDGE ( 'NONE', *, *, #1067, .F. ) ;
#1439 = VECTOR ( 'NONE', #344, 1000.000000000000000 ) ;
#1440 = EDGE_LOOP ( 'NONE', ( #1712, #776, #299, #997 ) ) ;
#1441 = EDGE_CURVE ( 'NONE', #320, #1705, #1499, .T. ) ;
#1442 = LINE ( 'NONE', #1428, #721 ) ;
#1443 = PLANE ( 'NONE',  #719 ) ;
#1444 = CARTESIAN_POINT ( 'NONE',  ( -3.299999999999999822, -3.600000000000000089, 3.000000000000000000 ) ) ;
#1445 = DIRECTION ( 'NONE',  ( 0.7071067811865482389, 0.0000000000000000000, -0.7071067811865466846 ) ) ;
#1446 = CARTESIAN_POINT ( 'NONE',  ( -1.699999999999999956, 1.600000000000000089, 0.0000000000000000000 ) ) ;
#1447 = VERTEX_POINT ( 'NONE', #826 ) ;
#1448 = VERTEX_POINT ( 'NONE', #676 ) ;
#1449 = UNCERTAINTY_MEASURE_WITH_UNIT (LENGTH_MEASURE( 1.000000000000000082E-05 ), #1574, 'distance_accuracy_value', 'NONE');
#1450 = DIRECTION ( 'NONE',  ( 0.0000000000000000000, 0.0000000000000000000, -1.000000000000000000 ) ) ;
#1451 = DIRECTION ( 'NONE',  ( 0.0000000000000000000, -1.000000000000000000, 0.0000000000000000000 ) ) ;
#1452 = CARTESIAN_POINT ( 'NONE',  ( -3.299999999999999822, -1.500000000000000000, 1.500000000000000000 ) ) ;
#1453 = EDGE_CURVE ( 'NONE', #1177, #1745, #405, .T. ) ;
#1454 = LINE ( 'NONE', #1563, #1265 ) ;
#1455 = DIRECTION ( 'NONE',  ( 0.7071067811865475727, -0.7071067811865475727, 0.0000000000000000000 ) ) ;
#1456 = VERTEX_POINT ( 'NONE', #545 ) ;
#1457 = ORIENTED_EDGE ( 'NONE', *, *, #1417, .F. ) ;
#1458 = FACE_OUTER_BOUND ( 'NONE', #1567, .T. ) ;
#1459 = DIRECTION ( 'NONE',  ( 0.0000000000000000000, 1.000000000000000000, 0.0000000000000000000 ) ) ;
#1460 = CARTESIAN_POINT ( 'NONE',  ( -3.100000000000000089, -0.7500000000000000000, 0.2000000000000000111 ) ) ;
#1461 = ADVANCED_FACE ( 'NONE', ( #1364 ), #959, .T. ) ;
#1462 = AXIS2_PLACEMENT_3D ( 'NONE', #781, #508, #1310 ) ;
#1463 = ORIENTED_EDGE ( 'NONE', *, *, #1147, .T. ) ;
#1464 = VECTOR ( 'NONE', #451, 1000.000000000000000 ) ;
#1465 = AXIS2_PLACEMENT_3D ( 'NONE', #992, #189, #285 ) ;
#1466 = EDGE_LOOP ( 'NONE', ( #452, #1543, #1463, #145 ) ) ;
#1467 = AXIS2_PLACEMENT_3D ( 'NONE', #1644, #587, #457 ) ;
#1468 = APPLICATION_CONTEXT ( 'automotive_design' ) ;
#1469 = DIRECTION ( 'NONE',  ( 1.000000000000000000, 0.0000000000000000000, 0.0000000000000000000 ) ) ;
#1470 = DIRECTION ( 'NONE',  ( 0.0000000000000000000, 0.0000000000000000000, -1.000000000000000000 ) ) ;
#1471 = ORIENTED_EDGE ( 'NONE', *, *, #176, .F. ) ;
#1472 = ADVANCED_FACE ( 'NONE', ( #1458 ), #27, .T. ) ;
#1473 = FACE_OUTER_BOUND ( 'NONE', #1190, .T. ) ;
#1474 = VERTEX_POINT ( 'NONE', #1217 ) ;
#1475 = EDGE_CURVE ( 'NONE', #684, #706, #666, .T. ) ;
#1476 = CARTESIAN_POINT ( 'NONE',  ( 1.699999999999999956, -1.600000000000000089, 0.0000000000000000000 ) ) ;
#1477 = LINE ( 'NONE', #266, #365 ) ;
#1478 = ORIENTED_EDGE ( 'NONE', *, *, #701, .T. ) ;
#1479 = ORIENTED_EDGE ( 'NONE', *, *, #1414, .T. ) ;
#1480 = EDGE_CURVE ( 'NONE', #566, #517, #1, .T. ) ;
#1481 = ORIENTED_EDGE ( 'NONE', *, *, #269, .F. ) ;
#1482 = DIRECTION ( 'NONE',  ( 1.000000000000000000, 0.0000000000000000000, 0.0000000000000000000 ) ) ;
#1483 = DIRECTION ( 'NONE',  ( -0.0000000000000000000, 1.000000000000000000, 0.0000000000000000000 ) ) ;
#1484 = ORIENTED_EDGE ( 'NONE', *, *, #524, .T. ) ;
#1485 = DIRECTION ( 'NONE',  ( -0.0000000000000000000, 1.000000000000000000, 0.0000000000000000000 ) ) ;
#1486 = CIRCLE ( 'NONE', #1159, 0.2000000000000000666 ) ;
#1487 = DIRECTION ( 'NONE',  ( -1.000000000000000000, 0.0000000000000000000, 0.0000000000000000000 ) ) ;
#1488 = ORIENTED_EDGE ( 'NONE', *, *, #313, .T. ) ;
#1489 = VECTOR ( 'NONE', #616, 1000.000000000000000 ) ;
#1490 = AXIS2_PLACEMENT_3D ( 'NONE', #825, #1621, #1743 ) ;
#1491 = VECTOR ( 'NONE', #1051, 1000.000000000000000 ) ;
#1492 = ORIENTED_EDGE ( 'NONE', *, *, #33, .T. ) ;
#1494 = EDGE_CURVE ( 'NONE', #1530, #1337, #157, .T. ) ;
#1493 = LINE ( 'NONE', #1197, #790 ) ;
#1495 = VECTOR ( 'NONE', #1308, 1000.000000000000000 ) ;
#1496 = FILL_AREA_STYLE_COLOUR ( '', #417 ) ;
#1497 = FACE_OUTER_BOUND ( 'NONE', #947, .T. ) ;
#1498 = ORIENTED_EDGE ( 'NONE', *, *, #1256, .F. ) ;
#1499 = LINE ( 'NONE', #564, #786 ) ;
#1500 = ORIENTED_EDGE ( 'NONE', *, *, #1565, .T. ) ;
#1501 = PRESENTATION_STYLE_ASSIGNMENT (( #150 ) ) ;
#1502 = CARTESIAN_POINT ( 'NONE',  ( -3.100000000000000089, -1.500000000000000000, 0.2000000000000000111 ) ) ;
#1503 = ADVANCED_FACE ( 'NONE', ( #817 ), #538, .F. ) ;
#1504 = CARTESIAN_POINT ( 'NONE',  ( -4.799999999999999822, -1.500000000000000000, 0.0000000000000000000 ) ) ;
#1505 = ORIENTED_EDGE ( 'NONE', *, *, #204, .F. ) ;
#1506 = LINE ( 'NONE', #289, #611 ) ;
#1507 = DIRECTION ( 'NONE',  ( -1.000000000000000000, 0.0000000000000000000, 0.0000000000000000000 ) ) ;
#1508 = EDGE_LOOP ( 'NONE', ( #243, #1425, #392, #103 ) ) ;
#1509 = CARTESIAN_POINT ( 'NONE',  ( 3.200000000000000178, -1.500000000000000000, 1.500000000000000000 ) ) ;
#1510 = DIRECTION ( 'NONE',  ( 0.7071067811865475727, -0.7071067811865475727, 0.0000000000000000000 ) ) ;
#1511 = VERTEX_POINT ( 'NONE', #1105 ) ;
#1512 = DIRECTION ( 'NONE',  ( 1.000000000000000000, 0.0000000000000000000, 0.0000000000000000000 ) ) ;
#1513 = EDGE_CURVE ( 'NONE', #746, #856, #1629, .T. ) ;
#1514 = EDGE_CURVE ( 'NONE', #1568, #35, #548, .T. ) ;
#1515 = CARTESIAN_POINT ( 'NONE',  ( -3.170710678118654702, 1.500000000000000000, 0.1292893218813452871 ) ) ;
#1516 = ORIENTED_EDGE ( 'NONE', *, *, #1553, .T. ) ;
#1517 = ORIENTED_EDGE ( 'NONE', *, *, #474, .T. ) ;
#1518 = CIRCLE ( 'NONE', #1045, 0.2000000000000000666 ) ;
#1519 = VECTOR ( 'NONE', #1358, 1000.000000000000000 ) ;
#1520 = VECTOR ( 'NONE', #867, 1000.000000000000000 ) ;
#1521 = FILL_AREA_STYLE ('',( #293 ) ) ;
#1522 = VECTOR ( 'NONE', #1258, 1000.000000000000000 ) ;
#1523 = CARTESIAN_POINT ( 'NONE',  ( -3.153553390593273775, -3.453553390593273598, 0.0000000000000000000 ) ) ;
#1524 = CARTESIAN_POINT ( 'NONE',  ( 3.299999999999999822, 1.500000000000000000, 0.0000000000000000000 ) ) ;
#1525 = ORIENTED_EDGE ( 'NONE', *, *, #169, .T. ) ;
#1526 = PLANE ( 'NONE',  #1687 ) ;
#1527 = CARTESIAN_POINT ( 'NONE',  ( 2.799999999999999822, 3.100000000000000089, 0.0000000000000000000 ) ) ;
#1528 = ORIENTED_EDGE ( 'NONE', *, *, #1058, .F. ) ;
#1529 = ADVANCED_FACE ( 'NONE', ( #967 ), #236, .T. ) ;
#1530 = VERTEX_POINT ( 'NONE', #1592 ) ;
#1531 = LINE ( 'NONE', #315, #107 ) ;
#1532 = FACE_OUTER_BOUND ( 'NONE', #500, .T. ) ;
#1533 = CARTESIAN_POINT ( 'NONE',  ( -2.799999999999999822, 3.600000000000000089, 0.0000000000000000000 ) ) ;
#1534 = DIRECTION ( 'NONE',  ( -1.000000000000000000, 0.0000000000000000000, 0.0000000000000000000 ) ) ;
#1535 = CARTESIAN_POINT ( 'NONE',  ( 3.241421356237309759, 1.500000000000000000, 0.05857864376269063950 ) ) ;
#1536 = FACE_OUTER_BOUND ( 'NONE', #263, .T. ) ;
#1537 = ORIENTED_EDGE ( 'NONE', *, *, #834, .F. ) ;
#1538 = ORIENTED_EDGE ( 'NONE', *, *, #592, .T. ) ;
#1539 = EDGE_CURVE ( 'NONE', #746, #168, #1244, .T. ) ;
#1540 = DIRECTION ( 'NONE',  ( 1.000000000000000000, 0.0000000000000000000, 0.0000000000000000000 ) ) ;
#1541 = CARTESIAN_POINT ( 'NONE',  ( -1.800000000000000044, 1.500000000000000000, 0.1000000000000000056 ) ) ;
#1542 = DIRECTION ( 'NONE',  ( 0.0000000000000000000, 0.0000000000000000000, 1.000000000000000000 ) ) ;
#1543 = ORIENTED_EDGE ( 'NONE', *, *, #1361, .F. ) ;
#1544 = FACE_OUTER_BOUND ( 'NONE', #1677, .T. ) ;
#1545 = ORIENTED_EDGE ( 'NONE', *, *, #759, .T. ) ;
#1546 = ORIENTED_EDGE ( 'NONE', *, *, #1600, .F. ) ;
#1547 = CARTESIAN_POINT ( 'NONE',  ( -3.200000000000000178, 1.500000000000000000, 0.0000000000000000000 ) ) ;
#1548 = CARTESIAN_POINT ( 'NONE',  ( -3.299999999999999822, 1.500000000000000000, 0.0000000000000000000 ) ) ;
#1549 = VECTOR ( 'NONE', #598, 1000.000000000000000 ) ;
#1550 = VECTOR ( 'NONE', #241, 1000.000000000000000 ) ;
#1551 = DIRECTION ( 'NONE',  ( 0.0000000000000000000, -1.000000000000000000, 0.0000000000000000000 ) ) ;
#1552 = AXIS2_PLACEMENT_3D ( 'NONE', #837, #1650, #1275 ) ;
#1553 = EDGE_CURVE ( 'NONE', #38, #1568, #6, .T. ) ;
#1554 = DIRECTION ( 'NONE',  ( 0.0000000000000000000, 0.0000000000000000000, -1.000000000000000000 ) ) ;
#1555 = CARTESIAN_POINT ( 'NONE',  ( 0.0000000000000000000, -3.600000000000000089, 0.0000000000000000000 ) ) ;
#1556 = CIRCLE ( 'NONE', #1191, 0.1000000000000000472 ) ;
#1557 = CARTESIAN_POINT ( 'NONE',  ( 3.299999999999999822, -1.500000000000000000, 1.500000000000000000 ) ) ;
#1558 = VERTEX_POINT ( 'NONE', #1727 ) ;
#1559 = VERTEX_POINT ( 'NONE', #777 ) ;
#1560 = CARTESIAN_POINT ( 'NONE',  ( -3.200000000000000178, 1.500000000000000000, 0.0000000000000000000 ) ) ;
#1561 = DIRECTION ( 'NONE',  ( 1.000000000000000000, 0.0000000000000000000, 0.0000000000000000000 ) ) ;
#1562 = DIRECTION ( 'NONE',  ( 0.0000000000000000000, 0.0000000000000000000, 1.000000000000000000 ) ) ;
#1563 = CARTESIAN_POINT ( 'NONE',  ( 3.100000000000000089, 0.7500000000000000000, 0.1000000000000000056 ) ) ;
#1564 = CARTESIAN_POINT ( 'NONE',  ( -1.800000000000000044, -1.500000000000000000, 0.1000000000000000056 ) ) ;
#1565 = EDGE_CURVE ( 'NONE', #819, #1003, #105, .T. ) ;
#1566 =( NAMED_UNIT ( * ) SI_UNIT ( $, .STERADIAN. ) SOLID_ANGLE_UNIT ( ) );
#1567 = EDGE_LOOP ( 'NONE', ( #1538, #7, #1605, #1577 ) ) ;
#1568 = VERTEX_POINT ( 'NONE', #1059 ) ;
#1569 = PLANE ( 'NONE',  #182 ) ;
#1570 = CARTESIAN_POINT ( 'NONE',  ( 3.200000000000000178, -1.500000000000000000, 1.500000000000000000 ) ) ;
#1571 = CARTESIAN_POINT ( 'NONE',  ( -2.799999999999999822, -3.600000000000000089, 0.0000000000000000000 ) ) ;
#1572 = LINE ( 'NONE', #200, #1583 ) ;
#1573 = PLANE ( 'NONE',  #1436 ) ;
#1574 =( LENGTH_UNIT ( ) NAMED_UNIT ( * ) SI_UNIT ( .MILLI., .METRE. ) );
#1575 = ORIENTED_EDGE ( 'NONE', *, *, #8, .F. ) ;
#1576 = EDGE_CURVE ( 'NONE', #1089, #1729, #1236, .T. ) ;
#1577 = ORIENTED_EDGE ( 'NONE', *, *, #1370, .F. ) ;
#1578 = DIRECTION ( 'NONE',  ( 1.000000000000000000, 0.0000000000000000000, 0.0000000000000000000 ) ) ;
#1579 = CARTESIAN_POINT ( 'NONE',  ( -1.699999999999999956, 1.600000000000000089, 0.0000000000000000000 ) ) ;
#1580 = DIRECTION ( 'NONE',  ( 0.0000000000000000000, 0.0000000000000000000, 1.000000000000000000 ) ) ;
#1581 = AXIS2_PLACEMENT_3D ( 'NONE', #946, #380, #141 ) ;
#1582 = FACE_OUTER_BOUND ( 'NONE', #650, .T. ) ;
#1583 = VECTOR ( 'NONE', #495, 1000.000000000000000 ) ;
#1584 = CARTESIAN_POINT ( 'NONE',  ( -1.800000000000000044, -1.500000000000000000, 0.0000000000000000000 ) ) ;
#1585 = AXIS2_PLACEMENT_3D ( 'NONE', #752, #102, #1596 ) ;
#1586 = AXIS2_PLACEMENT_3D ( 'NONE', #396, #402, #281 ) ;
#1587 = ORIENTED_EDGE ( 'NONE', *, *, #717, .T. ) ;
#1588 = AXIS2_PLACEMENT_3D ( 'NONE', #1142, #1562, #239 ) ;
#1589 = PRODUCT_RELATED_PRODUCT_CATEGORY ( 'part', '', ( #126 ) ) ;
#1590 = ORIENTED_EDGE ( 'NONE', *, *, #1046, .F. ) ;
#1591 = EDGE_CURVE ( 'NONE', #16, #1048, #733, .T. ) ;
#1592 = CARTESIAN_POINT ( 'NONE',  ( 1.800000000000000044, -1.500000000000000000, 0.0000000000000000000 ) ) ;
#1593 = CARTESIAN_POINT ( 'NONE',  ( -3.299999999999999822, 1.500000000000000000, 1.500000000000000000 ) ) ;
#1594 = LINE ( 'NONE', #345, #811 ) ;
#1595 = CARTESIAN_POINT ( 'NONE',  ( 3.299999999999999822, -1.500000000000000000, 1.500000000000000000 ) ) ;
#1596 = DIRECTION ( 'NONE',  ( -0.7071067811865481278, 0.0000000000000000000, -0.7071067811865467956 ) ) ;
#1597 = ORIENTED_EDGE ( 'NONE', *, *, #626, .F. ) ;
#1598 = ORIENTED_EDGE ( 'NONE', *, *, #1414, .F. ) ;
#1599 = DIRECTION ( 'NONE',  ( 0.0000000000000000000, 1.000000000000000000, 0.0000000000000000000 ) ) ;
#1600 = EDGE_CURVE ( 'NONE', #566, #1273, #1646, .T. ) ;
#1601 = CARTESIAN_POINT ( 'NONE',  ( -3.200000000000000178, 1.500000000000000000, 1.500000000000000000 ) ) ;
#1602 = LINE ( 'NONE', #1042, #1610 ) ;
#1603 =( NAMED_UNIT ( * ) PLANE_ANGLE_UNIT ( ) SI_UNIT ( $, .RADIAN. ) );
#1604 = VERTEX_POINT ( 'NONE', #443 ) ;
#1605 = ORIENTED_EDGE ( 'NONE', *, *, #1231, .F. ) ;
#1606 = EDGE_CURVE ( 'NONE', #1218, #131, #987, .T. ) ;
#1607 = PLANE ( 'NONE',  #475 ) ;
#1608 = DIRECTION ( 'NONE',  ( 0.0000000000000000000, 1.000000000000000000, 0.0000000000000000000 ) ) ;
#1609 = EDGE_CURVE ( 'NONE', #766, #581, #641, .T. ) ;
#1610 = VECTOR ( 'NONE', #1423, 1000.000000000000000 ) ;
#1611 = EDGE_LOOP ( 'NONE', ( #471, #807, #385, #543 ) ) ;
#1612 = VERTEX_POINT ( 'NONE', #310 ) ;
#1613 = VECTOR ( 'NONE', #1663, 1000.000000000000000 ) ;
#1614 = CARTESIAN_POINT ( 'NONE',  ( -3.200000000000000178, 1.500000000000000000, 1.500000000000000000 ) ) ;
#1615 = DIRECTION ( 'NONE',  ( 1.000000000000000000, 0.0000000000000000000, 0.0000000000000000000 ) ) ;
#1616 = VERTEX_POINT ( 'NONE', #883 ) ;
#1617 = EDGE_CURVE ( 'NONE', #1185, #656, #722, .T. ) ;
#1618 = ORIENTED_EDGE ( 'NONE', *, *, #312, .T. ) ;
#1619 = DIRECTION ( 'NONE',  ( 0.7071067811865475727, -0.7071067811865475727, 0.0000000000000000000 ) ) ;
#1620 = ORIENTED_EDGE ( 'NONE', *, *, #1080, .T. ) ;
#1621 = DIRECTION ( 'NONE',  ( 0.0000000000000000000, 0.0000000000000000000, -1.000000000000000000 ) ) ;
#1622 = EDGE_CURVE ( 'NONE', #399, #461, #1406, .T. ) ;
#1623 = DIRECTION ( 'NONE',  ( -0.7071067811865482389, 0.0000000000000000000, -0.7071067811865466846 ) ) ;
#1624 = ORIENTED_EDGE ( 'NONE', *, *, #1338, .F. ) ;
#1625 = PRESENTATION_STYLE_ASSIGNMENT (( #1325 ) ) ;
#1626 = CARTESIAN_POINT ( 'NONE',  ( 3.299999999999999822, 3.100000000000000089, 0.0000000000000000000 ) ) ;
#1627 = ORIENTED_EDGE ( 'NONE', *, *, #1129, .F. ) ;
#1628 = AXIS2_PLACEMENT_3D ( 'NONE', #1226, #420, #961 ) ;
#1629 = LINE ( 'NONE', #1639, #1009 ) ;
#1630 = ORIENTED_EDGE ( 'NONE', *, *, #592, .F. ) ;
#1631 = PRESENTATION_LAYER_ASSIGNMENT (  '', '', ( #582 ) ) ;
#1632 = VECTOR ( 'NONE', #486, 1000.000000000000000 ) ;
#1633 = VECTOR ( 'NONE', #520, 1000.000000000000000 ) ;
#1634 = VECTOR ( 'NONE', #343, 1000.000000000000000 ) ;
#1635 = ADVANCED_FACE ( 'NONE', ( #1278 ), #202, .F. ) ;
#1636 = FACE_OUTER_BOUND ( 'NONE', #406, .T. ) ;
#1637 = ORIENTED_EDGE ( 'NONE', *, *, #710, .F. ) ;
#1638 = DIRECTION ( 'NONE',  ( 0.0000000000000000000, 0.0000000000000000000, 1.000000000000000000 ) ) ;
#1639 = CARTESIAN_POINT ( 'NONE',  ( -3.299999999999999822, -1.800000000000000044, 0.1000000000000000056 ) ) ;
#1640 = ORIENTED_EDGE ( 'NONE', *, *, #796, .T. ) ;
#1641 =( NAMED_UNIT ( * ) PLANE_ANGLE_UNIT ( ) SI_UNIT ( $, .RADIAN. ) );
#1642 = EDGE_CURVE ( 'NONE', #5, #1302, #17, .T. ) ;
#1643 = CARTESIAN_POINT ( 'NONE',  ( 1.800000000000000044, 1.500000000000000000, 0.1000000000000000056 ) ) ;
#1644 = CARTESIAN_POINT ( 'NONE',  ( -3.299999999999999822, 1.600000000000000089, 0.0000000000000000000 ) ) ;
#1645 = ORIENTED_EDGE ( 'NONE', *, *, #1732, .T. ) ;
#1646 = LINE ( 'NONE', #590, #1073 ) ;
#1647 = ORIENTED_EDGE ( 'NONE', *, *, #892, .T. ) ;
#1648 = ORIENTED_EDGE ( 'NONE', *, *, #882, .T. ) ;
#1649 = SURFACE_SIDE_STYLE ('',( #137 ) ) ;
#1650 = DIRECTION ( 'NONE',  ( 0.0000000000000000000, 0.0000000000000000000, -1.000000000000000000 ) ) ;
#1651 = EDGE_CURVE ( 'NONE', #622, #454, #974, .T. ) ;
#1652 = CARTESIAN_POINT ( 'NONE',  ( 1.699999999999999956, -1.600000000000000089, 0.1000000000000000056 ) ) ;
#1653 = DIRECTION ( 'NONE',  ( 0.0000000000000000000, 0.0000000000000000000, 1.000000000000000000 ) ) ;
#1654 = EDGE_CURVE ( 'NONE', #1729, #458, #1144, .T. ) ;
#1655 = LINE ( 'NONE', #1252, #186 ) ;
#1656 = VERTEX_POINT ( 'NONE', #1515 ) ;
#1657 = VECTOR ( 'NONE', #1540, 1000.000000000000000 ) ;
#1658 = ORIENTED_EDGE ( 'NONE', *, *, #1247, .T. ) ;
#1659 = VECTOR ( 'NONE', #852, 1000.000000000000000 ) ;
#1660 = CIRCLE ( 'NONE', #1016, 0.5000000000000000000 ) ;
#1661 = AXIS2_PLACEMENT_3D ( 'NONE', #1718, #1551, #355 ) ;
#1662 = CARTESIAN_POINT ( 'NONE',  ( -1.800000000000000044, 1.500000000000000000, 0.0000000000000000000 ) ) ;
#1663 = DIRECTION ( 'NONE',  ( 0.0000000000000000000, 0.0000000000000000000, 1.000000000000000000 ) ) ;
#1664 = LINE ( 'NONE', #1394, #1153 ) ;
#1665 = CARTESIAN_POINT ( 'NONE',  ( 3.299999999999999822, 3.100000000000000089, 0.0000000000000000000 ) ) ;
#1666 = ORIENTED_EDGE ( 'NONE', *, *, #926, .F. ) ;
#1667 = ADVANCED_FACE ( 'NONE', ( #1544 ), #1131, .T. ) ;
#1668 = ORIENTED_EDGE ( 'NONE', *, *, #1606, .F. ) ;
#1669 =( NAMED_UNIT ( * ) SI_UNIT ( $, .STERADIAN. ) SOLID_ANGLE_UNIT ( ) );
#1670 = LINE ( 'NONE', #1108, #1268 ) ;
#1671 = FACE_OUTER_BOUND ( 'NONE', #1139, .T. ) ;
#1672 = ORIENTED_EDGE ( 'NONE', *, *, #347, .T. ) ;
#1673 = LINE ( 'NONE', #871, #155 ) ;
#1674 = DIRECTION ( 'NONE',  ( 0.0000000000000000000, 0.0000000000000000000, -1.000000000000000000 ) ) ;
#1675 = EDGE_LOOP ( 'NONE', ( #1272, #546, #801, #1329 ) ) ;
#1676 = ADVANCED_FACE ( 'NONE', ( #1379 ), #1395, .T. ) ;
#1677 = EDGE_LOOP ( 'NONE', ( #792, #64, #235, #824 ) ) ;
#1678 = DIRECTION ( 'NONE',  ( 1.000000000000000000, 0.0000000000000000000, 0.0000000000000000000 ) ) ;
#1679 = PLANE ( 'NONE',  #1693 ) ;
#1680 = LINE ( 'NONE', #1008, #1017 ) ;
#1681 = CARTESIAN_POINT ( 'NONE',  ( 3.299999999999999822, 3.600000000000000089, 0.0000000000000000000 ) ) ;
#1682 = DIRECTION ( 'NONE',  ( 0.0000000000000000000, 1.000000000000000000, 0.0000000000000000000 ) ) ;
#1683 = LINE ( 'NONE', #174, #248 ) ;
#1684 = ORIENTED_EDGE ( 'NONE', *, *, #701, .F. ) ;
#1685 = ORIENTED_EDGE ( 'NONE', *, *, #793, .T. ) ;
#1686 = AXIS2_PLACEMENT_3D ( 'NONE', #797, #1340, #661 ) ;
#1687 = AXIS2_PLACEMENT_3D ( 'NONE', #589, #1512, #1682 ) ;
#1688 = CARTESIAN_POINT ( 'NONE',  ( 3.100000000000000089, 1.500000000000000000, 0.2000000000000000111 ) ) ;
#1690 = EDGE_CURVE ( 'NONE', #416, #1056, #1655, .T. ) ;
#1689 = CARTESIAN_POINT ( 'NONE',  ( -3.299999999999999822, 1.500000000000000000, 0.1000000000000000056 ) ) ;
#1691 = COLOUR_RGB ( '',0.9843137254901960231, 0.9803921568627450567, 0.9607843137254902244 ) ;
#1692 = FACE_OUTER_BOUND ( 'NONE', #1222, .T. ) ;
#1693 = AXIS2_PLACEMENT_3D ( 'NONE', #1548, #1429, #78 ) ;
#1694 = CARTESIAN_POINT ( 'NONE',  ( -2.850000000000000089, -1.500000000000000000, 0.1000000000000000056 ) ) ;
#1695 = DIRECTION ( 'NONE',  ( 0.0000000000000000000, 1.000000000000000000, 0.0000000000000000000 ) ) ;
#1696 = ORIENTED_EDGE ( 'NONE', *, *, #1117, .F. ) ;
#1697 = ORIENTED_EDGE ( 'NONE', *, *, #214, .F. ) ;
#1698 = FACE_OUTER_BOUND ( 'NONE', #104, .T. ) ;
#1699 = CARTESIAN_POINT ( 'NONE',  ( 1.699999999999999956, 1.600000000000000089, 0.0000000000000000000 ) ) ;
#1700 = EDGE_CURVE ( 'NONE', #1456, #940, #1683, .T. ) ;
#1701 = DIRECTION ( 'NONE',  ( -1.000000000000000000, 0.0000000000000000000, 0.0000000000000000000 ) ) ;
#1702 = DIRECTION ( 'NONE',  ( -0.7071067811865482389, 0.0000000000000000000, -0.7071067811865466846 ) ) ;
#1703 = DIRECTION ( 'NONE',  ( -1.000000000000000000, 0.0000000000000000000, 0.0000000000000000000 ) ) ;
#1704 = CARTESIAN_POINT ( 'NONE',  ( 1.800000000000000044, -1.500000000000000000, 0.1000000000000000056 ) ) ;
#1705 = VERTEX_POINT ( 'NONE', #580 ) ;
#1706 = ORIENTED_EDGE ( 'NONE', *, *, #313, .F. ) ;
#1707 = CARTESIAN_POINT ( 'NONE',  ( 3.170710678118654702, 1.500000000000000000, 0.1292893218813452871 ) ) ;
#1708 = CARTESIAN_POINT ( 'NONE',  ( 2.850000000000000089, -1.500000000000000000, 0.1000000000000000056 ) ) ;
#1709 = FACE_OUTER_BOUND ( 'NONE', #1382, .T. ) ;
#1710 = FACE_OUTER_BOUND ( 'NONE', #912, .T. ) ;
#1711 = LINE ( 'NONE', #223, #18 ) ;
#1712 = ORIENTED_EDGE ( 'NONE', *, *, #419, .F. ) ;
#1713 = EDGE_CURVE ( 'NONE', #370, #296, #180, .T. ) ;
#1714 = ORIENTED_EDGE ( 'NONE', *, *, #512, .T. ) ;
#1715 = CARTESIAN_POINT ( 'NONE',  ( 4.799999999999999822, -1.500000000000000000, 0.1000000000000000056 ) ) ;
#1716 = CARTESIAN_POINT ( 'NONE',  ( 3.100000000000000089, -1.500000000000000000, 0.2000000000000000111 ) ) ;
#1717 =( GEOMETRIC_REPRESENTATION_CONTEXT ( 3 ) GLOBAL_UNCERTAINTY_ASSIGNED_CONTEXT ( ( #1752 ) ) GLOBAL_UNIT_ASSIGNED_CONTEXT ( ( #108, #1204, #257 ) ) REPRESENTATION_CONTEXT ( 'NONE', 'WORKASPACE' ) );
#1718 = CARTESIAN_POINT ( 'NONE',  ( -3.100000000000000089, 1.500000000000000000, 0.2000000000000000111 ) ) ;
#1719 = AXIS2_PLACEMENT_3D ( 'NONE', #1688, #217, #227 ) ;
#1720 = DIRECTION ( 'NONE',  ( 0.7071067811865475727, 0.7071067811865475727, 0.0000000000000000000 ) ) ;
#1721 = CIRCLE ( 'NONE', #902, 0.5000000000000000000 ) ;
#1722 = AXIS2_PLACEMENT_3D ( 'NONE', #97, #1283, #364 ) ;
#1723 = ORIENTED_EDGE ( 'NONE', *, *, #1441, .T. ) ;
#1724 = VECTOR ( 'NONE', #888, 1000.000000000000000 ) ;
#1725 = ADVANCED_FACE ( 'NONE', ( #1536 ), #995, .T. ) ;
#1726 = ORIENTED_EDGE ( 'NONE', *, *, #941, .F. ) ;
#1727 = CARTESIAN_POINT ( 'NONE',  ( 3.200000000000000178, -1.500000000000000000, 0.2000000000000000111 ) ) ;
#1728 = CARTESIAN_POINT ( 'NONE',  ( -3.100000000000000089, 1.500000000000000000, 0.1000000000000000056 ) ) ;
#1729 = VERTEX_POINT ( 'NONE', #1025 ) ;
#1730 = ORIENTED_EDGE ( 'NONE', *, *, #1514, .F. ) ;
#1731 = EDGE_CURVE ( 'NONE', #903, #5, #233, .T. ) ;
#1732 = EDGE_CURVE ( 'NONE', #399, #656, #1034, .T. ) ;
#1733 = DIRECTION ( 'NONE',  ( 1.000000000000000000, 0.0000000000000000000, 0.0000000000000000000 ) ) ;
#1734 = CARTESIAN_POINT ( 'NONE',  ( -3.200000000000000178, 0.7500000000000000000, 0.1000000000000000056 ) ) ;
#1735 = VERTEX_POINT ( 'NONE', #1704 ) ;
#1736 = VERTEX_POINT ( 'NONE', #927 ) ;
#1737 = DIRECTION ( 'NONE',  ( -0.7071067811865481278, 0.0000000000000000000, -0.7071067811865467956 ) ) ;
#1738 = EDGE_CURVE ( 'NONE', #726, #1456, #911, .T. ) ;
#1739 = CARTESIAN_POINT ( 'NONE',  ( 3.100000000000000089, 0.7500000000000000000, 0.2000000000000000111 ) ) ;
#1740 = VECTOR ( 'NONE', #1678, 1000.000000000000000 ) ;
#1741 = VECTOR ( 'NONE', #376, 1000.000000000000000 ) ;
#1742 = EDGE_LOOP ( 'NONE', ( #1200, #893, #700, #885, #1082, #900, #191, #877 ) ) ;
#1743 = DIRECTION ( 'NONE',  ( -0.7071067811865475727, -0.7071067811865475727, 0.0000000000000000000 ) ) ;
#1744 = AXIS2_PLACEMENT_3D ( 'NONE', #513, #1507, #699 ) ;
#1745 = VERTEX_POINT ( 'NONE', #1437 ) ;
#1746 = VECTOR ( 'NONE', #1172, 1000.000000000000000 ) ;
#1747 = ORIENTED_EDGE ( 'NONE', *, *, #1576, .F. ) ;
#1748 = DIRECTION ( 'NONE',  ( -0.7071067811865475727, 0.7071067811865475727, 0.0000000000000000000 ) ) ;
#1749 = EDGE_CURVE ( 'NONE', #1656, #399, #670, .T. ) ;
#1750 = EDGE_LOOP ( 'NONE', ( #1001, #1342, #563, #944, #1492, #665, #1207, #848, #211, #1666 ) ) ;
#1751 = PLANE ( 'NONE',  #1433 ) ;
#1752 = UNCERTAINTY_MEASURE_WITH_UNIT (LENGTH_MEASURE( 1.000000000000000082E-05 ), #108, 'distance_accuracy_value', 'NONE');
ENDSEC;
END-ISO-10303-21;
